:0E200000EC35220000000000E9025340001001
:02200E000000D0
:2020100002010000000101005B0451020000000000020101000000000003000102000000EF
:20203000000000002C010A002CD102002CB104002C41060000000000000000000000000006
:2020500064D0020064C0030064B00400644006000000000000000000000000000000000051
:20207000000000003C0100000000000000060000011052656E657361732054657374204605
:2020900057000000000000001C001C00A700750130021F03CD07D108AC09EC0A03001400C1
:2020B0001E00280050005A0064007800CD3993379D37A737F5398F37AF376338E638F33804
:2020D000FD3807390C398E39BF39C539DB39E039E539F239EA3900000000000000000000E0
:2020F000000000000000000000000000010204081020408021370000000000000000000079
:202110000000000000000000000000000000000000000000000000000000000000000000AF
:20213000000000000000000000000000000000000000000028370000000000000000000030
:2021500000000000000000000000000000000000000000000000000000000000000000006F
:202170000000000000000000000000000000000000000000320011011900FA003C000100BB
:2021900088134303B301F4013B01BC02FB046419AD022C01110158022D6E1919966E016EA7
:2021B000161B10FA6464FA28C8FA0F28320A051EFA00FA00FA00FA000A0072010A0014000F
:2021D0004A7D1ED414474E4033AC29CCB8653D9B0000066B335D4560A35ED05EA15FE65F6A
:2021F000366053600A612F61FC5D435E855DE65D0000000000000000000000000000EC6F11
:20221000A171367053709970637039715B717071AC70EA700B712671000000000000000077
:052230000000000000A9
:20223500CBF820FE30A0FDFCC12300FCBA23003658F93086FBEF04CC0000A747DFF936200F
:20225500FE30E0FEEF04CC0000A747DFF94100320000EF08B31149A6AE4858F9F643DFF468
:202275004100320000EF08B31149A6AE4820FEF643DFF4FC892800ECF00000F6EFFEFD990A
:2022950023C1E1FC3F3D00C0ED9223FD9923C15102FC3F3D00C0ED9223FD9923C15103FC19
:2022B5003F3D00C0ED9223FD9923C15104FC3F3D00C0ED9223FD9923C15105FC3F3D00C07A
:2022D500ED9223FD9923C15106FC3F3D00C0ED9223FD9923C15107FC3F3D00C0ED9223FDF3
:2022F5009923C15108FC3F3D00C0ED9223FD9923C1510BFC3F3D00C0ED9223FD9923C1519E
:202315000CFC3F3D00C0EF75FD9923C1510DFC3F3D00C0EF68FD9923C1510EFC3F3D00C088
:20233500EF5BFD9923C1510FFC3F3D00C0EF4EFD9923C15110FC3F3D00C0EF41FD9923C132
:202355005111FC3F3D00C0EF34FD9923C15112FC3F3D00C0EF27FD9923C15113FC3F3D002A
:20237500C0EF1AFD9923C15114FC3F3D00C0EF0DFD9923C15115FC3F3D00C0EF009EFC606B
:0C2395009EFD61FC61FF8EFD708EFCD788
:1023A10033053503164361F8D7B5B7899B17EFF5A8
:2023B100CFF00031CFFC009CD7717BFAFEF1FFD716C80300AEF82761D339315E12F643DD61
:2023D10027BBBC02BC04BC06BC08BC0ABC0CBC0EBC10BC12BC14BC16BC18BC1ABC1CBC1E16
:2023F1003704200037B3EFD6AEF847DD06F6BBA7A7EFF5D7F558F9F559F9F6BF5CF9BF6082
:20241100F9BF5EF9F562F9F55AF9F55BF934FC0089719A99F6BF0805340000F75110FC27ED
:202431003D00715BE7D7FC423B00D1DD07AF0405318DDE15D5BCF9DF10D55BF9DF0BFC3372
:202451003B00D161E8CFBCF9FF8F58F991D1DD1291D1DD224C05DF798F59F9D1DF4B510E1D
:20247100EF4F8F59F9D1DF045106EF4591DF045102EF3EE1EF3BAF5CF9440000DD53125113
:2024910007FCEF45004C02DF485107FCDF450030FFFF025CF9BF5CF96168DF2FF6BF0005DD
:2024B100CF5AF908CF58F918D791DF04510AEF01F1CF58F902318E1230FFFF025EF9318DEA
:2024D10003BF0005AF5CF96168DD065107FCCF4500D7D558F961F8BF0C05D7C5C3C7C17788
:2024F100AF0805B8028F58F973D1DD08634C0661E8EEA800625080D6128800318E1467FBE1
:20251100F8FFF0616B08616A616C08616DBF1005A80CBF5EF9A8066168DD04530FEF01F346
:20253100A806BF60F9639F62F988059F59F98B318E311EDC2CE6025EF9311EB804301405B5
:20255100F7EF10130161090614A914AB35B9AB040200A3BB13614904DCE9510032EE25EF6C
:20257100055100325326318E145110FC273D004059F901880270DF0971BA9802606C09EFB7
:2025910002718A9802A802BF0805D558F9DF03E1EF0251079F58F9A80EBF5CF91008D78FB3
:2025B10058F94C18DD044C06DF04F6BF0005F558F9D7717BFA300F00BF0405F6BF08053485
:2025D1000000F75110FC273D008F58F9318E31FDDE04F6BF0005F558F9717AFAD7C7AF044D
:2025F10005B800AEF816319503F1EF07AEF81631A3F7E1D1880070DF168800311A5C0273D7
:2026110060719C6371A99F5AF9CF58F918EF13313506CF58F906EF0AAEF816318522CF584D
:20263100F9085107FCDF4500300F00BF0405F6BF0805340000F75110FC273D00FC794200A4
:20265100C0D7C7AF0405B800AEF816319503F1EF07AEF81631A3F7E1D1880070DF16880081
:20267100311A5C027360719C6371A99F5AF9CF58F918EF13313506CF58F906EF0AAEF816D0
:20269100318538CF58F9085107FCDF45004058F918DD10E6025EF9311E14DB60F9301405E6
:2026B100FE1A00300F00BF0405F6BF0805340000F75110FC273D00FC794200C0D7C1C7C3A3
:2026D100F6EF1AA80416AB12C6C713BBA804040200B804A800040200B800A802A1B80245F2
:2026F100DCE11006D7713AEE713AEA3492013000C0B9AA26085CFD08BA26AA28085CFD082D
:20271100BA28AA24086CF008BA24D7714AEE714AEA349401300080B9AA24085CFB08BA2444
:20273100AA26085CFB08BA26AA226C02BA22D7715AEE715AEA3496013000C0B9AA22085C72
:20275100F708BA22AA24085CF708BA24AA206C10BA20D77140F300D7C1712BE3CB90000071
:20277100712BE75115FC273D00A80012314D23B16C805C8FBE90C0D7712AE7340000F75139
:2027910015FC273D00712BE3CB900000D7CEABACD7C1510BFC273D00A800FEAF00BD1A71EC
:2027B1003BE2713BE634B201A9086C0208B9C0D7C1510CFC273D0034B601A9085C0F08B9B5
:2027D100A80044D107DC06A9086CF0EF0D441500A908DC046CA0EF026C4008B9A800FE6BD4
:2027F10000BE64714BE2714BE634B201A9086C0408B9C0D7AFB00160311A5C01D7C1510DA8
:20281100FC273D00A800FE4300BE66715BE2715BE634B201A9086C0808B9C0D734B401A9E4
:20283100086C0208B9713BE2713AE6D734B401A9086C0408B9714BE2714AE6D734B401A9E7
:20285100086C0808B9715BE2715AE6D744D107DC1232DC0234E803CEFB01360000CEFB0BE7
:2028710000B1D7441500DC0832EA00340A00EFE732DC05CEFB02B1D7C7FC582900FCCB3EA3
:2028910000EE9B00AF7AFB6168DF26AF7CFB6168DF1FAF9CF96168DF18AF9EF9085CF00819
:2028B1006168DF0D51F05FA1F9D1DD05D5BCF9DD06FCCD2F00EF5CFC3132009800FCA133EE
:2028D10000738801708800615063615891D1DD270CFED1DD264C04DF3AFC033F00FC843F7C
:2028F10000125100318E1413329E27FC69270061FDFCD63E00EF1861EDEF18FC843F001260
:202911005100318E1413329E27FC69270061EDFC892700FCAC2900FC813A00FC372400FC17
:20293100483E009801FC6E2E009800FCFB2E00738801708800615063615898018F7BFB3182
:202951007303EE3FFFC0D730013CFC8C4200300300C1340400F73060EAFC7A4300C03405A7
:2029710000F73060EAFCC24300320300300302FCF043005400F7F6FCA34400F1FC5746008D
:202991003064F9BF82FB3080F9BF7EFB300001FC7A3D00FC422F00717AFAD78FBAF9318E6E
:2029B100311EDC0E510F5FA1F9D1DD079161F8FE9C00D7FE1400D7F6BF9CF9BF9EF9BFA07C
:2029D100F9510F5FA1F99FA1F9D78FBEF973318E311EDE0A63718B9FBEF9F5A0F9D78FA08C
:2029F100F94C02DC350CFED1DD3991D1DD3F91D1DD4591D1DD4E91DF2063718B9FBEF97138
:202A1100389FF9E16FA1F95CF19FA1F9F5A0F951106FA1F95C1F9FA1F9D7E5AAF9CFA0F9F2
:202A310002EF1CCFAAF902CFA0F903EF12CFAAF903CFA0F904EF08CFAAF904CFA0F905716C
:202A510000BAF9D7CFAAF905CFA0F906EFF18F9CF97031051DAF9CF9440100DF04FE5F0066
:202A7100D7E16FA1F95CF19FA1F9E6F5A0F9BF9CF9D7311504FE9000D7312504FE4301D73D
:202A910031351AAF9CF9440800DF04FE9E01D7E16FA1F95CF19FA1F9300800EFCE315504CF
:202AB100FEEF01D7316504FE6B02D78F9DF9310506718B9F9DF9D760317503FE2503D78F66
:202AD100BEF973318E311EDE1363718B9FBEF971309FF971089CF9F5A1F9EF1C8FA0F9D12D
:202AF100DD1A4C0ADF1571089CF971389FF951106FA1F95C1F9FA1F9F5A0F9D7E5AAF9CF5B
:202B1100A0F90A7100BAF9D78FBEF973318E311EDE1363718B9FBEF971309FF971189CF942
:202B3100F5A1F9EF3C8FA0F9D1DD3A0CECD1DD3F91D1DD4591D1DD4B91D1DD5191D1DD57A1
:202B510091D1DD5D91D1DD6391D1DD6C91DF1571189CF971389FF951206FA1F95C2F9FA152
:202B7100F9F5A0F9D7CFAAF902CFA0F914EF44CFAAF903CFA0F915EF3ACFAAF904CFA0F9CA
:202B910016EF30CFAAF905CFA0F917EF26CFAAF907CFA0F918EF1CCFAAF908CFA0F919EFF6
:202BB10012CFAAF909CFA0F91AEF08CFAAF90ACFA0F91B7100BAF9D7CFAAF911CFA0F91CFD
:202BD100EFF18FBEF973318E311EDE1363718B9FBEF971309FF971289CF9F5A1F9EF1E8F05
:202BF100A0F9D1DD1C0CE2D1DD2191D1DD2791D1DD3091DF0B71289CF971389FF9F5A0F957
:202C1100D7CFAAF907CFA0F91EEF12CFAAF908CFA0F91FEF08CFAAF909CFA0F9207100BAA6
:202C3100F9D7CFAAF90ACFA0F921EFF18FBEF973318E311EDE1563718B9FBEF971309FF926
:202C510071389CF9F5A1F9F5A0F9D78FA0F9D1DD1E0CD8D1DD3391DF1571389CF971389F6D
:202C7100F9F5A0F951106FA1F95C1F9FA1F9D7FC8042006168DF045105EF0251149FAAF96F
:202C9100CFA0F9287100BAF9D7E5AAF9CFA0F929EFF28FBEF973318E311EDE1563718B9FE6
:202CB100BEF971309FF971589CF9F5A1F9F5A0F9D78FA0F9D1DD2A0CCED1DD2E91D1DD3498
:202CD10091D1DD3A91D1DD4391DF1571589CF971389FF9F5A0F951106FA1F95C1F9FA1F918
:202CF100D7E5AAF9CFA0F932EF1CCFAAF902CFA0F933EF12CFAAF903CFA0F934EF08CFAA2E
:202D1100F904CFA0F9357100BAF9D7CFAAF914CFA0F936EFF18FBEF973318E311EDE1563EC
:202D3100718B9FBEF971309FF971689CF9F5A1F9F5A0F9D78FA0F9D1DD2E0CD9D1DD33913A
:202D5100D1DD3991D1DD3F91D1DD4591D1DD4E91DF1571689CF971389FF9F5A0F951306F3A
:202D7100A1F95C3F9FA1F9D7CFAAF915CFA0F927EF26CFAAF90BCFA0F928EF1CCFAAF90C3C
:202D9100CFA0F929EF12CFAAF90DCFA0F92AEF08CFAAF90ECFA0F92B7100BAF9D7CFAAF908
:202DB10010CFA0F92CEFF18FBEF973318E311EDE1363718B9FBEF971309FF971089DF9F5D4
:202DD100A1F9EF0E8FA0F9D1DD0C4C32DF0771089DF9F5A0F9D7CFAAF90FCFA0F932710005
:202DF100BAF9D7C78FBEF973318E311EDE1363718B9FBEF971309FF971789CF9F5A1F9EFCF
:202E11003E8FA0F9D1DD3D0CC4D1DD4691DF33FC7C3F00B800880031051DAEF81631951706
:202E310051FD5F9EF973AFA2F9F05C604400406361F8719A9F9EF971789CF971389FF9F59F
:202E5100A0F9C0D7CFAAF913CFA0F93C7100BAF9EFF0CFAAF912CFA0F93DEFF0D78FAEF9F0
:202E7100310505712308EF1731150E712308F5AFF95109FCCF4500EF0C3125097122085127
:202E910009FCDF4500F5AEF9320A005109FCEF45004C02DF238FAFF9819FAFF9318E443212
:202EB10000DC0F8D0871AC8D0871A97C049D08F5AFF95109FCCF4500320A005109FCEF45C3
:202ED10000D1E161F85107D7FCF626005100318E14321E2F5107FC273D00711208711A28F6
:202EF100710BE5F5B0F9F5B1F9D740B0F9018FB1F9DF08D1DF0BF5B0F9EF06D161E8E5B045
:202F1100F9FC052800D1510361F85107D7FC7942005100318E1432322F30E803FCA2270083
:202F3100D731140803F1EF01E19FB1F9FC2D2800D7716301716B21717301717B217100559C
:202F510000710205710B2571105500711205711B25711307711B27713307713B27710058B3
:202F710000710208710B2871205800712208712B283653008CA9719A9CA9718271020371F1
:202F91000B237192711203711B2371A2712203712B23F6BFB2F9F5B4F9F5B5F9F5B6F9FC0D
:202FB100402700FC642700FCC82900FC3D3A00FC052400FC6D2E00FCD92E00D72006FC7C7E
:202FD1003F00B8008F7CFB310574AEF816318511711307FCDF360071087CFBF5B5F9EE1B7E
:202FF10001D5B5F9DF22F5B4F97120AEF95108FCDF4500367AFB31933E5108FCCF45007161
:203011001207E5B5F9EEF4005103FC773B00317503EEE8007C80442083DC10328A025108AA
:20303100FCEF45004C0261E8EED1005108FCDF4500F5B5F971130771087CFBEEBE00311570
:2030510004719BEF1331250471ABEF0C31350471BBEF0531450871CB9F7CFBEE9E00315570
:203071000471DBEFF331655851C05F85FB4C40DF49EB82FBA9B802EB82FBAA02B804AEF83A
:203091000403001631F52688025C1F4C06DF2BA804443412DF24EB82FBAA0431ED31EE6168
:2030B10068DF05712308EF12712208EF0DAEF81631E507300010FCC43F0071687CFBEF3CEC
:2030D1008F7DFB73313518AEF8163195056371BBEF27AF9CF96168DF2371609CF9EFEE3138
:2030F100250471ABEF1331450471CBEF0C31550471DBEF0531650571EB9F7DFB8F7AFB7378
:2031110031750D71630171730171787AFBEE0D01316515AEF81631B505716201EF037172DC
:203131000171687AFBEEF500311551D5B5F9DF0A71009CF9E5B5F9EEE3008F9FF93135074B
:2031510071BB9F9FF9EF145103FC773B0012317503EEC9007C80442183DE0D7113077118A1
:203171007AFBF5B5F9EEB500137C80447D9561C8EEAA00713307711207EEA10031451CAE59
:20319100F816318508FC804200616861F871330771309CF971487AFBEE8200310514AF9C5E
:2031B100F96168DF7871320771109CF971087AFBEF6B312513AF9CF96168DF6171209CF901
:2031D1006371AB9F7AFBEF55313514AF9CF96168DF4B71320771509CF971387AFBEF3E31DA
:2031F1005510AF9CF96168DF3471609CF96371DBEFD18F7BFB310507718B9F7BFBEF1E36CE
:203211009FF931B50D300062FCC43F0071389FF9EF0BAF9EF96168DD04F6BF9EF91006D71D
:20323100200AFC7C3F00B808E1FC773B00B8025104FC773B00B8008808311303F1EF35FCF0
:203251004B4600D1DFF6AEF80409001631F5EDFC804200325500CEFB01360000346400CE9F
:20327100FB0B0014A80031FF43A80061F845DECCF5B4F9E19807AEF804080016318303F186
:20329100EF1DAEF8040800163193F4A80031FF440000A80061F844D959DCE4F5B4F9E19823
:2032B10006A8020161D373A80244ED0ADC0530EC0AEF0B44A700DC05510673EF5AF6BFB279
:2032D100F9EF57318F01B800049C2016A80261490061D34163318F0104AC2014A9B8041504
:2032F10004020016A800049C20B80014A914ABFBF8FF61290412A80225CEFB01B802AB0471
:20331100020016AB2514A802360000CEFB0B0012A80403EFA993633175A9AFB2F94451005F
:20333100DC0BF5B4F9E19801C80003EF10443D00F19801DE05E19800EF03C80002AEF804E2
:203351000800163183088801D161F8FEA8038FB2F9748800738806728801708807FCA34412
:2033710000AEF804080016319509AEF80409001631F31A8806318E12F623148801318E12B8
:203391008807318E0345DF055107100AD7F1EFFA2016FC7C3F00B8008FB4F9D1DF61AEF8E7
:2033B100A11631F303EE0703E1FCFE45008800EB7EFB3165053001A0EF03300180B9AEF8AC
:2033D1001631E30CAEF816319529AEF81631A523EB7EFB3000FFBA02AF80FB086C045C04F5
:2033F100085CFEBF80FB30002FFCC43F00E5B4F9EEBC02CFB4F90FF1FCFE4500EEB0024CDD
:2034110001DF18FC4742004C0861F8EEA1025108FCCF4500CFB4F902EE94024C02DF67EBF6
:2034310082FBA9B802EB82FBAA02B80488025C1F9161E8EE5701A8044400FF61E8EE4D0132
:2034510088025CC04C4061E8EE42015108FCDF45008800EB7EFB3165053002A0EF033002B9
:2034710080B9EB7EFB3000FFBA02AF80FB086C045C04085CFEBF80FB30002FFCC43F00CFE8
:20349100B4F903EE29024C03DF18FC4742004C0861F8EE1A025108FCCF4500CFB4F904EEF9
:2034B1000D024C04DF68EB82FBA9B812EB82FBAA02B81488125C1F4C0261E8EECF00A81475
:2034D1004400FF61E8EEC50088125CC04C4061E8EEBA005108FCDF45008800EB7EFB31656E
:2034F100053003A0EF03300380B9EB7EFB303412BA02AF80FB086C045C04085CFEBF80FB51
:2035110030002FFCC43F00CFB4F905EEA1014C05DF18FC4742004C0861F8EE9201CFB4F9B4
:20353100065108FCCF4500EE85014C06DF72EB82FBA9B80EEB82FBAA02B810880E5C1F4CE4
:2035510003DF4AA810443412DF43880E5CC04C40DF3B5108FCDF45008800EB7EFB31650572
:203571003004A0EF03300480B9EB7EFB303412BA02AF80FB086C045C04085CFEBF80FB30A3
:20359100002FFCC43F00CFB4F907EE2201321B005108FCEF45004C0261F8EEE700EE0F0108
:2035B1004C07DF18FC4742004C0861F8EE00015108FCCF4500CFB4F908EEF3004C08DF3658
:2035D100EB82FBA9B80AEB82FBAA02B80C880A5C1F4C04DF1CA80C443412DF15880A5CC0F7
:2035F1004C40DF0D5108FCCF4500CFB4F909EEBE00322D00EF9A4C09DF4A3260EA5108FC71
:20361100EF45004C0261E8EEA5005108FCDF45008800EB7EFB3165053005A0EF03300580BF
:20363100B9EB7EFB303412BA02AF80FB086C045C04085CFEBF80FB30002FFCC43F00CFB4AB
:20365100F90AEF6B4C0ADF14FC4742004C08DD5F5108FCCF4500CFB4F90BEF534C0BDF4FE7
:20367100EB82FBA9B806EB82FBAA02B80888065C1F4C05DF17A808443412DF1088065CC073
:203691004C40DF085108FCDF4500EF1A322D005108FCEF45004C02DF165108FCDF45003050
:2036B1000060FCC43F00F1FCFE4500CFB4F90F8FB4F9704C0FDD03F3EF01E3D0DD03F0EFA3
:2036D10001E0636160D0F161E851071016D75100318E14321737510DFC273D00CB66B32D02
:2036F10034B201AA046C10BA04715BE2715BE6A9086C0808B9D734B401A9086C0808B9718D
:203711005BE2715AE6D7E1FC443B00FC794200D7F5B8F9F5B9F9D78FB8F90C7FD1DD0891B3
:20373100D1DD084C7EDF16FE1400D78F58F94C06DD084C08DD044C1861F8FED302D7D5583A
:20375100F9DD05CFB8F981D7F55AF97108BEF9309002FCE32400FE0500CFB8F982D7200A62
:20377100F6B8088FAAF99175318E12654C15DE0E131249E620311C9EFC79BC2061CBF3EE0A
:203791006902300068B808533DEE5F02300080B808534CEE5502F6B808534EEE4D02FC8012
:2037B1004200326500CEFB01B80013B804A800360000346400CEFB0B00B80213B806A8024F
:2037D100360000340C00CEFB0B001507A80412A80036000034B004CEFB0B00320C00CEFB13
:2037F10002B804A802DF08DC0614A80612EF0A040C0014A8061261D8A315360000340C006F
:20381100CEFB0B00FBF8FF320C00CEFB0212A8023323BBF661D8B1612906141361290416C0
:20383100A8061261D8B14517FBF8FF61F861490061D30AA802040C00B80261D8A3A802360E
:203851000000340C00CEFB0B00313DB8085349EE9901FC844200B800FC4B460075A800329B
:203871000A00CEFB02B80265D1F7DF14A802327800CEFB01360000346400CEFB0B00B8020E
:20389100A8025C036168A80214DF04C3C6EF0C040004B8001361D8A116A800F05CFC25B890
:2038B100001761D8B12316655C0375F647FBF8FF1561F861490061D30AA802040004B80293
:2038D10061D8A331DCA802313E03085C8008B808534AEE1601300013B808BFA2F95348EE9E
:2038F1000901305C12B8085314EEFF0030482CB8085315EEF50030E803EFEAFC844200B8DE
:2039110000FC4B460075A800320A00CEFB02B80265D1F7DF14A802327800CEFB01360000B7
:20393100346400CEFB0B00B802A8025C036168A80214DF04C3C6EF0C040004B8001361D84D
:20395100A116A800F05CFC25B8001761D8B12316655C0375F647FBF8FF1561F861490061B7
:20397100D30AA802040004B80261D8A331DCA802313E03085C8008B8085347EF6EF1FC5800
:203991004500316C31AE035C03320A00CEFB02446400DE03F6EF11320A00CEFB010418FC4F
:2039B100313E5C1F085CFC08B808533FEF3D300300EEE3FDFC8442006168DF05300640EF51
:2039D10003300240B808533CEF21300648EFF5533AF1EF18534DF1EF13FC8442006168DF1E
:2039F10003F6EF03300300B8085339E1718CE6C1300200C1DE0AAEF8040C00145008EF05D6
:203A110034A2F9500963320002FCEC2400100ED74058F918DF0A7100BEF98F5AF99FBFF9E2
:203A3100FCB02500F5B8F97108BAF9D7C7F5BAF9F5BBF9F5BCF9F5BDF9F5BEF9F5BFF9F144
:203A5100EF2388005004D61604042114AA0212A90361F8DE0D17040421148A029EFCA91657
:203A710061FA8800819800318E440800DCD4C0D7C78FBBF972D1DD28F173EF1A63318E0402
:203A9100FC2016625DD1DD0C09FC207CFF5FBBF9729FBBF98363318E440800DCDFEE8000D8
:203AB100D5BCF9DD26F173EF1B63318E04FC20168FBCF9705DD1DD0A09FC207CFF61589FE1
:203AD100BCF98363318E440800DCDED5BAF9DD50F1EF448801318E04FC20168FBAF9980044
:203AF1005DD1DD3088015004D61604442114AA0212A90361F8DE0F17044421148A029EFCCA
:203B1100A91661FAEF0EC2C3FBF8FF09FC207CFF5D9FBAF98801819801318E440800DCB37A
:203B3100C0D7F612EF02A3137C80440880DCF7F1D7E1D7708F79FB735C30E1DF1B6091DFF6
:203B5100108F620031150A6371AA71BB9F79FBF1D7604C02DD035102D78F62003125F76325
:203B710071BA71ABEFE673D1DF04AF6EFBD74C03DF04AF70FBD74C04DF04AF72FBD78F79B1
:203B9100FB312A5C0370636140DF04F6B1EF124C01DF04AF74FBD74C0230FEFF61F8AF7642
:203BB100FBD7F614320600306EFBFC61AE00710BE7CE3181717AFA3630FF321600718200D4
:203BD10071F261ED61ED710AE7AD1E316E14F6163000A8CEFB0B00BF6EFB717BFAFE2E0102
:203BF10051CF5F79FB9F79FBD78F79FB7071FB739F79FB314A5C0391DD689161F8EE8F005B
:203C1100605C4070DD128E3031030A636C9071DB9F79FBEF39D0DF1FAF7AFB6168DF18366E
:203C31007CFB318312AF70FB442103DE0A8E30310505FED900EF178E30310512FE9E00BF95
:203C510072FB311E12AF70FB311E03BF70FB8F79FB705C0CDD5DFEB50051906F79FB71DB17
:203C7100EF4D605C0CDF08CE3108605C4FEF0E63312A71BA5C0B9E316371DA5C6F9F79FB8E
:203C91003630FF518071820071F26F79FBEF2063312A5C0391DF08FE3300BF74FBEF06FEAE
:203CB1002B00BF76FBFE660051906F79FB5CD3709F79FB60317503F1EF1271EC5103DC0C2A
:203CD100AF70FB44210330070361D860D7DB6EFBAD1E316ECEFB01316C31AE03D7C7AD1E47
:203CF100316E12AF6EFBCEFB01C3C4327300CEFB0116C0C315327300CEFB0212A80033031C
:203D1100121736000034003CCEFB0B00C6D73630FF71F37183D7C3774C16C5C2DE0E6750F8
:203D310004D60400F91413BA02A800B9C6D75004D6120400F914AA026168A961F8616861CC
:203D5100F8D7130400F914AA02609EFCA91661FAD7F1735004D60400F914F6BA02B98363D8
:203D71004C16DFEED7301C12D7C1FC623D00F177318E120431001413CA000004410014677C
:203D9100CA00FF81774C08DFE7CE38FFCE39FF51FC6FE4FF9EE4710AE5714AD4710A223649
:203DB100620071828801D1DD05711A22719288004C0ADD05712A2271A23630FF719371A3A4
:203DD10071B371C271D371E3710A24FE7004FCB3AC00FCD2A000FCB33B00FC039B00FC0D7C
:203DF1004700FCDC5600FC2B7800FCC646008F2A205080D6128F2520318E31FD168F292056
:203E1100318E31BDB8008F2B20318E31AD148F2620318E31ED616F08616E08FBF8FF6E01DF
:203E3100086D616C08616D616B08616A08FE23088F2420C6EE3908CFD5FE07FCFA3B00FEE9
:203E51006C08FC089B00FE6508FC96A100FE5E08FC184800FE5708FCF85600FE5008FC5F88
:203E71007800FE4908FC829C00FE4208363EFE718436D0FE7191FC254C007051B35FD0FE8D
:203E91007360718C6371A9363EFE71A471B940C6FE0261F871EA71FB40C7FE0261F871FA22
:203EB1009FD0FE8FD5FE7391DF0BAFB00160310304F5D5FEF3CEABAC63D7E53AFE343E068D
:203ED100A96C01B9D734F005A95CFBB95104FC57AD0061ED5104FC80AD00FC35AD00FCD27C
:203EF100A000363FFE718461C8CF3AFE05717040FED7FEA607DD1934A405A95CFC085CFC9F
:203F110008B9AA4C6C04BA4C13086C015CE3081213BF8605EC35AD00FE8007DD0613086C68
:203F3100010812AFC2F9F05CC0440040DF0AAFC2F9F05C026168DD0613085CFE08123486C5
:203F510005AA1E5CFC085CFC08BA1EAA6A6C04BA6A13085CE308B9EC35AD00AFF005F05C6A
:203F710004616861E8FE5DFFEEFD02C7AFD0FEB800C6D78FD5FE4C03DF15D53BFE30FA005D
:203F9100DF3051805FC9FE323C00E661E813D74C07F6DF1E36C9FE30190031F31531E30F9B
:203FB10051085FC8FE32320030110161E813D7301101D7C1C77398008FD3FE70312A5C0F57
:203FD1004C08DF031004D7605CFC98019FD3FE630C7F7088004C8C61F8EE54014C8E61F861
:203FF100EE4D014C8361F8EE4601604C0261D8EE3E0188004C2FDF094054FA1D61F8EE2FF7
:20401100014C6261F8EEBE014C60DF213649FA319303EEDD0136D1FE31E303EED40151F002
:204031005F44FA4C5061E8EE2101EEC5018F3BFE70D161F8EED50136D1FE318503EECC018A
:2040510088004C21DF1E604C2161E8EEBE01FCE39400D161E8EE9A014054FA3761F8EE91E7
:2040710001EEA8010CFD4C02DC0688004C0CDF0F36CBFE31F5094044FA1161F8EE73018890
:20409100004C22DF0F36CDFE31F5094044FA2161F8EE32014C10DF158F54FA730CB34C02BD
:2040B10061D8EE4D01634C4161F8EE450188004C04DF094054FA4D61F8EE0A014C2FDF09AD
:2040D1004054FA4D61F8EE33014C25DF174054FA4361E8EE3601AF48FE44840061F8EE11BE
:2040F10001EE28014C45DF174054FA4361E8EE1B01AF48FE44830061F8EEF600EE0D014CAB
:2041110048DF0C365DFA31B303EE0001EEED004C49DF224054FA4E61E8EEF000AF48FE444B
:20413100880061E8EEE500365DFA31B303EEDC008800EEC7004C53DF0C365DFA31C303EE53
:20415100CA00EEB7003647FA31D307CFD2FEFFEEBA004C02DF0B604C2161F8EE9400EEAB9E
:20417100000CF94C0261D8EE880088004C09DF0936C9FE31D350EE93004C0ADF0936C9FE5A
:2041910031E343EE86004C0BDF0836C9FE318336EF7A4C0DDD664C22DD354C2FDD5E4C6136
:2041B100DF0FFC254C0091DF63363EFE319343EF5B40C6FE01DD554C11DF07604C11DF1FC8
:2041D100EF304C12DF059FD2FEEF414C14DF07604C11DD1EEF364C16DF0D604C21DD13366A
:2041F100C9FE31E30DEF250CBD4C02DE098802D1DF1A8800EFD088004C46DF109FD2FE8819
:20421100017088025C036160609FD3FE8FD2FE7081DF0CF5D2FE51106FD3FE5CD3EF0C5186
:20423100C35FD3FE73D0DF096371BA9FD3FEEE93FD6371DAEFF58FD3FE312A5C0FD734FC14
:2042510000896C0399DB3C04FBA00513086C075CE708BF3C04176C915C91BFA005301E1E58
:20427100BF9C05895CFC99D7F5D5FEEC00AD00AFD8FED7AFDAFED78F44FED7C171FB318ECD
:20429100BFC8FE51F05FC9FE7088005C0F6168709FC9FE880071FC8FC8FE7271F9739FC81F
:2042B100FE6231250D63313304603135056071FAEF036071FB7370639FC9FE51305FC8FEB9
:2042D1004C306071DB70DF0371DA709FC9FE510C5FC8FE4C0CDD0B36C8FE31E3056071EB9F
:2042F100EF036071EA739FC9FEAF3E06F05C016168DD748F3BFE75D1DF0D363FFE318307A5
:20431100F6BF8005BF8E05AFC2F95C01BFC2F963313508AFC2F96C02BFC2F963311508AF3C
:20433100C2F96C08BFC2F963312508AFC2F96C04BFC2F9AFC8FE31CD12AFC2F9616B08618A
:204351006A08BFC2F9AFC2F9BF960565D1E061F8F08F3FFE310310D0DF0DAFC2F9F05CFEBD
:20437100616861E8E53AFEC6D7C5FE2003AFCAFEF05CFC03BFCAFE880631595C6070880164
:20439100718C6071F970880031295C1C7351035FCBFE616B6160609FCBFEFC168D00403B1D
:2043B100FE21DF0836D1FE318302C6D7C6ECC0AB00C5FED802AFCCFEF05CFC03BFCCFE88FF
:2043D1000031295C1C708801718C6071F97051635FCDFE7360616B9FCDFEC6ECF48900C3F1
:2043F100C7C1FBF8FF758FCFFE9804311A5C0198018FCEFE73617D5C03D1AFCEFEB802DD96
:204411000851FC5F47FA9F47FA63312A7D5C03DD08513F5F47FA9F47FA655C0370635CF044
:20443100738B31295C0C6168616B9FCEFE51E05FCFFE7062718C60718970625C1E61689F71
:20445100CFFE88059FD7FEFC9C8E00FBF8FF8FCFFE735C0270DF178801D1DF28637E04315B
:20447100332236CFFE31B503314319D0DD218801D1DD11A8027FCFFE087FCEFE08F05C05A5
:204491006168DD0B36D0FE718461D8715050FA1006D7758FD4FE313A775C03614BDD126717
:2044B100615B5C03DD0B36D0FE718461D8714050FA511F5FCFFE7765718C6771D97560318F
:2044D100797062718C6071E9616D9FCFFE3138635C187051E75FD4FE61689FD4FE649FDC5D
:2044F100FEAFCEFEF05CE0616861F8D75105FC80AD007178D1FED7C1758FD4FE7461017022
:204511006561706071BC61D8714050FA65311A5C0770645CF861689FD4FE88009FD6FE1310
:20453100BF66FAC6D71251BF5FCEFE75623105046571EA7513F05C8061686571FBDF049F20
:20455100CEFED771FAEFF8D1DF07DBC6F9AFC4F9D791DF07DBCEF9AFCCF9D7F7F6D7C7735F
:20457100604C02DE3ED3DD3B93639800624C01DF1A60318E120440FA1688004DDE25FEFCE8
:2045910000040C0014AA0212A9C6D7D1DF1560318E120442FA1688004DDE08FEDF000444B6
:2045B10000EFE1F7F6C6D7734C0260DE0F4C01DF040940FAD7D1DF040942FAD7F1D7700C24
:2045D100F94C03DC02E1D760FC57AD00F1D7700CF94C03DC02E1D760FC80AD00F1D7700C9D
:2045F100F94C03DC035103D760ECB8AD00D1DF1F3647FA31C51331D5104054FA41DF0A7119
:204611005847FA5105FC57AD00714847FAF1D73647FA31D302E1D7714047FAF1D78F47FA19
:20463100314A5C01D7D94FFA6140DD07D161E8711050FA6160609F4FFAD751C05FCBF94CCE
:20465100C0E161E8F1D75C3C36DDFE719471999FDDFED7C1FE210075A800085C800812652E
:20467100318E03BF52FAC6D7AF52FA085C8008D7718C3652FA7181D7E15F52FAD75004D62C
:204691001413321C00CEFB0204C4F905D736000034FA00CEFB0B005C0312D7348005AA0643
:2046B10012F6B9BA0EAFC2F9F05C406168D75FD5FE9FD5FED7201AAEF8040600B804341461
:2046D1000032D021FCA12300F6B802C8000088004C10DE17880073A8041661C9318E12A835
:2046F1000203B8028800819800EFE3AEF804190016A802604DDF03101AD7EFFE540032826F
:2047110000FEF70E5100318E14327942510FFC273D00E547FE8F10209FC6FE9FC7FED734F9
:20473100FC0089718A99300111BF0804714BE7AF38046C80BF3804FE3200FE200C5104EC32
:2047510080AD00343804A95C7FB9EE6C0CF6BF0804FE090CFE320C6168DD0300EFF6FE0B61
:2047710000714AE734FC0089718B99D78F10209FC6FE9FC7FEFED00EE1EF0073D3DF256085
:20479100318E12312D16340C04316CAA285C7F085CF3616E08616FBA28A9085C3F616A0836
:2047B100616BB9D760318E1231EC340C04A95C3F03B9D7D134C6FE61E834C7FE89D7C7737E
:2047D100AF3404B80063FEEAFF73A8005C7F085CCF0893DF09086C3008BF3404C6D7086C7F
:2047F10020EFF573D38FC7FEDF13614861D304609FC7FE604FC6FEDE0D9FC6FED7614861D1
:20481100D304609FC7FED7200EAF0404B804880575314503EE6E02FEA50EDF06E547FEEEED
:204831006F02AF0604F05C40616861E8EE360265310303EE5B02AF000460316503EE5102A5
:20485100AEF80404001631E503EE45024057FA0461F8EE3C02655C0EAF1004B808E761F889
:20487100F760980371DC629802E761C8F788035C1F7065311A5C07BF48FE8802318E1604F4
:2048910050FE14A80831CE605C07980699A808F05C806168629807DF2C8806D1DD1B716083
:2048B10048FE895002D61417321C00CEFB020454FE12301404FC2BAE00CF57FA0251806FC5
:2048D1004FFEEEF000717048FE341204A931FE607088005CC073606163A931AE605C1E6185
:2048F1006B73A9315E6071DC6371D99800A912317CA800319D319E03B800AEF81631831FA8
:20491100A80012317E441B00DC1513BF68FAFECD0CFEBE0CDEA3AF3004B9A5A5A7EFF28883
:2049310000755C0173DD2888005C2072DD21AF48FE424AFEDF19655C1E7051C05F68FA61AF
:204951006B616A61689F68FA51406F4FFEEF6665FE950C311E12A800317E441B00DC053078
:204971000D00EF04A1311EF11413F101046AFA12301404FC2BAE00A80014BF68FA8800FE32
:20499100660C041A001215317E4361D31D40C6FE01DF05FE8E0CDD1240C7FE01DF05FE8331
:2049B1000CDF0751206F4FFEEF0BCF57FA0251806F4FFE71DB9F4FFEAF48FE1204BFFF44D9
:2049D1000200DC1C13444F02DF06FEC201D1DF10AF48FE440302DF44AF4AFE440D02DF3CF8
:2049F1008803316A9803880291DF297140D0FEAF48FE444F02DF1DFEB101D1DD17AF80FE1B
:204A1100B80AAF82FEB80CAEF8040A001671B436D0FE71D18803708802FEC7FD8802D1DF1A
:204A31000A510A6F4FFE9F4FFEEF1D4047FE02DF17FE410AD1DF0E364FFE31A30BFE480C14
:204A5100F557FAEF03FE250C8802D1DF13FEC401FBF8FF4E07DF09F546FECF57FA06EF2B26
:204A7100300001EF29AF0C046031550ECF57FA0271704FFE300500BF48FE300040BF060466
:204A9100F6B804EF0CF546FEE557FA300051BF04048F57FA724C0161F8EEBB004C0661F855
:204AB100EEB400880473314503EEA500AEF80404001631E515D2DF126371FC510961C851E2
:204AD100049F57FA304000EE8A008F46FE734C07DF0FFEBF0B6C1008B9F557FAF546FEEFEF
:204AF100764C08DF13AF00046031630CF546FEFEA20B6C4008B9EF5F624C02DF3EAF48FED5
:204B1100440D00DF1AFECF00CF57FA02300D00BF48FEF546FECF47FE0271704FFEEF386203
:204B31004C02DF17AF48FE444F00DF0FFED408D1DD25CF57FA08F546FEEF1C93DF19FE9672
:204B510000300D00BF4AFECF47FE02CF46FE06EF06305100BF04048F57FA4C01DD094C062F
:204B7100DD05A804FEF2008FFC00718C5107DE194047FE02DF168F46FE6F57FADF0E3000A3
:204B9100205F4FFE510361E860100ED7F1EFFA2004FE5C0A8800705C1F91DF0C605CC04C2D
:204BB10040E161E8F11004D7F1EFFA2004AF74FEB800AF76FEB8024051FE05DC17880331A7
:204BD1003A5C07704C03DF031004D74C04F161E87060EFF4F1EFF1FE8307FEAC076168DDAE
:204BF1000300EFF6E1EEB107AF0C0460314308FE1D0A6C1008B9D7FE150A5CEFEFF6AF0C59
:204C11000460315308FE070A6C2008B9D7FEFF095CDFEFF651EF0F54FA4C06DE058F3EFE9D
:204C3100EF06AF0C0460314A5C01D7120476FF440200DC2213448900DD1C448800DD1744F4
:204C51004F00DD12F05C036168DF0BE15F4FFE30111061E860D75113D72004B802AF0604D3
:204C7100B8008F47FE91DD5891DD649161F8EEE7019161F8EE26030CF361F8EE4E039161B5
:204C9100F8EEF4039161E8EE3D04FE000A61E8EE3504880270310303EE2C04311A5C074C5C
:204CB10002DD044C06DF064057FA0261F871584FFE605C0E61E8FEB409CF47FE02EEAB0347
:204CD100FEFC0961F8EEFF03CF47FE02EEF803FE6E0961E8EE6A0140C6FE02DF2F363EFEDB
:204CF100318329D546FEDD24364FFE31851EAF4AFE441000DD16FC28AB00D1DF0F4057FAF8
:204D110002DD1B364FFE31D315EE35018F57FA4C02DD06364FFE31D511D546FEDD0CF546E0
:204D3100FEFE4E099F4EFEEE1701364FFE31D503EEFA008F46FE700CF04C02DE76FE85083E
:204D5100E1FE7AFAAF4AFEF05C03FE74068F4AFE705CC04C80DF0BFE5109DC19CF47FE11A6
:204D7100EF13605C1F318E148F53FEFE2C0930A8FEFC2BAE00F54EFED9C7FEE1FEFCF9FE03
:204D910012095CF108B9AF4AFEF05C03440002DF08AF0004086C05EF06AF0004086C07080F
:204DB100BF00044047FE1161F8EE9500CF47FE03EE8E00600CFC4C0361C8EE8400FE0508BD
:204DD100F1FEFAF9FEA608AF4AFE1260705CC04C80DF16364FFE31C30BFECF08DC2BCF470A
:204DF100FE11EF25FE5B07EF204C40DF15605C1F318E148F52FEFEA108308CFEFC2BAE00CD
:204E1100EF07F552FE13BF1004FE88085CF108B9D9C6FEF1FE64F9FE7A086C0108B94047A6
:204E3100FE1161E8CF47FE03F54EFEEF144C02DF0671584FFEEF0AFE4B07FE1108CF47FEF1
:204E5100138F47FE4C03DD074C1161E8EE7802AF48FEBF4CFEEE6F02FE320861E8EE6702E4
:204E7100880270310303EE5E02CF47FE025C0EDF74AF4AFE12F05C036168DF08510A6F4FAE
:204E9100FE9F4FFE4057FA02DF0BAF48FE44050061F8F557FAAF48FE440D00DF121344032C
:204EB10000DF0CCF57FA03FEDE07F546FEEF2C8F46FE4C04DD044C10DF14F546FE364FFE8D
:204ED10031A318FE6805D1DF12FEA107EF0D5104FC57AD00FEB107CF47FE0471084FFEE538
:204EF1004EFEEE860160311A5C07734C02DD044C06DF4C364FFE318546AF4AFE14F05C03DA
:204F11006168DF3BAF48FE16F05C03616861E8EE2D0117444F00DF0E15444F00DD0844109D
:204F31000061E8EE190117448800DF1315444F00DD0D448800DD0844100061E8EE0001AFBC
:204F51004CFE440D00DF0EAF4AFE440300DF06CF57FA05EF32634C02DD044C06DF1E364FE9
:204F7100FE318313AF4AFE16F05C031417444F00DD05156168DD05FEF806EF0593DD1251DC
:204F9100109F4EFEFEE60671084FFEF546FEEEDA00343404A90400016C08B9EFE24057FAAB
:204FB10002DF09FEC006FE6401EEF600FECA0661E8EE1301FEAF068F46FE4C11DD044C05BD
:204FD100DF055112EEDB005107EED600FEBE0661E8EEF300880270310303EEEA008F4FFEC3
:204FF1007371EB9F4FFECF47FE02605C0EDF248F68FAFEF305041A0012AF68FA317E436187
:20501100D30C5104FC57AD00CF47FE12EF45E54EFEEF4060311A5C074C02DD044C06DF2FF4
:2050310063310523AF4AFEF05C036168DF19AF48FE12F05C036168DF0613444F00DF08F516
:2050510057FAFE4306EF24FE28069F4EFEEF04CF4EFE104047FE02DF128F4FFE71AC718BF2
:205071009F4FFEF546FE61C8FE0206FEDA05E1FE09F7E6BF0404EF4FFEC505DF4A364FFEB0
:2050910031E32BFEF305DD06FE1405D1DD39FED5054057FA02DD08FE0505D1511061E8FE18
:2050B100D0059F4EFEF546FEFEC205EE1AFC4057FA02DF0671684FFEEF0DFEA905FEE503F1
:2050D100FE8B05CF47FE11A800BFC4FE1004D7C1AFC4FEF05C806168DF0FFE6305DD0AFEF8
:2050F1006605E1FE95F6E1C6D7FEB304D1DF1BAFC4FEF05C806168DD11FE4405DF0CD9C607
:20511100FEF1FE76F6D9C7FEEFD8F1C6D7AF4AFE1204F9FF61F8EEBA0004FFFF61F8EED112
:2051310000B144030061D8EEF70004FCFFDD7F04FCFF61F8EE280104FFFF61F8EEA101048F
:20515100FEFF61F8EEA90104FEFF61F8EE230104D5FF61F8EEBA0004FFFF61F8EEE20004DC
:20517100F3FF61F8EEED0004CCFF61F8EE160104FFFF61F8EE1E0104FEFF61F8EE260104F0
:2051910079FEDD3F04BEFF61F8EEC80004C9FF61F8EE21010479FFDD3204BEFF61F8EEB320
:2051B1000044370061F8EE23015180EE5401AF48FE44030030030061E8300500609F57FAA7
:2051D1005180D7AF48FE440302EF4CAF48FE440303EF44AF48FE44410061F8EE22014404FF
:2051F1000061F8EE1A01441000DFBEFE4A0461E860D7AF48FE44440061F8EE03014404006F
:2052110061F8EEFB00441000DF9FFE2B0461E860D7AF48FE44420030030061E83010006025
:20523100D7FE090461D8EED70013440C0061F8EECE0044100061E8EE6FFFFEFB0361E86067
:20525100D7FEE90361D8EEB70013440C0030800361E860D7134248FE30130361E860D7F2B5
:20527100308100FEB90361E8EE9500FEA70361E860D7F2308F00FEA60361E8EE8200FE941B
:205291000361E860D7F2308500FE9303DF72FE840361E860D7F2304500FE8303DF62FE744B
:2052B1000361E860D7F2308700FE7303DF52FE640361E860D7FE6C03DF045113EF44E2302E
:2052D1008700FE5A0330031061E860D7FE5503DDE95202308700FE460330031061E860D7E7
:2052F100F2308200FE3803DF17FE290361E860D7F2308C00FE2803DF07FE190361E860D7C9
:205311005103D7C7C16291DD1191301000DF14A8006C03B800301003EF09A8006C02B8004C
:20533100301002B80262FE8AF44C02FBF8FFDF16AF48FE614902E361E8F3614900E161E8B9
:20535100F1616B1004D7F11004D773FEC1025CCF08B9D361F8D7A9086C3008B9D7C7510A8E
:205371005F4FFE9800340E04327E00A96C80B95400FE8702F557FAE547FEC0C151F55F4FD4
:20539100FE6160609F4FFEC6D7AF0E04F05C80D7AF0004F1085C1008D7D1DF0D340C04A94F
:2053B1005CFC085CFE08B9EF10340C04AA326CC0BA32A9086C0108B9D7343E04A95C3FB901
:2053D100D7440000DF08340C04A95CFCB9D7440003DF08340C04A96C02B9D7340C04A96C73
:2053F10001B9D7D1DF08340004A95CFBB9D7340004A95C0FB9A96C54B9D7AF000431AE609B
:205411005C01D72004AF54FEB800AF56FEB802445B04DF178801317312314A5C074C05DFC7
:205431000A8800D1E161E8F11004D7F1EFFA2004AFA8FEB800AFAAFEB802445B04DF338899
:205451000131732E314A5C074C05DF2688004C11DD144C13DD104C15DD0C4C21DD084C2208
:20547100DD044C25DF03E1EF065C30E161F8F11004D7F1EFFA2004FE7601445B04DF2388CF
:205491000131731E314A5C074C05DF1688004C23DD044C24DF03E1EF064C26E161E8F11077
:2054B10004D7F1EFFA20048F68FA75FE3A0112AF68FA317E2312441B0061C8321A006571B2
:2054D1008A71DB9F68FA13A1B800A1312EF1146298020C025C0361E8A5AF4AFE31BD31BE48
:2054F10016644C08320070DE05318E1231CC17616B08616A086C80FEC0001231BCAF68FA02
:20551100317E036C80BF1204FEBA008F68FAFED700311E6077880231051167318E12A800B2
:20553100311E03010469FA14CA0000675002D612A800311E1413046AFA3214041004EC2B26
:20555100AE0051C05F68FA9F68FAAF4AFE6C805C80085C1F08BF1004AF68FA317EBF120407
:20557100441B00DC12FE7600FE6700DE09A9BF3004A5A5A7EFF2D7A1311E14321404306AE0
:20559100FAEC2BAE00FE3D00AF48FE6C905C90085C1F08FE2400A131BD6C84BF1204D7400B
:2055B10057FA02DF08AF48FE440500DF0B8F4FFE316305315A5C01D7E1D7BF10048F68FAC8
:2055D100311A318ED7F614320E00301404FC61AE00D7AF68FA317EA1311E121743D7F61666
:2055F100BF320400346AFAD7311A5C0F501AD6D7AF70FEB804AF72FEB806D73046FEFC4D1F
:20561100AE0054003206013068FAFC4DAE00D7340C04A908D7AF48FE440400308003D7FE4D
:20563100E1FCD1D7AF48FEF05C036168D7AF48FE1204FDFF440200D730800340C6FE02D73C
:20565100A804F05C806168D7E6FE2FF1E0D7D9C6FEF1FE26F1D9C7FEE1FE1FF1340004A955
:20567100086C0108B9D75104FC80AD00D7F6FE50FDD7AF4AFEFEB3F5D78FB121318E1251A8
:2056910004FCB8AD004C02D7F6BF48FED7A804FE3DFAD1D7340004A908D7318E1231CD0580
:2056B100BF1004311CC3C4321404D751E15F68FA9F68FAFEEFFDAF68FA317E441B00D7AF8E
:2056D1000C045C03085C01086168D754003209003054FAFC4DAE00F6BFCEF9BFCCF9CF5416
:2056F100FA1171483EFED7C78F56FA70818F57FA9801DF06CF54FA16EF568F57FA734C01B5
:20571100DF0951035F55FA91DD05634C06DF05FEF41BEF3C4C01DD0D4C05DD09604C11DD42
:20573100044C22DF114054FA1ADD0B404AFA0BDD05FE701BEF1A604CFEDF09FEC51FCF54CC
:20575100FA1CEF0C634C08DF07FEB71FCF4AFAF08F54FA735CF098004C10DF05FE6601EFEB
:205771005F4C60DF05FE5418EF564C50DF08FE921FFE2B18EF4A4057FA02DF29AF48FE44FA
:205791000D00DF21634C26DD084C39DD044C3ADF05FE101BEF0FFEFF1E5103FEB31ACF54DD
:2057B100FA1BFEE01E88000CE0DD0D0CF0DD0E4C10DF0DFE7F0FEF08FEDB02EF03FE4305A4
:2057D100D557FA61E8EEA00088014C0261E8EE970051C15F85FB73AF48FE14607061015C1B
:2057F1003E616B9F85FB60317347316310FEEB1FBF84FB513F5F85FB9F85FBEF6B15F05CF1
:20581100036168DF0FFED31F128F50FEFED31F3054FEEF0DFEC41F128F51FEFEC41F30701E
:20583100FEFC2BAE0051406F85FB71FB9F85FBEF37AF68FA317E12FEA11F03BF84FB5180B1
:205851006F85FB71EB9F85FBDB9A20C0C3AF84FB5C0143DB82FB61D304A800EF01A1311ECF
:2058710014306AFAFC2BAE004054FA41DD0A5105FC80AD00715847FA8F54FA0CEFDD420C58
:20589100FEDD3E0CF0DD1D0CE2DD194C10F1DF128FA821318E125102FCB8AD00D1300103E4
:2058B100DF1CC6D78F57FA6F56FAF1DFF536D1FE51033183ED3003205F47FAE1DDE460EFFD
:2058D100E15107EFDD8F54FA0CEFDD580CFE61F8EE28019161F8EE98009161F8EEAE0191A3
:2058F10061F8EE8B010CFC61F8EEAD009161F8EE0E019161F8EE3F019161E8EE9701D5464E
:20591100FE61E8EE8F014056FA0F61E8EE8601F556FAFECC1DFC2BAE00304F00FEBA1DCF30
:2059310054FA1CD78F56FA4C01DF08F556FACF54FA13D74C02DF1BFC304700FCCA5300E101
:205951005F3EFEFC5B5300F556FAFE551DCF54FA14D74C19DF0BFC304700E1FCAA5300EFA9
:20597100CA4CF261E8EE2D01715840FEF1EC0BA700E7FE4C1D61E8EE1B01FE081DFE291D0B
:20599100DC12CF54FA21FE211E9161F8FE131DF1EC80AD00CF54FA31D7FCA153006168612C
:2059B100E8EEF1004046FE0761F8EEE800FEF91CDE144056FA22DD0E8FAA21318E12FE008A
:2059D1001D61E8EECF00E15F3EFEFC5B5300F6BFCEF9BFCCF9BF5AFA8F3BFE4C21DD044CF8
:2059F10011DF05F1FC57AD00FE9A1C71483EFEF556FACF4AFA0BCF54FA11D7CF45FA03D7B7
:205A1100D546FE61E8EE8D004057FA03DF18F6BF5AFACF4AFA0AFE901C30210061D8303152
:205A310000609F54FAD78F3FFE312A5C034C0361F8EED218EE6D184057FA02DF58AF48FEF9
:205A5100444F00DF1BFE1D1A91DF0C71084FFE304F00FE841CEF15FE0B1A4C03DD07EF0CBF
:205A7100448A00DF07FE091CCF54FA1DF557FAD7FE58FCFE221CFE191CFE091CD53BFE6194
:205A9100F8FE081CFC544700CF54FA15D7FC5E4700CF54FA11D7C78F54FA0CDFDD4891DD73
:205AB1005C9161F8EE90009161F8EEE1009161F8EE59019161E8EE1C024057FA0261E8EE76
:205AD1002702FE051C61E8EE3502FEB81BFCF3A80051C05FCBF94CC061E8EEFA018FC9F9D4
:205AF1005064D6EEF401FC9A5300616861E8EEE401E1FCAA5300CF54FA22EED801363EFE08
:205B110031B318DB9C21FEB81B61E8EEC701FE741B715840FEF1C6EC0BA700FE841B364014
:205B3100FE71D461D8CF4AFA28715840FEFE5C1BCF54FA23EE9E014057FA02DF2EAF48FEBF
:205B510044410061E8EE8501FE3A1B3002F35F3FFE9F3FFE8F50FE9F43FAFEEE1BCF4AFA2F
:205B710006CF54FA24F557FAEE6A01DB9821FE501B61E8EE5F01FE0C1B8F3FFE312A5C03EF
:205B91004C0361E8EE7801CF4AFA29EE47014057FA02DF1D4056FA0461E8EE3001FCE39485
:205BB10000D161F8EE2601CF58FA42F54EFEEE3401D546FE61E8EE1C014056FA04DD0940A7
:205BD10058FA4261E8EE0D01E552FEAFCCF9BF8CFEAFCEF9BF8EFE304200BF4AFECF46FE9C
:205BF10006CF54FA25FEE81B04C4F912045F001413045C00B800895CC04CC061E8EED50019
:205C1100C4C5A5506489D6C6EC33A900D546FE61E8EEC1008F4EFE4C0361E8EE8600FEE2CC
:205C31001AF558FAAF48FE440300DF22FE731AFE9E1B0423FA14895CC04CC0DD07308813DE
:205C5100FC33A900E54AFACF54FA26EE870051705FC7F9308813DD1451C05FCBF94CC0DFBF
:205C7100088FC9F95064D6EF03FE4F1BFC33A900AF48FE440400DF06CF4AFA02EF14CF4AAB
:205C9100FA0351705FC7F9DD068FAD21FEC91AFE101A51705FC7F9DF4CCF54FA235102C669
:205CB100EC57AD004C11DF1DFCE39400D1DD1E40D2FE2261E8CF58FA42F54EFECF4AFA1801
:205CD100F556FAEF204C10DD044C80DF04C6EEC2154C07DD2AC6D7FEE11AFC33A900F557D4
:205CF100FACF4AFA07C6EE4816DB9621FED219DFE4FE91198F3FFE312A5C034C03DDD6C639
:205D1100EEA1158F54FA0CCF75318E12654C0E61C8EE7D011312490022311C9EFC79E42187
:205D310061CBFC9A5300616861E8EE6401E1FCAA5300FE57198F3EFE705CE04C80DD283612
:205D510047FA31A522363EFE31C30D6071DA5C3F9F3EFECF54FA3BD7CF46FE11300D02BF14
:205D71004AFECF54FA3DD76071FA5C9F9F3EFECF54FA32D7D546FE61E8EE1501404EFE03DD
:205D9100DF13FE1D1951206F3EFE5C2F9F3EFECF54FA3BEF3C4057FA02DF0FAF48FEF05C05
:205DB100036168DF05FEEB14EF2751806F3EFE5C9F9F3EFEFC254C0091DF12CF46FE087142
:205DD100483EFECF54FA3ECF4AFA0EEF04CF54FA32F557FAD78F57FA4C04DD074C0961E8A1
:205DF100EEAE00F557FACF54FA32D74057FA0261F8EE9F148FAE21318E125102FCB8AD001A
:205E11009161F8EE8B00FE7C18FEA71961E8EE80008F45FE4FBD21DE16FE3E15304F02FE44
:205E31006B19CF54FA3CFE8A19DF66A045FED7EEF014D546FEDF5A51E05F3EFE4C80DF0613
:205E5100CF54FA32EF364C60DD324CA0DD2E4057FA02DF1A404EFE03DF14AF48FE444F0273
:205E7100DF0CFE2018FC029500F557FAEF0E8F4EFE4C04DD044C1261F8FEA6144057FA020C
:205E910061F8EE0E14FE2B19DF07FE1518CF54FA3BD74057FA02DF1AFCE39400D161F8EEEF
:205EB100F1134056FA0361F8CF58FA41F556FAEE7F14D546FEDFDAFEE618CF54FA34D7D5EE
:205ED10046FE8F4EFE61E8EE83004C0761F8EED3134C10DF25364FFE31B31CFEC4178F55B8
:205EF100FA735C0370635CFC0C0461689F55FAF556FACF54FA35D7EE99134C11DF1FFCE391
:205F11009400D161F8EE8B134056FA03DF06CF58FA41EF04CF4AFA1BF54EFEEF8F4C03DD40
:205F3100144057FA0261E8EE67FFAF48FE44420061E8EE5CFFAF54FEBFCCF9AF56FEBFCEEA
:205F5100F9CF4AFA04F557FACF54FA36D791DF2251F35F3FFE9F3FFE51035F55FA9F55FA72
:205F7100F54EFEF556FACF4AFA10F558FAF1EC80AD00FE35184C0261E8EE15FFFE13178F7B
:205F91003FFE312A5C034C0361F8EE5813EE14134057FA0261F8EEFA128FAC21318E12FED2
:205FB1001F17DF13FEDE168F55FA312A4FBC2161E3EE8900EE2E13FEF0174C0261E8EED00D
:205FD100FEFECE168F3FFE312A5C034C0361F8EE1313EECF124057FA0261F8EEB512405688
:205FF100FA03DF08F556FACF58FA41D7D546FE61E8EE9DFED54AFA61E8EE95FE51F85F4870
:20601100FA4C18DF0AD558FADF05300300EF0A4C2030040061E8300C00BF4AFECF46FE04AE
:20603100CF54FA38D74057FA0261F8EE65124058FA41DD094056FA0361E8EE54FECF54FAE0
:2060510033D7D546FE61E8EE47FE8F4EFE7391DF28AF4AFE440300DF0AE54AFACF54FA3904
:20607100EE92006391DF12AF4AFE440200DF0ACF4AFA1ECF54FA39EF7C630CF04C02DE2CDB
:20609100AF4AFE14440200DF1E634C11DF0CF54EFE300702FC0D7800EF5815440200DF0773
:2060B100300102FC0D7800FEE911EF49FCE39400D1DF15CF54FA37FE6116DF06CF4AFA02F0
:2060D100EF33CF4AFA03EF2DAFC6F9BFCEF9AFC4F9BFCCF9FE4416DF0DFCED8E004C04DF8D
:2060F10005FEC011EF0FFE3216510261E851039F4AFAFE3C12F556FAD74057FA0261F8EE62
:20611100A211D546FE61E8EE87FD4056FA0661E8EE7EFD300600FEC015CF54FA3AD74057D1
:20613100FA0261F8EE7D11D546FE61E8EE62FD404EFE01DF0AF556FAFCF3A800EEF211EE9D
:206151006211AF48FE1204FEFF61F8EEEB00B144020061D8EECB0104FDFF61F8EEC3010488
:20617100FFFF61F8EEE60004FFFF61F8EEF60004FFFF61F8EE010104FFFF61F8EE280104E3
:20619100FFFF61F8EE3F0104FFFF61F8EE930104FCFF61F8EE8E0104FFFF61F8EEB60104B3
:2061B100FFFF61F8EE660204FEFF61F8EE830104FEFF61F8EEC70104D5FFDD6504FFFFDD4C
:2061D1006E04FFFF61F8EE110104FFFF61F8EE510104FEFF61F8EE1B0204F7FF61F8EE2183
:2061F1000104CCFF61F8EEE40104FFFF61F8EEE40104FEFF61F8EEAD0104FEFF61F8EE2600
:206211000204FFFF61F8EE480244010061F8EE5D0213F05C03616861E8EE12015110EEA782
:2062310001FE8514DCF6CF54FA23CF4AFA19D7FE7714DEE8CF54FA34D7FE6D14DCDECF4AD7
:20625100FA17FE5D14F557FACF54FA26D7FE5914DC0E36C9FE31E5C45141FE340FEEC2019D
:20627100FE3D15EFCFFE4114DE0636C9FE31E5AC5144FE1C0FEEAA0136C9FE511031D5143A
:20629100FC6C940091DF0BD558FA5103DD06510CEF025104FEBA0F36CEFE31F303EE820114
:2062B10071607CFBEE7B01D54AFA61E8EED701F557FA36CEFE71F461D871607CFBCF4AFAB2
:2062D10009CF54FA43D7D54AFA61E8EEB801F557FACF4AFA08CF54FA43D78FC7F9314A5CA6
:2062F1000791DF4AAF56FEF05CF0440080DD0D440050DF3AFEAB13E1FCF45300CF54FA51E4
:20631100EF2CFE60114C01DF0C304F00FECA13CF54FA44EF194C02DF15FE8613CF54FA4DA4
:20633100EF0CEE6E0F40C6FE0161F8EEEEFEF557FAD7D5142061F8EEE2FE40C6FE0161F803
:20635100EED9FEFE631361C8EED1FEFCFD9600308C00EEC700FE5113DC0936C9FE31E303B2
:20637100EEB9FED5112061F8EEB1FE40C6FE0161F8EEA8FEFC4F9500308100EE9E00FE2836
:2063910013DE0936C9FE31E303EE90FED5162061F8EE88FE40C6FE0161F8EE7FFEFCBC9574
:2063B10000308F00EF76D5152061F8EE6EFE40C6FE0161F8EE65FED56AFADF06FC07960085
:2063D100EF04FCAE96005187FE860EEF55D51220DF0BEE47FED5132061F8EE3FFE40C6FE17
:2063F1000161F8EE36FEFEB912FE8512F557FACF54FA43D740C6FE0161F8EE1FFED54AFAB3
:2064110061E8EE8100F557FA71607CFBD740C6FE015110DDB3FC239300308200BF4AFEFEEF
:206431008D12CF54FA44D740C6FE0161F8EEECFD365DFA31B303EEE3FDF557FAFE3212FE77
:206451006712DE08F1FCF5AA00FE5612CF54FA4ED740C6FE01DD0E365DFA31B508F557FAE7
:20647100FE0E12EF095110FEE70DCF54FA4440C6FE0161F8EEA5FD365DFA31C303EE9CFD48
:20649100F557FAFEEB11D72008F55CFA8F58FA704C4161F8EE26028F56FA734C0361F8EE2C
:2064B1001B024C04DF17FED912DD0BAF4AFE44420061F8EE2D02CF54FA24EE2602604C425F
:2064D100DF07CF4AFA16EE1A02634C0BDF06300A00EE2C014C0CDF06300900EE22014C0DBE
:2064F100DF06300B00EE18014C05DF06300700EE0E014C0ADF06300800EE04014C13DF0650
:20651100FE900DEEDD014C0EDF25E6A1FECA11CF54FA3840C6FE0261E8EEC701FE8A1161F1
:20653100C8EEBF01CF5CFA38CF54FA45EEB4014C14DF06301000EE76014C23DF19FEBD1155
:2065510091300D0261E8300D03FE4112CF54FA4AF553FEEE8D014C0F61E8EE8900FE9D1190
:206571004C01DF0D304F02BF4AFECF46FE10E3EF0E4C02304F03DDEF304F00FE5B11F3AF1F
:2065910080FB14312E6071FB1852FE63318E321C00CEFB021215311EF1085CFE0814130491
:2065B10046FEB800044600B80612AF7EFBFC2BAE00A80614A9B802A80004480014A9B80425
:2065D1008802735CC061E8EE1901AEF80403001631F303EE0D01635C1F4C0661F8EE0301DF
:2065F100A046FEEEFD004C12DF06FE1D11EEF3004C15DF05301100EF074C1FDF0830160057
:20661100BF4AFEEF5A4C1ADF12308300BF4AFE51806F68FA318EFE7C11EF444C1BDF05306E
:206631008400EFE84C16DF2AAF68FA6C015C01085C7F08FE5F11FEC4104C01DF0930860290
:20665100FE4A11EE9D004C02308603DDF3308600EFAE4C18DF0F301200BF4AFEF552FECF6C
:2066710046FE05EF7E4C1CDF05301400EFEB4C17DF1B40C6FE02DF65F6BF8CFED94FFA8F52
:2066910050FABF8EFEE552FE304600EF224C30DF23FE69104C01DF10308802BF4AFECF4691
:2066B100FE1071204FFEEF3B4C02DD37308800FE2710EF2F4C32308B00DDF4EF26CF54FA0A
:2066D1003340C6FE02DF1CFEDF0FDE17F1FCF5AA00FECE0F8F54FA9F5CFAEE4BFEF550FAE5
:2066F100F556FA1008D7F55CFAAF4AFE04F7FFDD1E04FFFFDD1304FFFFDD1A443700DF34A5
:20671100CF56FA04CF54FA24D7CF56FA0BEF0ACF56FA0CEF04CF56FA0DCF46FE05CF54FA8B
:206731004240C6FE02DF0DFE7F0FDE08CF5CFA42CF54FA46D78F54FA0CBFDD759161F8EE2F
:206751005F029161F8EE14059161F8EEC5059161F8EEAE019161F8EE13020CFC61F8EEADC4
:20677100069161F8EE12079161F8EE27049161F8EE2A079161F8EE90079161E8EE1F084067
:2067910057FA0261E8EE0908AF48FE125CFC44890061E8EED20740C7FE0261E8EEE60736B0
:2067B1005DFA31B303EEDD07FEC60EF557FAEED4074057FA02DF76FEC80FDF32D556FADD07
:2067D1000BD558FADD06CF54FA45EF2DFE73F98F47FA705C0391DF07605CFC709F47FA602D
:2067F1005CC04C40DF13605C3F9F47FAEF0BFE940EF6BF5AFACF4AFA1571084FFE8FD2FE23
:206811004C2161E8FE2E0FFC0B5400D161E8EE80008F54FA4C26DD794C1ADD754C43DD7159
:206831004C4DDD6D4C4EDD69FE5A0EEF64D546FEDF5FFE52FC8F46FE70D18F54FADF0A4C02
:2068510045DF4A71084FFEEF484C1BDD1A4C4ADD164C4BDD1240C6FE02DF0CFE4B0EDE0722
:2068710060FE120FFE3B0E4054FA41DF2440C6FE02DF0BFE330EDE06CF54FA45EFC5FE7CCC
:206891000EDF06CF54FA42EF04CF54FA4C71004FFE4054FA41DF43DB5AFAFE240EDF3BF61B
:2068B100BF5AFAFE40FED546FEDD1AF54AFAFED40D40C6FE02DF0EFEEF0DDE098F46FEFEAB
:2068D100B40EFEDD0D8F54FA4C41DD0E4C46DF0671084FFEEF0471004FFE8FB821318E1281
:2068F1005105FCB8AD004C0261E8EEB106AF5AFA616861E8EEA7065105FC80AD007150475D
:20691100FAD7FCB05500D1DF348FB221318E12FEAF0D61E8EE8706FE6B0D8F59FA9F46FEC4
:20693100F559FAFED70DDF0C8F5CFAD1DF63CF54FA42EF04CF54FA4C71004FFED7FE450D99
:206951008F56FA4C03DF06CF58FA41EF0A0CF54C0361D8CF4AFA188FD2FE4C2161E8FED41D
:206971000DF556FAF546FEF559FAEEC409FCB05500D1DF228FB221318E12FE440D61E8EEEC
:206991001C06FE000D8F59FA9F46FEF559FA8F5CFA9F54FAEFA2FEEC0CF546FEF559FAEFE3
:2069B10036D546FE61E8EEF505F556FA8F4EFE4C8061F8EE4D044C1061F8EE46044C11DD9B
:2069D100044C13DF1FAF4AFE1204F6FF440200DC061344090061F8CF4AFA188FD2FEFE5486
:2069F1000DEE4D094C12DF1EFE7C0D61D8713047FA13440B0030050BDD058FD2FE5005FC04
:206A11000D7800EE2B094C0361E8EE1A01D54AFA61E8EE1201F557FAAF48FE440300DF1841
:206A3100E54AFA51030F4AFEFEF70C61E8EEEB00E1FC0BA700EEE300440400DD0544100070
:206A5100DF1DFE220D61D8713047FA13440B0030030B61F8EEC0008FD2FE5003EEB800449E
:206A71000C00DF108FAF21FEEE0CFE350CCF4AFA03EEA700444100DF1E8F50FE9F43FA503E
:206A910002FEC70CFE220CDC08CF4AFA06CF54FA24300007EE8000444400DF198F50FE9F07
:206AB10042FA5002D6143208FA3054FEFC2BAE00300008EF62444F00DF19F1FE590BD1DFAB
:206AD1000D30072FFC0D7800CF57FA02EF4D30002FEF44448100DF05300011EF3A448F00DB
:206AF100DF05300016EF30448500DF05300043EF26444500DF05300044EF1C448700DF056C
:206B1100300046EF12448200DF05300012EF08448C00DF07300014FC0D78004054FA42615E
:206B3100E8EE7A04EE0A084C01DF3BAF4AFE444F00DF0AF0512FFC0D7800EEF407444600B2
:206B5100DF18715049FA8F8FFE9F4DFA7CFF5F50FA9F50FAF54FFAEED707448800DF04FE63
:206B7100DA0BD7EECB074C1361E8EE3104AF4AFE444F00DF0730072FEC0D78004488006149
:206B9100E8EE1A04300748FC0D780051076F5DFA9F5DFAD7D546FE61E8EE0204F556FA8FDB
:206BB1004EFE7391DF25AF4AFE444F02DD05444F03DF0AF0512FFC0D7800EE8E0044880248
:206BD10061E8EE8600FE740BEE80008FD2FE704C46DD044C2FDF49634C11DD044C13DF0632
:206BF10060FE510BEF654C12DF09605005FC0D7800EF584C03DF1D604C2FDF0EE1FE170AA0
:206C1100D15007DDAFF557FAEFA9F557FAF0FC0D7800EF374C10DF3360E0FC0D7800EF2BAB
:206C31004C48DF27634C11DD044C13DF0B60FE040B51076F5DFAEF104C10DF0F60E0FC0DA2
:206C51007800E16F5DFA5CF99F5DFA4054FA4F61F8EE4A03FEDA06F6ECD253004057FA02D0
:206C7100DF16300745FC0D7800300725FC0D7800FE2006715846FAD7320C00FE430A61F84E
:206C9100EE7B02D546FE61E8EE1303D558FADD2351F85F48FA4C20DD1A4C80DD16AF48FEEA
:206CB100440A00DF0E715846FA510CFEA305CF54FA44D78F56FA4C1DDF26308500FE190A21
:206CD100AF68FA6C04086C80085C04BF68FAAF7EFB340500326AFAFC2BAE00F573FAEF196F
:206CF1004C1EDF1D304500FEEF09EB7EFBA9BF8CFEAA02BF8EFEE552FEFE8909CF54FA443F
:206D1100D74C1061E8EE9602715846FA8F48FA313AEF98D546FE61E8EE83028F56FA4C1D77
:206D3100DD1C4C0FDD184C08DD144C14DD104C1EDD0C4C10DD084C31DD044C3261F8F55653
:206D5100FA8F4EFE4C0161E8EE9800300045FC0D7800300025FC0D7800300010FC0D7800A4
:206D7100300004FC0D780030002FFC0D7800300049FC0D7800300032FC0D7800AF4AFE1287
:206D9100440300AF48FE14DF1744090061E8E54AFA600C03FE8B09DF26E1FC0BA700EF1F3A
:206DB10013440C00DF0C15440900DD13CF4AFA03EF0D1504F6FF44020061D8CF4AFA02402E
:206DD10054FA6161E8FE690530F7FF0248FE44020061C8EEC801FE420961E8EEC0017130C8
:206DF10047FAD74C13DF1CAF4AFE444F00DF0530072FEF08448900DF07300789FC0D780051
:206E1100EE2E058FD2FEE0FC0D7800EE8504D546FE61E8EE8801404EFE03DF1AFEDE089133
:206E310061F871483EFE30000DFC0D7800F557FAF556FAEE53014057FA02DF0FAF48FEF002
:206E51005C036168DF05FEE804EF1E363EFE319306CF4AFA14EFEFFC254C0091DF08FEA951
:206E710008F557FAEF03FE3B0430010DFC0D7800F6FCD25300F556FAD78F57FA4C04DD077E
:206E91004C0961E8EE17014C04F061E8E05161FC0D7800FE6D08FE9804F54AFAD78F4BFAB0
:206EB100318E12FE1B08DD564057FA02DD508F56FA4C08DF12FECD07300400FE1B08CF546E
:206ED100FA4471084FFED74C14DF08FEB707301000EFE84C0F61E8EEC400FEA807FE1D0886
:206EF100DF15304F00FEF10771084FFECF54FA44FEEE07EC2BAE00F556FAE0EE36FCFE8472
:206F110007FE2D04715846FAD7FCB05500D1DF448FB221318E12FEA807DF05FE8B07DC0520
:206F3100FE8607DC798F56FA4C31DF12FE5607308900FEA40771004FFECF54FA44D74C1400
:206F5100DF5CFE4007301000FE8E0771084FFECF54FA44D7FE2E07FED703300749FC0D78C3
:206F710000300710EC0D780051F85F5DFA7513441000DF0B656C039F5DFAF557FAEF066519
:206F91006C079F5DFA71284FFEF6FCD25300EEA0038F5DFA705C07DD05605CF8EFE4D740B0
:206FB10054FA51DF168FA821318E12FE1307DF0BFED206F1FCF45300EE7603D78F54FA0CD0
:206FD1009F75318E12654C0D61C8EEC3011312492822311C9EFC790E2261CB51035F55FAAC
:206FF1004C01DF12FEC206DC08FEB606CF54FA6AD7CF54FA67D74C02DF133647FA31A30595
:20701100CF54FA63D7FE9A06CF54FA66D7FCF94B00300009FC0D780071207CFB710849FA52
:20703100F545FEEF6B4057FA0261F8EE76024056FA0661E8EE5901300600FE9C06CF54FA41
:2070510064D7D546FE61E8EE4601FE8406DD41EE52024057FA02DF1CD54AFADF17FE25069F
:20707100F557FAFE6406DF09CF4AFA07CF54FA65D7EE30028FA921318E12FE440661E8EE2D
:207091000E01FE0006EE1C02D54AFA61E8EE000151FC5F55FA9F55FAEE96024057FA02DF8E
:2070B1002AD54AFADF25FE2106DF1DFCA7AA00D161F8EEDB00FECD05FC86A600F557FACF0A
:2070D1004AFA07CF54FA6BD7EE3B02DB9221FEF00561E8EEBA00EE2D024057FA0261F8EE61
:2070F10024024056FA0661E8EEA500FC0F4C00300600FEE405CF54FA6CD7D546FE61E8EEC3
:207111008E00FECC05DF0BFE5F01FE9505CF54FA6DD7EEF1018FB021318E12FEA305DF70BA
:20713100FE6205CF54FA31D74057FA0261F8EED5014056FA06DF59FC0F4C00FC86A6003087
:207151000600FE9405CF54FA68D7D546FEDF41FE7F05DF08FE4B05CF54FA69D7EEA7014002
:2071710057FA02DF20D54AFADF1BFE1805FE5A05DF10FEF400FCCA5300CF4AFA07CF54FAF0
:2071910021D7EE8101DB9421FE360561F8EE7601D720064C419800E661E8F6607391DF481D
:2071B100FE0605DC43308CFEFC468B009F52FEAF8CFE12B802AF8EFEB804AEF80404001462
:2071D10040C6FE02DF0AAEF8040500167182EF0EAEF80405001671838F4CFA9F52FE13BFAB
:2071F1008CFEA9BF8EFEEF5C0940FA759F52FE63318E1640C6FE02DF1D93DF067100EFF903
:20721100EF2CFEB204128F3320318E317D5C01085C800803EF157108EFF993DF0B8F4CFA2A
:20723100614DDE049F52FE75FE8C04BFD2F9655002D61417321C00CEFB0204D0F9328CFED7
:20725100FC2BAE008800318EBF4AFEFE61041006D74C10DF0840C6FE0161F85104318EBF36
:207271004AFEF552FEFE4704D7FC6E53008F10209FC7FEE0E1FC8C4700FE1004F61432068C
:207291000030C4F9FC61AE0051FC5F55FA9F55FAD7EF11F557FAFEFF03E546FEFEE603CF00
:2072B10054FA1BD7FE0204DC11FED903E1FC0BA700308813FC33A900EF03FEE5034057FA17
:2072D10001DD17CF46FE078F3FFE735CF370635CFC0C045C0C61689F3FFEFEBB03F557FAB6
:2072F100CF54FA1AD7364FFE319306CF4AFA29EF02EF13FC6E5300FE8B03FE9503CF45FA06
:2073110003CF54FA13D7FC6E5300FCCA5300FE7B03FE7103F1FC80AD00CF4AFA0DCF54FA37
:2073310012D751A06F3EFE71EB9F3EFECF54FA32D7E1FCF5AA004057FA0261F8714847FAF8
:207351003647FA31C3085105FC57AD00EF04715047FAF54EFECF54FA41D7E553FE40C7FEAD
:207371000130018061E83001A0BFA8FE3000FFBFAAFED714AF52FA125C03085C8008616829
:20739100DD2613317E605C074C04DE1C8F2F20318EB98F2C203169318E128F2E20F06C2015
:2073B100F05C2703BA02E1D7F1D7C3200414F6B802B800AF52FAF05CFC12B802AEF8A1A1B0
:2073D1001640C6FE02DF20AF52FA5C03085C80616A08616BBB8F2C2031595C607088025C72
:2073F1009F61689802EF10880370313A5C074C03DC05605CC79803AF1820B9ABBA02AF1C92
:2074110020BA04AF1E20BA06AF2020BA08AF1A20BA0A88044C02DF488803313A5C074C01CB
:20743100DD044C02DF2EAF30205C07BA0C8F2C203169318E128F2D20F06C40F05C4F03BAC1
:207451000EF6BA10BA1215041400FE26FF0C05718B1006D715040C00FE18FF0C031006D701
:2074710051031006D72006AF54FEB800AF56FE12B802AEF8A1A11488017731735B13445B5F
:2074910004DF4F67314A5C074C05DF0D8800FEE900D1E161F8F11006D74C06DD03F1EFF6C7
:2074B1008800D1DF19365DFA31C513AF3E06F05C026168DDE8343E06A96C08B9EFDF4C019C
:2074D100DD044C02DFD73003105F5DFAF1DDC760EFC4FE9C01EE9C0088005C1F4C04DD09B7
:2074F1004C05DD05675CF89801880098045CC0DF5C88045C1F7391DF46A94400FFDF40FC42
:20751100254C00D1DD1140C6FE02DD0B880471FA71EBFE6501EF16880471EA71FBFE5A01D4
:20753100F9C6FE3090FEFE81FE819F52FE36CEFEE131F303EE5FFF71607CFBE1EE57FF36D9
:2075510053FA31A313634C0661F8EE50FF880471FA71EBFE2401EFE3FE1601634C04DD04AA
:207571004C05DF09CF4BFA165102EE29FF4C0661F8EE29FFCF4BFA0CEFEE20040CFEDD174E
:207591000CD1DD4091DD2991DD3091DF1FAF3C06B802AF3E06EF35AF3E06F05C026168DD73
:2075B1000B71707BFB343E06A96C08B9F11004D7F6B800AF7C06B802EF14AF7006B802AF04
:2075D1006C06EF08AF8C06B802AF8E06B800FE9300CF52FE02302450BF8CFE305B04BF8EC0
:2075F100FEA802BF90FEA800BF92FEE11004D72004B80013B802FE6B0088015C9F40C6FE28
:207611000161E871DA9801E552FEA800BF8CFEA802BF8EFE1004D72008501CD60446FE1261
:20763100040E0014A9B8041304100014A9B8061304460014A9B8001304480014A9B80288DC
:2076510004735CC0DD1B8801317A708805317A6148DF0EAEF816637D5C1FE161E8F11008D2
:20767100D7F1EFFAF614320E00308CFEFC61AE00D771607CFB715046FAD79804A80612A83E
:2076910004FE6BFFD75102FC80AD00D7F1FC0BA700D7F1FC80AD00D7E16F5DFA5CF99F5DE4
:2076B100FAD75102FC57AD00D7363EFE7184D7F557FACF46FE04D7AFD2F95CFE085C7F088D
:2076D100D75102FCB8AD004C02D7AF48FE440600D7F556FA404EFE01D7BF4AFECF46FE040C
:2076F100D7AF80FB12312E6071FB9F52FE13311EF1085CFE0814AF7EFB328CFED751035F0D
:20771100D3FED7F556FAF557FAD7CF46FE0871483EFECF54FA4BCF4AFA0ED7AF4AFE44049F
:2077310000D75C037051FC5F55FA61689F55FACF54FA6190D75007FC0D7800D7F557FA30D6
:207751000048FC0D7800CF54FA4FD7D6143224FA3054FEFC2BAE00D7318E12AF20FE31DDF8
:2077710031DE03BF5AFAD7CF4AFA02AF4AFE1204F7FF440200D79F59FAF546FEF1FCF5AA10
:2077910000D7DB5AFA5102FCB8AD00D1D7BF4AFECF46FE11D7BF68FAEB7EFBA9BF6AFAD74C
:2077B1005141FEECF9CF46FE06D7DB9021F1FCB8AD00D751E05F3EFE4C20D7AFCAF9316D7F
:2077D10012AFC8F931AE035C03323200CEFB02D78FCFF9314A5C075004D6D7AF84FBF05C1F
:2077F100FED7318E312D5C01085CFC0803BF84FB311EF1085CFE0814DB82FBD7734FD2FE01
:20781100DF03D361F8D7F5D2FE6031295C3C7051C35FD3FE61689FD3FED75400328A003057
:20783100C4F9FC4DAE008F3BFE4C21DD044C08DF0A403AFE0461E8712047FA40D2FE8261A6
:20785100E8F5D2FEFECE15FE1722E544FAD7FE2F0C51F05F44FA0C80DD290C70DD1B0CF03F
:20787100DD1C0CE0DD094C10DD0AFE6A00EF17FE3208EF12FE4C0AEF0DFE2A06EF08FEAB24
:2078910004EF03FE0003513F5FD1FE708F47FA7371DC6071F9724045FA02DF1270629FD132
:2078B100FE8F44FA91DD2C914C02DC07F1D771EA72EFE98F4EFA6F4AFA6F56FA6F50FAF130
:2078D100DF1060718C5103DC09635C2030030161E860D75107EFFB8F44FA91DD1D9161F8FB
:2078F100EEC7009161E8EEC0008F4AFA4C2861E8EEBE01CF64FA02EE1C02D564FA61E8EE58
:20791100A700364EFA31830636DFFE31D56836DFFE31E3628F3BFE4C11DF0DCF64FA02FE2F
:20793100F314CF44FA81EF314C21DF05FE9C21EFEE4C08DF0CFEDD14FEA51BCF44FA81EF2F
:20795100184C02DD144C04DF06CF56FA19EF0AD1DD07E556FACF3AFE04364EFA31850C71B3
:2079710000D0FE71007CFB71084EFA515F5FDFFE9FDFFEEE3501DB9C21FEF320DD09363EF0
:20799100FE31B303EEB50136DFFE31D503EEAC013640FE31D303EEA301403BFE1161E8EEC8
:2079B1009A01FEBC20CF56FAF2D7FEF01EDF138FC9F9505CD64272FB61D307CF56FA22EE6F
:2079D100E0008F4AFA4C04DF1E8FD2FE4C21DD055004FE27FE36CBFE71F461D871507CFB9C
:2079F100CF44FA11EEBB004C10DF0D300021FE8E20717046FAEEAA004C29DF05FED820EF73
:207A1100044C02DF06F54AFAEE97006F56FA6F58FA6F57FA61E8EE890040D2FE21DF06CF7B
:207A310056FA03EF7DDB9E21FE4420DF183649FA31A309712049FAFE3E20EF66FE2220CF99
:207A510056FA11EF5D4045FA02DF57D557FADF528F46FA31734CD550FADF3B3647FA31D3E7
:207A71001131553ED5D2FEDD39FEE81C715846FAEF30FE991991DF05FEC619EF09FE051A24
:207A910091DF09FE5A20715847FAEF0ED5D2FEDD11FEC01CEF0CCF56FA178FD2FE5004FE8E
:207AB1005AFD4044FA0261F8EEFEFE5103EC80AD004C15DF08300122FE41FDEF594C06DFDE
:207AD1001ACF44FA218FD2FE5004FE2FFD36CDFE31F303EED3FE71407CFBD74C16DF0CF548
:207AF1004AFACF56FA04CF44FA22D74C17DF14714045FA716046FA71007BFBF54AFACF447E
:207B1100FA26D74C29DF0BF54AFAFCACAB00FEC61FD74C02DF04F54AFAD76F56FA6F57FAF8
:207B31006F58FA61E8EE81FE4045FA0261E8EE78FED550FADF4A3647FA31D3193646FA310C
:207B5100D303EE64FED5D2FE61F8EE5CFEFE041C715846FAD7FEB61891DF05FEE318EF0978
:207B7100FE221991DF0FFE771F715847FA8FD2FE5004EE87FCD5D2FE61F8EE2CFEEED41B87
:207B9100CF56FA17EFE7C78F44FA0C7FDD389161F8EE82009161F8EE94009161F8EEFB00FB
:207BB1009161F8EE1C014C0261E8EE7D018FB421FED31E61F8EE7201FEA61ECF56FA02CFFD
:207BD10044FA85EE6401D564FA61E8EE5C01F545FA36C8FE31F32C8F3BFE4C11DF0ACF4416
:207BF100FA03CF56FA02EF284C21DF09FE891ECF44FA87EF1B4C08DF17CF56FA19CF44FA18
:207C110002EF0DFED11E403BFE11DFF1CF44FA03F54AFAEE1401DB9A21FE531E61E8EE097D
:207C310001FE3D1E715840FEFEA01EEE8600D564FA61E8EEF400D53AFE61E8EEEC00404A8A
:207C5100FAF0DD3A40D2FE8CDD34364EFA318505D53BFEDF328F3BFE4C11DF0AFE191ECFFB
:207C710044FA84EEC40036DFFE31F31B4C21DD044C08DF13FE011ECF44FA82EEAC00300023
:207C91008CFEFB1DFE9C1AE544FA300082FE6CFB71184FFE715840FEEE8F00AF70FB44216A
:207CB10003DC08DBA021FEC61DDF7FFEB31D36DFFE31F306CF44FA81EF70FEBB1DE544FA00
:207CD100EF688F3EFE315A4C03DC5FFE371051FD5FDDFE98009FDDFE8F4CFA4C02DC3950F5
:207CF10004D604302014A9165C03442D01DC29AA0212316C1731AE035C03449001DF19AF6D
:207D1100CAFE5C0344F100DC0FAF42FE44F401DD078800719A9FDDFE51806F3EFE5C9F9FDC
:207D31003EFECF56FA03CF44FA02C6D7C78F44FA98000CDFDD309161F8EE98009161F8EEBC
:207D510039010CFE61F8EE48019161E8EE5501404AFA0761E8EE4C01F54AFA716846FACFF0
:207D710045FA02EE3001D556FA61E8EE360136CDFE31F305FE060AEF1540D2FE2261E8EE5A
:207D91002201EB7EFBA9BFCCF9AA02BFCEF936EFF931851440C6FE01DF0E7178CEF97148A9
:207DB1004FFE7108EFF9EF1840C6FE02DF127170CEF97100EFF93627FA7184364FFE71C104
:207DD100404AFA0661F8F54AFACF56FA04CF44FA22EED000D556FA61E8EEC8008F4AFA4C23
:207DF10001DF43F54AFA300022FE10FA714045FA8FC7F9705C70DF096071CA5C9F709FC7ED
:207E1100F9607FCFF95C7061E871407AFBFEA01C045E0014C80023A9BFCAF913045C0014A9
:207E3100A9BFC8F9EF3E4C02DF16F54AFAC80003300322FEC6F971607DFB7120D1FEEF24C6
:207E51004C15DD044C18DF0BF54AFA300722FEABF9EF0E4C03DF1251EF5F45FA9F45FADF75
:207E710008C8000388009F44FA88004C22DD3536CFF931A3277118D1FEEF29404AFA07DFDE
:207E910023F54AFAFE1F15CF44FA25CF64FA03EF13D564FADF0ECF44FA03EF0871607DFB6F
:207EB1007110D1FEC6D78F44FA0CEFDD419161F8EE15019161F8EEBB019161F8EEC301912F
:207ED10061F8EEEC009161E8EED8018FAB21318E12FE9B1B61E8EECA01FE851B3646FA3196
:207EF100E503EE9401CF64FA06CF44FA13D7D556FA61E8EEAD01404AFA0461E8EEA4013638
:207F1100CBFE31F30FFED40F31397051075F48FA6168EF258FD2FE730CFDDD0E91DD114C32
:207F310008DD0D51075F48FAEF0F8FCFF9FE561A313851075F48FA616B9F48FA5CF861F8C6
:207F5100EE6001FE1B1B8FCFF9314A708F62FA313A61785C07DF0E605C07FE461A4CC0613E
:207F7100F8714049FA51F85F48FA4C18DF303649FA31C52A30327F5FCCF9D642DAFE61D3E5
:207F91001DAFCEF9BFC6F9AFCCF9BFC4F9CF64FA06FEE41A51159F44FA717846FAD7F54A1E
:207FB100FA4056FA03DF045112EFEBCF56FA10EFF6320500FEB81A61E8EEE700F54AFACFC2
:207FD10056FA10CF44FA12D7D556FA61E8EED3008F4AFA4C1EDF17716046FA300002FE1B7C
:207FF100F8CF44FA16FE901A714045FAEF4A91DF39FEBC1A042600143649FAA9BFCAF91312
:2080110004240014A9BFC8F9714045FA31C309FE661ACF44FA16EF20320500FE511A61E864
:20803100CF64FA06CF44FA13EF0E4045FA0161F8CF45FA02CF44FA02404AFA02DF087160A9
:208051007DFB7120D1FE36CFF931A30751FD5FD1FEEF0971607DFB51026FD1FE9FD1FEF5AD
:208071004AFA300003FE94F7300004FE8EF730000CEE88F7D564FADF2ACF56FA06CF44FA21
:2080910014D7D556FADF1CFE1C13FE1018DF05FEE619EF03FECA1951EB5F49FA9F49FACF2E
:2080B10044FA02D78F44FA0CBFDD6C0CFE61F8EEB3009161F8EEF2009161F8EE57019161C7
:2080D100F8EE85019161F8EE90019161F8EE94019161F8EEBE019161F8EECF019161E8EE46
:2080F100E001D556FA61E8EED801711849FA71107CFB513F5F47FA9F47FAF6BFCEF9BFCC7E
:20811100F9F545FA51E05F3EFE4C8061E8EEAE01CF56FA03EEFA0036C9FE31E30C51806F3C
:2081310048FA5C879F48FAEF30FEBE12D1DF0C51206F48FA5C279F48FAEF1EFE8012D1305B
:208151000C0061F83003006073313851075F48FA616B9F48FA711049FAF54AFACF56FA1068
:20817100CF44FA43D7D556FA61E8EE55018F4AFA4C01DF0FFE2519DC05FEE518EF28FEF7E3
:2081910018EF234C03DF10D558FADF0BFE2F12D1DD14FEFF16EF0FFEF71861E85007510A3B
:2081B100FE59F6FEC218F54AFAD7D556FA61E8EE10018F4AFA704C01DF14F54AFAFEDC185E
:2081D100DC065103EC80AD005103EC57AD004C0361F8EEED008F47FA725CC04C40DF14603B
:2081F1004C02E6A161E8F660733168625C3F616B9F47FAFE9B1861E85007510AFEFDF58F1A
:208211004AFA4C15DD084C02DD044C1861F8F54AFAFE5418D7D564FA61E8EEA5008FAB21F3
:20823100FE631861F8EE9A00FE3618712849FA8F3EFE718C30460461C83049019F64FA6069
:208251009F44FA300421EEB3F58F56FA6F64FADF71CF56FA06CF44FA47D7D556FADF63CFC3
:2082710044FA48D7404AFA07DF58F54AFA711849FAF545FA513F5F47FA9F47FA71107CFB8D
:20829100CF64FA02F6BFCEF9BFCCF9300421FE6BF5EE7DFF404AFA07DF28D564FADF23F5C5
:2082B1004AFACF64FA05CF44FA4AD7D556FADF12D564FADF0DCF56FA06CF44FA4BD7CF446D
:2082D100FA85D78F44FA0CAF4C02DC660CFE61F8EECF009161F8EEE7009161F8EE0E0191C8
:2082F10061F8EE3F019161F8EE5A0191DF43D556FADF3E8F4AFA704C01DD304C03DD328F34
:2083110047FA735C0391DF14604C02E6A161E8F6605C0370635CFC61689F47FA8F4AFA4C8F
:2083310015DD084C02DD044C1861F8F54AFAFE3717D7D556FADFFA8F4AFA4C01DF1171402B
:2083510045FACF44FA53F54AFA30000BEEADF44C03DDDE8F49FA31330640D2FE61DF0B7158
:20837100BB9F49FA300761FE92F48F4AFA4C02DF0FF54AFA710049FA30000BFE7EF4EF1885
:208391004C15DD044C18DF0C30070BFE6EF430070AFEEB16711849FAFECD164C44DF92EEBD
:2083B100C2003647FA31A310D564FADF84FE3011FEC516CF44FA54D7FEBD16CF44FA55D79F
:2083D100D556FA61E8EE69FFD564FA61E8EE61FF8FBB21318E12FE961661E8EE53FFFE8011
:2083F10016CF56FA06CF44FA57F54AFAD7404AFA07DF18D564FADF13FE6616F54AFA7128CA
:2084110047FACF64FA08CF44FA56D7329600FE5E1661E8EE1BFFFE4816714845FACF56FA9D
:2084310011EE0AFFD564FA61E8EE05FF714845FA710849FAFE31164C4461E8EEF3FED556D9
:20845100FADFC3EF1FD556FA61E8EEE4FE714845FA71403EFE51F65F49FA9F49FAFE081657
:208471004C44DF0EFEA70F9161F8FE6014CF56FA0BD740D2FE6161E8EEB6FECF56FA12D7F9
:208491008FDFFE735C1070DD23403BFE11DF1D3640FE31D3176331731351EE5FDEFE9FDEEA
:2084B100FE6371FA5CEE9FDFFEEE4A018F4AFA724C0BDF173640FE31D51151F05F44FA4C99
:2084D1008061E8CF56FA02F54AFAD78F4EFA75310508D53BFE61F8EE8E018F3FFE745C0285
:2084F10073DD0CD0E061F8F065312503EE7901D061E8EE7301624C0B61F8EE6B014C0D614F
:20851100F8EE64014C0ADF62403BFE1130030061E83002039F56FA609F44FA8F47FA705C65
:208531000391DF07605CFC709F47FA605CC04C40DF06605C3F9F47FA8FD2FE704C0DDF0CCD
:2085510051035FD3FEDF0530000DEF06604C60DE04E0FEA7F2FE0915E545FAF549FAF54A54
:20857100FA71507DFB717846FAD74C08DF3151075F48FA36C9FE31830471FAEF026C189F26
:2085910048FACF56FA10F54AFACF44FA528FD2FE700CF64C02DC074058FA4160DF16D74C74
:2085B10009DF16CF44FA418FD2FE4C0ADDF04058FA41DDEA5004EE43F24CF0DD0640D2FE9C
:2085D1008CDF204044FA83DD1ACF56FAFEFE080F51385F62FA61E8CF64FA14FE8314CF445F
:2085F100FA83D78FD2FE4C60DF1B3640FE31D30B4056FA11DDA8CF56FA11D771407DFB3008
:208611000060EEF7F14C62DF0C645CF04C90DD8ECF4AFA0DD74C81DF0E6431030630008183
:20863100EED9F1E53AFED74C82DF18D3E061F8F06431050460310505CF3AFE02D7300082F1
:20865100EEB9F14C8361E8EE54FFD3DF15403BFE21DF09CF3AFE03CF56FAFFD7300283EE2D
:208671009AF1300083EE94F1624C0D61F8CF3AFE048FD2FE704C60DF0971407DFB300060FD
:20869100EF15624C0B61F871407DFB604C82DF06367DFB31C504E0FE62F1367DFB31C510EA
:2086B100715040FE51F85FD1FE9FD1FE7118DDFE8F4FFE7571BB9F4FFE8F3FFE725C0270EC
:2086D100DF0E364EFA318505D53BFEDD4BD1DD0B364EFA31A505D53BFEDD3D404AFA0DDD85
:2086F100378FDEFE71BC61D8712050FA71FC61D8716050FA8FDFFE7071BC61D8713050FA98
:2087110036DFFE31C54F51EE5FDEFE9FDEFE6071FA5CEE9FDFFEEF39F550FA8F4EFA737148
:208731008B9F4EFAD0DD0C635CFA9F4EFA62719B9F3FFE7118DDFE655CF59F4FFEF6BFD088
:20875100FE71007CFBAFDEFE5C08085C8808BFDEFECF56FAFF4044FA83DD1AFE7A0D8F6218
:20877100FA705C38DF0B605C07DD0ACF64FA11EF04CF64FA14FEA2F0CF44FA83D7200C8F32
:2087910043FA318EC18F40FA318EC13024FAC1AEF8040C001234D0F9A1A1FE33081006A8B5
:2087B10008B800317503EE2101440000DF134040FA0261C8EE13016168DF06FE3412EE581A
:2087D10001A806B80A312DB8040427FA14895CC0734C40DF29A800312D16FE7A12DD1F175F
:2087F10004D0F914A8040426FA16A95C0312AB314E5C03CEFB0136000034F401EF44D3DFF0
:2088110024A800312D16FE4E12DF1A1704D0F914321027A95C03FE1E12CEFB0B003600000F
:20883100341300EF1D634C80DF39A800312D12FE2512DF2F1304D0F91432F401A95C03FE11
:20885100F511CEFB0B001431AD12AFCCF95C03031615316D31CE12AFCEF9085CF00803B8EC
:2088710002EF24AFCEF9085CF00816A800312D04D0F914A95C0312316E07B802AFCCF95CB9
:20889100031431AC13051617BFCCF9A802BFCEF9A8040424FA14A95C0312AFCCF9F05CFC22
:2088B10003BFCCF951835FCFF973A80A608131495C70616B9FCFF951F85F46FA73A8006043
:2088D100815C07616B9F46FAEF4F8FC7F9705C70DD3460314A5C074F43FA61C329FEAC005D
:2088F100D1DD238FC7F9314A5C075004D60420FA14A95C036168DD0EAFC6F9BFCEF9AFC4EA
:20891100F9BFCCF9EF03FEE9108FCFF9314A5C07318EB1B8067120CFF9AFCEF9B802316D56
:2089310016A806312D0424FA14A95C03B80012AFCCF9B80431AE075C034361D320A8045CE8
:2089510003161331AD07BFCCF9A802085CF00812A800316E616B08616A08BFCEF9A95C03DD
:2089710012AFCCF9145C034361D30715FE3F10BFCCF93628208FCFF9718471899FCFF93628
:2089910052FA718471999FCFF9100CD7C78FCBF975316A748FC7F9314A5C0791318E1231C3
:2089B1002CC0C34927FA316A614CDF34655CC0DF0AFE1C106168E1DF24C6D74C80DD044C5B
:2089D10040DF1DFE0A106168DF16C2C37926FA7FCBF9087FCAF95CF0085C3FEFD7F1EFD95B
:2089F100F1EFD62008AF5220BFD6F9AF5020BFD4F9AF5620BFDAF9AF5420BFD8F9AF5A209B
:208A1100BFDEF9AF5820BFDCF9AF5E20BFE2F9AF5C20BFE0F9AF6220BFE6F9AF6020BFE4C9
:208A3100F9AF6620BFEAF9AF6420BFE8F98FCDFE312A5C079F40FAAF36205C0312AFD0F9A3
:208A5100F05CFC03BFD0F96C905C93BFD0F9AFD2F9FE480FBFD2F940C6FE02DF14FE660FFA
:208A7100128F3320318E317D5C01085C800803EF03FE520FBFD2F936C9FE8FD3F971D4714F
:208A9100999FD3F93652FA718471A99FD3F9FE050F8FD3F971B99FD3F95C0F704040FA026C
:208AB100E13C00718C6071C936C9FE71E471D99FD3F9F198024F40FADE78318E12312CC092
:208AD100C349D3F9316AD1DD044C02DF3EAFCCFE5C0332F401CEFB0116A80004D0F9B800E9
:208AF10014AA02316DB806A9B80431AE14A80635055C031417360000CEFB0B0014A8045C59
:208B110003121543DE275C0312EF1A91DF1FAFCCFE5C0312A80004D0F9B80014A9B8045CDD
:208B3100034361D308C4C5A804FE820EB9880281EF811008D7200AC1AFCAFEB802F6B804EE
:208B5100A800340000320E00FC61AE00AF34205C0312C4C5A9F05CFC03B96C905C93B9AAE5
:208B710002FE380EBA028F322031495C30708A025CCF61689A0236C9FE8A0371D471999AFC
:208B9100033652FA718471A99A03FE090EC4C58A0371B99A0336272032F401718471C99A34
:208BB1000336C9FE71E471D9775C3F9A03A8025C03CEFB01B80A13B808675C3E40C6FE02E7
:208BD10061F8718A9A031504040014AF3A20BA02AF3820B9A8001204080014AF3E20BA023A
:208BF100AF3C20B913040C0014AF4220BA02AF4020B91304100014AF4620BA02AF4420B9FC
:208C11001304140014AF4A20BA02AF4820B91304180014AF4E20BA02AF4C20B9F198028F55
:208C3100CBFE312A5C07980370518012A8047C804361C8EEC500A80014040300168B5CC067
:208C51004CC0DF3C15A1A114A9311EF1FE690D1613B806C4C589980371FB318E12A8064451
:208C710000001761F843A8064400001761F843DC02C3C6880371FC66FBF8FF71F999EF7072
:208C9100AA0212316CA9B80631AE035C03FE280D14A8065C0316F6431761F84561C306C47A
:208CB100C5A95C0314155C0316C4C5A9F05CFC07B806B9AA0212316CA80631AE035C03B83E
:208CD1000644900130F4011261D8322C0117FBF8FF4361D30FA80644900132F401DE093287
:208CF1002C01EF04A95C0312A9FEC20CB9615902AB040400BB617904EE24FF88029F4CFA73
:208D11008803100CD7200C30ECF9B80430ECF9FE23FE98009F41FAF7D941FA518014137CA2
:208D31008045DE53A80416FED30B4CC0DF28AF42FE340500CEFB0300B8028B980171FB310C
:208D51008E14A80245DC0315B802880171FCA8026071F99BEF17EB42FEABB8025C03456123
:208D7100E314155C0314A802F05CFC05BBA804040400B804A3EFA140C6FE02DF71C0C18FA8
:208D91004CFA776140DD67FE190CDF62675004D604E8F9B8028800318E1614B515B806177C
:208DB100312D04E8F9B804D94CFA518016157C8047DC3BA8041450058971FBD6B808A802E4
:208DD10016ABB80A5C0314A8084561C8155C0314A80AF05CFC05BBA80404FCFFB804A8021B
:208DF10004FCFFB802A80614B515B806EFB913312D04ECF9B802C0C1518014137C8045DE0B
:208E110011A80214F6B9BA02A802040400B802A3EFE4100CD7F614320E0030D0F9FC61AEE4
:208E3100005400E7A33040FAFC4DAE008F3BFE4C08DF2EE541FAAFECF9F05CFCBFECF96CAD
:208E5100905C93BFECF9AFEEF9FE500BBFEEF9513E5FEFF940C6FE0261F8718A9FEFF9EFA3
:208E7100144C21DD0D36C9FE31E30736C8FE71B461D8FE90FE36C8FE31A30D36C9FE31E38A
:208E910007403BFE1161E8D7EE58FBFE080B36D3F971B1FE000B36EFF971B1D78FC8FE70B5
:208EB10031251951DD5FD3F9728FC9FE7371DC627199726371EC6271D99FD3F96071BC61AE
:208ED100C8D751DD5FEFF9738FC9FE7071DC637199736071EC6371D99FEFF9D720048FCFBD
:208EF100F9314A5C0791728FEFF9703105128FC6FE7391DF0B7108EFF951EF5F4FFEEF18C3
:208F11008FC6FE734C02DF1360718A9FEFF936CEF98F4FFE71F471C99F4FFE624F41FA61A7
:208F3100C8EEA700318E312DB80004C4F916042B001417042800B802895CC04CC0DF55935F
:208F5100DF0CFEC0FDCF56FA03510C1004D7A802148971FB70517F5FCCF9614861C36CA5FB
:208F7100500589D612AFCEF9317D14AFCCF9319E055C071443DC54C2C379EEF9311EF11279
:208F9100312D0312154361C3428FCFF9FEF70951031004D78FCFF99802EBCCF931330636BA
:208FB100CFF931A50DAFCEF9316D12AFCCF931AE0314C2C379ECF95C0312155C034361C336
:208FD1000A4242FE61C3048802EFC151041004D7C5C32006C1168812318E12B313B802C31F
:208FF100C415BB13FBF8FF317336312D1261090AFE0A094C40DF218814318EC1FE7809B819
:2090110006A1A116AB12A80616ABFE2F021271FCC6A8081413B9DE08C6C7ABB11412EFC10C
:20903100A800A1B8041631F545A80212C3C4FBF8FFAB35B913317336312D1261090AFEBC40
:20905100084C80DF218814318EC1FE2A09B808A1A116AB12A80816ABFE3B011271FCC6A871
:20907100081413B9DE08C4C5A9B11412EFC0A8041631F543A80212FBF8FFAB14A802B9134B
:20909100317334312D1261090AFE7108DF218814318EC1FEE108B804A1A116AB12A80416F6
:2090B100ABFE17001271FCC6A8081413B9DE08C4C5A9B1B802EFBFE1100CD7C5C1200E3120
:2090D1006CA80E31AE03B80A5C0316321500FE8008B80617FBF8FF321300FE7408B80888A9
:2090F10016318EB80412312DB80C61091004FCFFBB13EF33317335ABFE02084C40DF21AB6E
:20911100FEED0712A8084361C316ABFED90714A80645DC0CA80EFE4308FBF8FF4361D30C21
:20913100AB04FCFFBBA802B1B802EFC8A802317562A81061090C04FCFFBBA804B1B81031FD
:20915100734FABFEB707DF2CAB14AA0212316CA931AE037E0B087E0A085C036168DF0CA948
:209171005C0312A80E5C034361D326AB04FCFFBBA810EFC84C80DFF3ABFE740712A8084320
:2091910061C3E8ABFE600712A80643DCDEAB14EFCEA8101012D7C5200CFE9D07EF2C317366
:2091B1002EA800FE57074C40DF1BFE6F0761C315A800FE320714FE270745DC09A802FE9BAD
:2091D100074361D30AFE1007A806B1B806EFCFA806FBF8FF317562FE2B07B1B80C317357BE
:2091F100ABFE1907DF17ABFE060716321500FE6007B80617321300FE570716EF0F4C80DFF2
:209211002DABFEEB061615FEDD06B806A80412316CA80231AE035C0347FBF8FF61C30FFEFC
:20923100BE06614906DC07ABFEE60661D309AB04FCFFBBA80CEFA3A80C100ED7C5200CFEB1
:20925100F706EF2B31732DA800FEB1064C40DF1AFEC90661C314A800FE8C0612FE8106431C
:20927100DC08A800FEAA0661D30AFE6B06A806B1B806EFD0A806FBF8FF317303EE9000FE57
:209291008306B1B80C317503EE8200A800FE6D06DF27A800FE590616321500CEFB02341412
:2092B10000CEFB0300B80617321300CEFB02341400CEFB0300B808EF114C80DF48A800FE7F
:2092D1002E06B80815FE1F06B806FBF8FFA80412316CA80814A80231AE035C034561C32509
:2092F100FEFD05614906DC1DA8025C0332F401CEFB01360000CEFB0B0016C4C5A95C0312F7
:20931100174361D308FED005A80CEE75FFA80C100ED78FDCFE9F6AFAF56BFA8FD7FE9F6CDF
:20933100FAF56DFA8FD4FE70312A5C069F6EFAE570FA403BFE21F161F88FDDFE9F6FFA8FFD
:20935100CFFE31131536CFFE31B51631C306CF6BFA08EF0DCF6BFA10EF07719A5C069F6BF4
:20937100FA364DFAF131A506CF6DFA0251027331B50671AA739F6DFA31E50671BA739F6D54
:20939100FA603125066371CA9F6DFAAF68FA6C03086C80085C03BF68FAD78FCFFE70311A78
:2093B1006150605C01D7CF45FA027128D1FE3646FA71E461C871307CFB716846FAD7363E6F
:2093D100FE3183247184F11C003647FA31A319D1DF163649FA31831036C9FE31850A8FCE23
:2093F100FE316A5C017C01D7F1D78FCEFE312A5C034C03DD174C01DF06363EFE31830D4C41
:2094110002DF07E15F3EFE7C01D7F1D7E1D736C9FE31E52B51C05F47FADF243647FA31C3A6
:209431001E8FCEFE312A5C034C01DF08363EFE318502E1D74C02DF07E15F3EFE7C01D7F1DD
:20945100D7711049FAFE76FFD1DF0CFE7F04CF56FA0BCF44FA44D7FE3A04D751035FCEFECC
:209471004C03DD1F4C02DF07FC254C00D1DD1451035FCEFE91DF0AFC254C0091E161E8F11B
:20949100D7F1D7E1D736C9FE31D53151035F47FADF2A3647FA31C32451035FCEFE4C02DFF8
:2094B10009FC254C00D1DF02E1D751035FCEFE91DF0AFC254C0091E161E8F1D7F1D736498B
:2094D100FA31930BE15F3EFE30020361E860D75144D7510F5F45FAD7CF64FA18EC829C00F1
:2094F10036C9FE718461C8D7CF64FA07712047FAD7200451A06F3EFE71EB9F3EFEFCA04BAE
:2095110000D1DD37F545FEFCBC4B00D1DD2DAF80FEB800AF82FEB8028800315A5C034C01B2
:20953100DF05302C01EF074C02DF0630F401BF42FE51606F3EFE71FB9F3EFE1004D7AF68E7
:20955100FA6C0C5C0C085C7F08FE59038F68209F74FA8F69209F75FA8F6A209F76FA8F6B6F
:20957100209F77FAAF6C20BF78FAAF6E20BF7AFAAF7020BF7CFA8F72209F7EFA8FCFFE7056
:20959100311A5C0173DD0660718C6371999F7FFA36CFFE31B50831C30571AA9F7FFA8F73BB
:2095B100209F80FA8F74209F81FAD7AF68FA6C0A086C80085C0AFEEC028F75209F74FA8FB8
:2095D10076209F75FAAF7820BF76FA8F7A209F78FA8F7B209F79FA8F7C209F7AFA8F7D2080
:2095F1009F7BFA8F7E209F7CFA8F7F209F7DFA8F80209F7EFAD78F8120318E040400123169
:209611007CAF68FA319D319E03BF68FAAF1820BF6AFAAF1A20BF6CFA8F82209F6EFA8F8389
:20963100209F6FFA8F84209F70FA8F85209F71FA8F86209F72FA8F87209F73FA8F88209F1F
:2096510074FA8F89209F75FA8F8A209F76FA8F8B209F77FA8F8C209F78FA8F8D209F79FA19
:209671008F8E209F7AFA8F8F209F7BFA8F90209F7CFA8F91209F7DFA8F92209F7EFA8F9313
:20969100209F7FFA8F94209F80FA8F95209F81FA8F96209F82FA8F97209F83FAD7AF68FA1D
:2096B1006C095C09085C7F08BF68FAF6B1BF6AFAF6BF6CFACF6EFA4ECF6FFA6FCF70FA74F5
:2096D100CF71FA20CF72FA53CF73FA75CF74FA70CF75FA70CF76FA6FCF77FA72CF78FA7470
:2096F100CF79FA65CF7AFA64F57BFAD7AF68FA6C025C02085C7F08BF68FAFEA001DF17AF9D
:2097110066FABF6AFA8FD6FE9F6CFA8FD4FE3159314A9F6DFAD7F6B1BF6AFACF6CFAFFF517
:209731006DFAD7FC763D00343E064100BA2E11AF0A20BA3211AFFA00F05C0F16510F5F23A7
:2097510020318E128F1020318E31CD0703BA3EA96C02B9D78FD2FE0CFE61F8EE98000CFE90
:2097710061F8EEDA000CFD61F8EE93009161F8EE92009161F8EE91009161F8EE94009161A3
:20979100F8EEA6000CFE61F8EEA3000CFD61F8EEB2009161F8EEB1009161F8EEB0000CFE1B
:2097B10061F8EEAE000CFE61F8EEAC000CF461F8EEAA000CFD61F8EEB7000CF661F8EEA1C4
:2097D100000CEC61F8EE9F009161F8EE9E009161F8EEA2009161F8EEA1000CFE61F8EEA43C
:2097F100009161F8EEA3000CF661F8EEA1004C0E61F8EE8B00D7CF56FA0ECF44FA12D7CFFE
:2098110056FA05D7CF56FA0AD7CF56FA0CCF44FA58D7FEA9FBD130440B61E830510D9F56E6
:20983100FA609F44FA711049FAD7FE6700D751035FD3FEDF05CF56FA13D7CF56FA23D7CFB0
:2098510056FA08D7CF56FA14D7CF56FA15D7CF56FA18D7CF56FA1CD7CF56FA1FD7CF44FA71
:2098710021D7CF56FA0FD7CF56FA1AD7CF56FA1BD7CF56FA1ED7CF56FA1DD7CF56FA16D786
:20989100CF56FA12D7CF56FA30D7CF56FA31D7CF56FA32D7CF56FA0DCF44FA51D751C05F69
:2098B100CBF94CC0D7BF68FAAF1820BF6AFAAF1A20BF6CFAAF1C20BF6EFAAF1E20BF70FA8F
:2098D1008F22209F72FA8F23209F73FAD751406F47FA71FB9F47FAD7A80404FCFFB804D744
:2098F100A808314E5C03D7A1A114A9314E5C03D714AA0212316CA931AE035C03D704030007
:2099110014895CC0D7A81061090A04FCFFBBA80CD714A95C0312A8065C0343D7A8081231ED
:209931006CA80414AA02316D16A931AE075C0314A80631AE035C0345D7B80613B80888164E
:20995100318EB80C12312DB80E0504FCFFB80413D7CEFB02341400CEFB0300D75C03121557
:20997100CEFB0136000034F401CEFB0B0016A80414A95C031217D7A81614FBF8FFA7A7A742
:20999100A71361090CD7314A5C077051F85F46FA61689F46FAD7FE01FA718CD7086C015C5C
:2099B100F108D75004D604EBF914895CC0D7F05CFC616B08616A08D714A80C12A80E360098
:2099D10000CEFB0B00D7AFD2F95CFE085C7F08D7A8040424FA14AA027FCBF9087FCAF90812
:2099F10012316CA97FC9F9087FC8F90831AE035C03D7AFCCF95C0312AF36201431AD03BFB7
:209A1100CCF9AFCEF9085CF0081215316D31CE03BFCEF9AF24FA5C0312AFCCF9F05CFC0354
:209A3100BFCCF951106FCFF95C979FCFF9E16F46FA5CF99F46FAD7CEFB0116A8080424FA52
:209A510014AA02316DB806A931AE14A80635055C031417360000D704D3F914895CC04C40A9
:209A7100D75103FC80AD00D7FE53FA9F44FAD75103FCB8AD004C02D75103FC57AD00D7FEA8
:209A91007ADDF54AFAD7318E125103FCB8AD0091D7711849FA404AFA025003D730000AFEAC
:209AB1005ADD714045FACF44FA458F3EFE718CD7AFCEF9BFC6F9AFCCF9BFC4F98FC7F93119
:209AD1004A5C075004D604C4F912D7FE12FAFC829C00CF64FA05D771307DFB7100D1FED797
:209AF100CF56FA0CE16F47FA719B9F47FACF44FA58D7F6BFDEFED72004FBF8FF8FDEFE9BED
:209B1100314A708FDFFE736D61685C0198018B70311A7263311A7560315A616A616D5C0182
:209B3100748F3BFE724C21DF2F36CFFE31D51D8800313315718B75718A709FDEFE88007174
:209B51009C60DE12656C05EF0A31D30C8800313507719A9FDEFE9800624C11DF2A36CFFE4B
:209B710031E51A880031731271CB7071CA9FDEFE8800315512606C50EF0A31E30A880031F8
:209B9100750571DA9FDEFE624C21DD044C11DF2D51805FCFFE70DD1B63313314718B72713C
:209BB1008A709FDFFE63719C60DE11626C05EF09D0DF0A63313506719A9FDFFE738FDEFEA7
:209BD10098025C77708FCFFE980071DC6071B970880071EC6071F99FDEFE880270312A726B
:209BF10063312A7560316A616A616D718C6371E973880071FC6371B9759FDFFE60311A72D0
:209C110063311A7760315A616A616F5C0172880170D0DF1B880270314A77636168616FFB13
:209C3100F8FF5C014E01DD076571CA759FDFFE6571EC6471E9D1E061F8F0D2DD0B60310333
:209C5100076571DA759FDFFE65314A73880070315A7260316A708800317A7465315A616B35
:209C7100616A61685C01616C30000761E8601004D720088F64FA7031430F8F65FAD1DD1492
:209C91006148DD109F64FAEF0B714864FAFECE03710863FA8F64FAD1DF07710863FAEEA959
:209CB100033663FA318503EEB10291DD3F9161F8EE620291DD6B9161F8EE00019161F8EE30
:209CD1001B019161F8EE4C019161F8EE21029161E8EE6A0236C9FE31850B363EFE7194616D
:209CF100D871707AFB712847FAEE090271407AFBF6BFD8FEBFDAFE51F85F62FA9F62FAD536
:209D11003BFE61E8EE370271EA5C789F62FA302003BF60FAAFC021BF5EFA710063FAEE1D73
:209D31000271507AFB8FCBF9316A91DD1191DD6991DD43AFCAF9FE5C03323200EF74AFCAD6
:209D5100F916FE50031417314E5C0305321900CEFB02B800BFD8FEAFC8F95C0332F401CE5D
:209D7100FB01360000CEFB0B0012BFDAFEAF42FE4361C30AEF0BFE3303B800FE2303BFDA20
:209D9100FEA800BF60FAFED50251075F46FA7051F85F62FA6168EEA201AFCAF914316D1223
:209DB10015314E5C0314AFC8F931AE035C0305321900CEFB02B800FECC02EFC271107AFB94
:209DD100F6BFD8FEBFDAFE302003BF60FA308A02BF5EFA51406F62FA5C47EE090171007A2F
:209DF100FB308813BFD8FEAFECF95C03320A00CEFB02BFDAFE308E12BF60FAAFC221BF5ECE
:209E1100FAE16F46FA5CF99F46FA51886F62FA5C8FEED20071207AFB51C05FCBF9754CC069
:209E3100DF09FE870216FE7802EF10AFCAF9FE6402323200CEFB0216FE4B021217B80213B9
:209E5100BFDAFED946FA6098018F62FA9800313A61785C07DF58654CC0DF42A80212EB604E
:209E7100FA154361D30F04F40143DC09FE0E0271EA71FBEF211547DE131704F4011215436F
:209E910061C309FEF70171FA71EBEF0AAFCE21BF5EFA88005C3F7317BF60FAEF3DAFCE2189
:209EB100BF5EFAA802BF60FA88005C3FEF2BFECC015C3F9800A8024260FA61D30F325F0062
:209ED100FEA001BF60FA880071FAEF0D326900FE9101BF60FA880071EA73635CC7708801B1
:209EF1003159312A61689F62FA710063FAEF4F36C9FE31830671183EFEEF143647FA8F3ED9
:209F1100FE71A471999F3EFE719C367AFB71E1FCADA600EF2971307AFB308813BFD8FEBF92
:209F310060FA30F401BFDAFEFE3301E1706F46FA5CF99F46FA606F62FA5CF99F62FA366380
:209F5100FA318309F564FAF565FAEEFD008F64FA9F65FAE1FC57AD00EEEF00DB5EFAE1FCEE
:209F7100B8AD009161E8EEBB008F63FA9800310303EED6008F62FA98015CC061F8EECA00B8
:209F91004C40DF3CAF60FAB806325C00FED4001413440000DB70FB13B8041561F843DE745F
:209FB100FECE00DE6FA806326C00FEB600FBF8FF14134400001561F8614904DE45EE8A0063
:209FD1004C8061E8EE8300AF60FAB806326C00FE91001413440000DB70FB13B8041561F808
:209FF1004361D330FE8A00DE2BA806325C00FE7200FBF8FF14134400001561F86149046192
:20A01100C3488B5CC17088028161015C3E61689F63FAEF36AFCC21BF5EFA88015C3F9F6243
:20A03100FAEE2FFFE1FC80AD00FE3200F564FAF565FA51C05F63FA70513F5F62FA9F62FA95
:20A05100609F63FAAFD8FEBF60FA3663FA510731850951C05F62FAE161E8F11008D7F6BFC0
:20A071005EFAD7CEFB01360000346400CEFB0B00D78804311A98065C1F4FBF21D7AFC621D1
:20A09100BF5EFA8804D7BFD8FEAFC8F95C03320A00CEFB02D7316D12AFC8F931AE035C0392
:20A0B100D7BFD8FE30327F5FC4F9D6D7AFC6F9317D12AFC4F9319E035C07321400CEFB0299
:20A0D100D7E6A1BFC2F936C8FE30100071A461C8F612086C01081436C9FE31B50EAFC2F929
:20A0F1006C02BFC2F913086C03081431950EAFC2F96C08BFC2F915086C08081431A50DAF56
:20A11100C2F96C04BFC2F915086C04086C80086C2008BF8A05717BE7300300BFC0F9AFC829
:20A13100FE31CD12AFC2F9616B08616AFE6A0B6C40FE650B6C80FE600B6C02FEAD0ADF080B
:20A15100AFC2F9086C18EF0A4C02DF0AAFC2F9086C0808BFC2F936C8FE31A30B31B512AFDE
:20A171008605085CFEEF06AF8605086C0108BF8605349405AFC0F9B9AFC2F9BA02300303A1
:20A19100BA10EE4207C78F3AFE4C01DD074C0561E8EEA30034A805301800BA02A9086C04BD
:20A1B10008B9FE7909FECE0ADF12AFC2F9F05C806168DD12AF8605085CFEEF06AF860508C5
:20A1D1006C0108BF8605403AFE01DF10FE2A0A71083FFE300081FC0D7800EF0F348405A9C9
:20A1F100085CFE08B9A9086C0108B9FE880ADF0FAFC2F9F05C806168301000DF05EF063086
:20A211000800BF8E05302111FE2F0A5100318E1432E9A95112FC273D00363FFE31951271D3
:20A23100284EFA301100FE1B09510D5F3FFE9F3FFEFE0D0AEED0004C04DF47AF9805B80017
:20A25100FE9108F53BFEA800F112FEDD0934B62161F834B72189F003BF9805FEC008FE0489
:20A271000AFE1B0AFEE609FEC608FEFF09716879FB716040FE51906F3FFE5C9D9F3FFEEE35
:20A2910085004C02DF39E16F3FFE9F3FFED53BFEDF0C311309300082FC0D7800EF0471007C
:20A2B1004EFAFE2F08F53BFEFED409716879FB716040FEFE7A08FEB30971183FFEEF484C28
:20A2D10003DF2AF6BF8005FE2F09E16F4EFA71AB9F4EFA3000716F3FFE71FB9F3FFEF53B91
:20A2F100FE71103FFE5183FC0D7800EF1A364EFA318314FE5009DC0C51F05F3FFEDD05FEF1
:20A31100B501EF03FE0604FBF8FFF53AFE717BFAFE330961C8EE380151F05F3FFEAF8E05CE
:20A331006061E88F40FE5C1F9B511F5F40FE704DDD388B4C0CDF08AFA405086C04EF0B60AD
:20A351004C0CDF0AAFA405085CFB08BFA4058B4C0B8F41FEDF0A71FA9F41FEFE0709EF0A9B
:20A37100317507FEEF08717841FE511FFBF8FF5F40FE734D61F8EE8B008B7063FECD07D170
:20A3910061E8EE7F00511F5F40FE4C0CDD084C14DD044C1CDF14716040FE88004C0ADD073F
:20A3B100716879FBFE8907FEC20888004C11DD084C19DD044C09DF12716079FB300300BF5C
:20A3D100C0F9AFC0F9BF9405EF3A4C0CDD084C1CDD044C14DF1E716079FBFE8F08363EFE9B
:20A3F10032200071A461D8323000A9616B08616A08B9EF104C10DD044C08DF08716879FB7D
:20A41100FC35AD008800FEE104FBF8FF8F41FE735C1FDF11AF8805605C0FDF0951E05F4085
:20A43100FE6D9F40FE633175278FB521318E12AF9A05312D5C03085CFC080312FE1D08DFD3
:20A451000FFE1108717841FECF3AFE04716040FE717AFA8F40FE733163553679FB31E34572
:20A4710051F05F3FFEDF3E6331733BFE0808DD27635C1F4C08DD20FEB9074C08DD19FEB296
:20A4910007DD14AFB0016031030AFC00AD005104FC57AD00E1C6D75104FC80AD007170409A
:20A4B100FE5107C6D76371FB9F40FE5103C6D75C3F9F40FEF1C6D7C78F3FFE314A980091BE
:20A4D100DD600CFE61F8EE95000CFD61F8EE1A019161F8EE44019161F8EE52019161E8EECD
:20A4F1008001AF9805318E12FE710761E8EE7201FE6207FC35AD00AFC2F9F05CC04400800E
:20A51100DD1AAFC2F9F05CC04400C061E8EE3A0151035FC8FE4C0261E8EE2E01301000EEEC
:20A531002B01AF8605F0128FCBFE315A5C034C03DF0613086C9CEF0E4C02DF0613086C4C06
:20A55100EF0413086C0408348605B9AA026C10BA02FE110751306F3FFE5C3FEE0101AF92F9
:20A5710005F05CC06168DF2BAF9205605C0791DF0AAF9205605C384C08DF13AF9205605CE1
:20A591000791DD0FAF9205605C384C08DF05301400EF1EDBA621FEC306DD13AF70FB44E5C7
:20A5B10002DE19AFA005318E12FEB006DF0E300A00FE9005510F5F3FFE9F3FFE51F05F3F47
:20A5D100FE61E8EE9C00FE8C068F41FE705CE09F41FE60316307AF84055CFDEF05AF8405F9
:20A5F1006C02BF8405FE5906EF78D53BFEDD0771004EFAF53BFE8FB621318E125106FCB8B5
:20A61100AD0091DD5DFE4D06FC35AD00FE3E06FE5A06301000FE2C05EF3DAF70FB442103C5
:20A63100DE40FE400651806F3FFE5C8FEF3132F401FE2806DF09FE1C0671204EFAEF1BFEE3
:20A651007A04D1DF1DFE1D06EF18300800FEF404300062FC0D7800FEE705510F5F3FFE9FB0
:20A671003FFEC0C18F3FFE314A6140DF02C6D7716040FEEFF88F3EFE718C718B735011DC3B
:20A6910005718A735021639F3EFE609F3BFEFE0D03F1FE4F04300008BF8205D7363EFE3107
:20A6B1009320FE8505DD19AFC2F9F05CC0440080DF0E3641FE31D307FEAA05715041FED72D
:20A6D100EF2A3484053641FEA96C04B931D507FE8305715841FE363EFE31A30834A405A9DD
:20A6F1005CFDB9D734A405A95CFEB9D7348405A95CFBB9AA206C03BA20D791DF083484055B
:20A71100A96C02B9D7348405A95CFDB9D72004DB8805C0C3AF8E05315E6071BC8F3EFE7189
:20A73100B9759F3EFE51F05F3FFE61E8EE5801625C0F61F8EE0201A800314D31CEB802FE9E
:20A751000405DC14511F5F41FE4C14DF0B65718A9F3EFEE6B802EF16A80031CE60718C654E
:20A7710071899F3EFE34AA05A9086C0808B98F3BFE318E12A80243DD08716040FE71004EF1
:20A79100FA6168DD19A80212B1440200DC2504FDFFDD20440400DD1BCF3BFEFFEF3DF53B9B
:20A7B100FE348A05A9085C3F08B9FC35AD00FE6D03EF288F3BFED1DD044CFFDF06629F3B71
:20A7D100FEEF0471084EFA91DF11363EFE302100718461C8301100609F3BFEFEC001FEA975
:20A7F10000AF8805B80031BE6071AC363EFE8F3BFE71A14C21DD424C11DD3E4C08DD3AFE2F
:20A8110031044C10DF30511F5F40FE4C0CDF27348005A9085CFE08B9E6A1BA0E8F41FE7307
:20A83100315310FE0404DD0BFEE903CF3BFE1171084EFAFED303FE9B02403BFE11DF25A81C
:20A851000031EE12AF9205F05CC0616862DF184F44FEDD0B36D1FE718461D871207DFB9FEE
:20A8710044FEEF03F544FEA800BF88053641FE31D5118FB621318E12FEE103DF06FED50308
:20A89100FECA031004EF031004D7FEB903DC378F41FE705C1F4C14DF2D605CE09F41FE344B
:20A8B100AA05A9085CF708B9301400FE96023641FE31E307AF84055CFDEF05AF84056C027E
:20A8D100BF8405FE7B03D7302C01BF42FE511F5F3EFE9F3EFEF545FE348405A95CFEB9EEEB
:20A8F100CD02348405A96C01B9D770511F735F40FE6148DD2C635F41FEDF26600CF74C03BB
:20A91100DC130CFDDD0A0CFB4C02DC104C0ADF1130470DEF03302111FE1F03D730E502EFEB
:20A93100F7D712FE0D034C0CDF1F13448813DF0730470DFE0403D7321400CEFB0136000044
:20A95100341B00CEFB0B00EFEAD7C7C1AF6EFBB802327300CEFB01360000343075CEFB0B67
:20A971000014C3C6A8002532003CCEFB0114C0C3F661D8B127FBF8FF32003CCEFB026109F1
:20A99100001215360000347300CEFB0B0016A8021417360000CEFB0B00316D1004D7AFC2DF
:20A9B100F9F05C20616861F8D751035FC8FE4C02DF0D403BFE21DF11AFC2F96C10EF0F4CBB
:20A9D10003DF0E403BFE21DFEFAFC2F95CEFBFC2F9AFC2F9BF9605D7AF88056071DC61C832
:20A9F100D7FE4F027051E05F41FE6168739F41FE600CFEDD400CF9DD640CF8DD6B4C08DD7D
:20AA110072AF8405F05C026168E661F8F660718C6371E99F41FE348405A96C02B9300C006E
:20AA3100BA0A635C1F4C13DF5B51106F3FFE5C1F9F3FFEEF4F63315308FEEE0161E8FED332
:20AA510001FE9000FED70051E05F41FE9F41FEFEB701348805A9085C0108B9EF27348005BF
:20AA7100AA285CFDBA28EF14348005AA2A085CFD08EF07348005AA2A5CFDBA2AE6B9635CA1
:20AA9100E09F41FE716040FEFC794200348805A9085C2008B9D751045F3EFE73DF11AF8C0D
:20AAB10005605C074C03DF02E1D7D3DF02F1D7AF8C05605C384C18E161E8F1D7AF8C05602F
:20AAD1005C0791DF02F1D7AF8C05605C384C08E161F8F1D7FEF0FD71083EFE51F35F3FFEBE
:20AAF1009F3FFED77340C6FE02DF2B363EFE318525AF8405F05C016168DD1B93DF08AFC291
:20AB1100F9086C40EF06AFC2F9085CBF08BFC2F9AFC2F9BF9605D7AF880531FE60D734A85A
:20AB310005A96C02B9AA026C02086C0208BA02D7F6BFC0F9349405AFC0F9B9AA10085CCFBB
:20AB510008BA10D712FEB10013BA0AD7C17388004C10DF05634C08DD3F88004C08DF0563DA
:20AB71004C10DD3488004C14DF05634C0CDD2988004C0CDF05634C14DD1E88004C08DF0588
:20AB9100634C18DD13634C08E061E8F088004C18E161E8F16158C6D7E1C6D7348805A908D0
:20ABB1006CC05CC008B9AA02086CC008BA02D7AFC2F9085CE7FE3300DF08AFC2F9086C183D
:20ABD100EF0A4C02DF0AAFC2F9086C0808BFC2F9AF80056168DF07AFC2F9BF9605D734809A
:20ABF10005F6B9AFC2F9BA16E6B9D708BFC2F98FCBFE315A5C034C03D7348405A9085CFC30
:20AC110008B9A9086C0308B9D751606F3FFE5C6F9F3FFED734A405A9086C2008B96371DA46
:20AC31009F41FE5106FC57AD00D7AF8405F05C046168D7AF8E05605C1FD7FE0DFDBFA2056D
:20AC5100D7E6BF8005D7AF800560718CD7715841FEFE98FAD75106FC80AD00D75106FCB8D2
:20AC7100AD004C02D75106FC57AD00D734A405A9085CCF08B9D7AFC2F9F05C406168D734A8
:20AC91008005A9085CFE08B9AA06085CE208BA06F6BA0E30FF00BA08D708BFC2F9AFC2F922
:20ACB10008D736F000300F0A718234F000BAC4F6BAC6716AE5716BE1713AE6713BE2711A03
:20ACD100E6711BE2714AE6714BE2715AE6715BE2712AE6712BE2716AED716AE9BAA0AAC81A
:20ACF100085CFE08BAC8AACA085CFE08BACAD7AFB0016031032DF6BF20FE5100318E1432D4
:20AD110050AD5108FC273D0034B201AA04086C0408BA04C918DB05716BE1716BE5A9086C3D
:20AD31000108B9D7AF38FE6168DF10AFB0016031050934B401A9086C0108B9716BE1D7A2CF
:20AD510020FECEABACD7C79800FEA3FF8800735002D60422FE14AF20FEB9E6D3DD040193BA
:20AD7100DFFC6F39FE086F38FE08BF38FEC6D7C774DB38FEC0C364D1C3C66475DD08173167
:20AD91001E169512DFF864318E1462310515E764D1DD05311C91DFFBA800617B08617A08E7
:20ADB100BF38FEC6EE7DFFC79800C3C4FB38FE8800D173DD0717311E1693DFF98800318E68
:20ADD1001266718CF6B800FB20FEF1DE29311C7922FE121743DE0A04FFFF16F661D8A1B854
:20ADF10000172312A80061D8B14400001361F84530010261E360C6D7C1C7C3C6C5C2F6B8B5
:20AE110000A80043DD11A80214899BA800A1B800A7A515B802EFEA1004D7C1C7C3C6C5C2EE
:20AE3100F6EF1243DD13A80214A9BBA7A7A5A515B802A800A1B800EFEA1004D7C716F6B8FE
:20AE51000043DD0A649BA800A1B800A7EFF3C6D7C716F6EF0A43DD0B15BBA7A7A800A1B87B
:20AE710000EFF2C6D720061662318EB8020714B5F7C0C3A802311EB80413F112A8043343F5
:14AE9100DE0F8B70899B6099B5C2C3A3C0C3A7EFE21006D7E3
:20AEA50000000000000000000000000000000000000000000000000000000000000000008D
:20AEC50000000000000000000000000000000000000000000000000000000000000000006D
:20AEE50000000000000000000000000000000000000000000000000000000000000000004D
:20AF050000000000000000000000000000000000000000000000000000000000000000002C
:20AF250000000000000000000000000000000000000000000000000000000000000000000C
:20AF45000000000000000000000000000000000000000000000000000000000000000000EC
:20AF65000000000000000000000000000000000000000000000000000000000000000000CC
:20AF85000000000000000000000000000000000000000000000000000000000000000000AC
:20AFA50000000000000000000000000000000000000000000000000000000000000000008C
:20AFC50000000000000000000000000000000000000000000000000000000000000000006C
:20AFE50000000000000000000000000000000000000000000000000000000000000000004C
:20B0050000000000000000000000000000000000000000000000000000000000000000002B
:20B0250000000000000000000000000000000000000000000000000000000000000000000B
:20B045000000000000000000000000000000000000000000000000000000000000000000EB
:20B065000000000000000000000000000000000000000000000000000000000000000000CB
:20B085000000000000000000000000000000000000000000000000000000000000000000AB
:20B0A50000000000000000000000000000000000000000000000000000000000000000008B
:20B0C50000000000000000000000000000000000000000000000000000000000000000006B
:20B0E50000000000000000000000000000000000000000000000000000000000000000004B
:20B1050000000000000000000000000000000000000000000000000000000000000000002A
:20B1250000000000000000000000000000000000000000000000000000000000000000000A
:20B145000000000000000000000000000000000000000000000000000000000000000000EA
:20B165000000000000000000000000000000000000000000000000000000000000000000CA
:20B185000000000000000000000000000000000000000000000000000000000000000000AA
:20B1A50000000000000000000000000000000000000000000000000000000000000000008A
:20B1C50000000000000000000000000000000000000000000000000000000000000000006A
:20B1E50000000000000000000000000000000000000000000000000000000000000000004A
:20B20500000000000000000000000000000000000000000000000000000000000000000029
:20B22500000000000000000000000000000000000000000000000000000000000000000009
:20B245000000000000000000000000000000000000000000000000000000000000000000E9
:20B265000000000000000000000000000000000000000000000000000000000000000000C9
:20B285000000000000000000000000000000000000000000000000000000000000000000A9
:20B2A500000000000000000000000000000000000000000000000000000000000000000089
:20B2C500000000000000000000000000000000000000000000000000000000000000000069
:20B2E500000000000000000000000000000000000000000000000000000000000000000049
:20B30500000000000000000000000000000000000000000000000000000000000000000028
:20B32500000000000000000000000000000000000000000000000000000000000000000008
:20B345000000000000000000000000000000000000000000000000000000000000000000E8
:20B365000000000000000000000000000000000000000000000000000000000000000000C8
:20B385000000000000000000000000000000000000000000000000000000000000000000A8
:20B3A500000000000000000000000000000000000000000000000000000000000000000088
:20B3C500000000000000000000000000000000000000000000000000000000000000000068
:20B3E500000000000000000000000000000000000000000000000000000000000000000048
:20B40500000000000000000000000000000000000000000000000000000000000000000027
:20B42500000000000000000000000000000000000000000000000000000000000000000007
:20B445000000000000000000000000000000000000000000000000000000000000000000E7
:20B465000000000000000000000000000000000000000000000000000000000000000000C7
:20B485000000000000000000000000000000000000000000000000000000000000000000A7
:20B4A500000000000000000000000000000000000000000000000000000000000000000087
:20B4C500000000000000000000000000000000000000000000000000000000000000000067
:20B4E500000000000000000000000000000000000000000000000000000000000000000047
:20B50500000000000000000000000000000000000000000000000000000000000000000026
:20B52500000000000000000000000000000000000000000000000000000000000000000006
:20B545000000000000000000000000000000000000000000000000000000000000000000E6
:20B565000000000000000000000000000000000000000000000000000000000000000000C6
:20B585000000000000000000000000000000000000000000000000000000000000000000A6
:20B5A500000000000000000000000000000000000000000000000000000000000000000086
:20B5C500000000000000000000000000000000000000000000000000000000000000000066
:20B5E500000000000000000000000000000000000000000000000000000000000000000046
:20B60500000000000000000000000000000000000000000000000000000000000000000025
:20B62500000000000000000000000000000000000000000000000000000000000000000005
:20B645000000000000000000000000000000000000000000000000000000000000000000E5
:20B665000000000000000000000000000000000000000000000000000000000000000000C5
:20B685000000000000000000000000000000000000000000000000000000000000000000A5
:20B6A500000000000000000000000000000000000000000000000000000000000000000085
:20B6C500000000000000000000000000000000000000000000000000000000000000000065
:20B6E500000000000000000000000000000000000000000000000000000000000000000045
:20B70500000000000000000000000000000000000000000000000000000000000000000024
:20B72500000000000000000000000000000000000000000000000000000000000000000004
:20B745000000000000000000000000000000000000000000000000000000000000000000E4
:20B765000000000000000000000000000000000000000000000000000000000000000000C4
:20B785000000000000000000000000000000000000000000000000000000000000000000A4
:20B7A500000000000000000000000000000000000000000000000000000000000000000084
:20B7C500000000000000000000000000000000000000000000000000000000000000000064
:20B7E500000000000000000000000000000000000000000000000000000000000000000044
:20B80500000000000000000000000000000000000000000000000000000000000000000023
:20B82500000000000000000000000000000000000000000000000000000000000000000003
:20B845000000000000000000000000000000000000000000000000000000000000000000E3
:20B865000000000000000000000000000000000000000000000000000000000000000000C3
:20B885000000000000000000000000000000000000000000000000000000000000000000A3
:20B8A500000000000000000000000000000000000000000000000000000000000000000083
:20B8C500000000000000000000000000000000000000000000000000000000000000000063
:20B8E500000000000000000000000000000000000000000000000000000000000000000043
:20B90500000000000000000000000000000000000000000000000000000000000000000022
:20B92500000000000000000000000000000000000000000000000000000000000000000002
:20B945000000000000000000000000000000000000000000000000000000000000000000E2
:20B965000000000000000000000000000000000000000000000000000000000000000000C2
:20B985000000000000000000000000000000000000000000000000000000000000000000A2
:20B9A500000000000000000000000000000000000000000000000000000000000000000082
:20B9C500000000000000000000000000000000000000000000000000000000000000000062
:20B9E500000000000000000000000000000000000000000000000000000000000000000042
:20BA0500000000000000000000000000000000000000000000000000000000000000000021
:20BA2500000000000000000000000000000000000000000000000000000000000000000001
:20BA45000000000000000000000000000000000000000000000000000000000000000000E1
:20BA65000000000000000000000000000000000000000000000000000000000000000000C1
:20BA85000000000000000000000000000000000000000000000000000000000000000000A1
:20BAA500000000000000000000000000000000000000000000000000000000000000000081
:20BAC500000000000000000000000000000000000000000000000000000000000000000061
:20BAE500000000000000000000000000000000000000000000000000000000000000000041
:20BB0500000000000000000000000000000000000000000000000000000000000000000020
:20BB2500000000000000000000000000000000000000000000000000000000000000000000
:20BB45000000000000000000000000000000000000000000000000000000000000000000E0
:20BB65000000000000000000000000000000000000000000000000000000000000000000C0
:20BB85000000000000000000000000000000000000000000000000000000000000000000A0
:20BBA500000000000000000000000000000000000000000000000000000000000000000080
:20BBC500000000000000000000000000000000000000000000000000000000000000000060
:20BBE500000000000000000000000000000000000000000000000000000000000000000040
:20BC050000000000000000000000000000000000000000000000000000000000000000001F
:20BC25000000000000000000000000000000000000000000000000000000000000000000FF
:20BC45000000000000000000000000000000000000000000000000000000000000000000DF
:20BC65000000000000000000000000000000000000000000000000000000000000000000BF
:20BC850000000000000000000000000000000000000000000000000000000000000000009F
:20BCA50000000000000000000000000000000000000000000000000000000000000000007F
:20BCC50000000000000000000000000000000000000000000000000000000000000000005F
:20BCE50000000000000000000000000000000000000000000000000000000000000000003F
:20BD050000000000000000000000000000000000000000000000000000000000000000001E
:20BD25000000000000000000000000000000000000000000000000000000000000000000FE
:20BD45000000000000000000000000000000000000000000000000000000000000000000DE
:20BD65000000000000000000000000000000000000000000000000000000000000000000BE
:20BD850000000000000000000000000000000000000000000000000000000000000000009E
:20BDA50000000000000000000000000000000000000000000000000000000000000000007E
:20BDC50000000000000000000000000000000000000000000000000000000000000000005E
:20BDE50000000000000000000000000000000000000000000000000000000000000000003E
:20BE050000000000000000000000000000000000000000000000000000000000000000001D
:20BE25000000000000000000000000000000000000000000000000000000000000000000FD
:20BE45000000000000000000000000000000000000000000000000000000000000000000DD
:20BE65000000000000000000000000000000000000000000000000000000000000000000BD
:20BE850000000000000000000000000000000000000000000000000000000000000000009D
:20BEA50000000000000000000000000000000000000000000000000000000000000000007D
:20BEC50000000000000000000000000000000000000000000000000000000000000000005D
:20BEE50000000000000000000000000000000000000000000000000000000000000000003D
:20BF050000000000000000000000000000000000000000000000000000000000000000001C
:20BF25000000000000000000000000000000000000000000000000000000000000000000FC
:20BF45000000000000000000000000000000000000000000000000000000000000000000DC
:20BF65000000000000000000000000000000000000000000000000000000000000000000BC
:20BF850000000000000000000000000000000000000000000000000000000000000000009C
:20BFA50000000000000000000000000000000000000000000000000000000000000000007C
:20BFC50000000000000000000000000000000000000000000000000000000000000000005C
:20BFE50000000000000000000000000000000000000000000000000000000000000000003C
:20C0050000000000000000000000000000000000000000000000000000000000000000001B
:20C025000000000000000000000000000000000000000000000000000000000000000000FB
:20C045000000000000000000000000000000000000000000000000000000000000000000DB
:20C065000000000000000000000000000000000000000000000000000000000000000000BB
:20C0850000000000000000000000000000000000000000000000000000000000000000009B
:20C0A50000000000000000000000000000000000000000000000000000000000000000007B
:20C0C50000000000000000000000000000000000000000000000000000000000000000005B
:20C0E50000000000000000000000000000000000000000000000000000000000000000003B
:20C1050000000000000000000000000000000000000000000000000000000000000000001A
:20C125000000000000000000000000000000000000000000000000000000000000000000FA
:20C145000000000000000000000000000000000000000000000000000000000000000000DA
:20C165000000000000000000000000000000000000000000000000000000000000000000BA
:20C1850000000000000000000000000000000000000000000000000000000000000000009A
:20C1A50000000000000000000000000000000000000000000000000000000000000000007A
:20C1C50000000000000000000000000000000000000000000000000000000000000000005A
:20C1E50000000000000000000000000000000000000000000000000000000000000000003A
:20C20500000000000000000000000000000000000000000000000000000000000000000019
:20C225000000000000000000000000000000000000000000000000000000000000000000F9
:20C245000000000000000000000000000000000000000000000000000000000000000000D9
:20C265000000000000000000000000000000000000000000000000000000000000000000B9
:20C28500000000000000000000000000000000000000000000000000000000000000000099
:20C2A500000000000000000000000000000000000000000000000000000000000000000079
:20C2C500000000000000000000000000000000000000000000000000000000000000000059
:20C2E500000000000000000000000000000000000000000000000000000000000000000039
:20C30500000000000000000000000000000000000000000000000000000000000000000018
:20C325000000000000000000000000000000000000000000000000000000000000000000F8
:20C345000000000000000000000000000000000000000000000000000000000000000000D8
:20C365000000000000000000000000000000000000000000000000000000000000000000B8
:20C38500000000000000000000000000000000000000000000000000000000000000000098
:20C3A500000000000000000000000000000000000000000000000000000000000000000078
:20C3C500000000000000000000000000000000000000000000000000000000000000000058
:20C3E500000000000000000000000000000000000000000000000000000000000000000038
:20C40500000000000000000000000000000000000000000000000000000000000000000017
:20C425000000000000000000000000000000000000000000000000000000000000000000F7
:20C445000000000000000000000000000000000000000000000000000000000000000000D7
:20C465000000000000000000000000000000000000000000000000000000000000000000B7
:20C48500000000000000000000000000000000000000000000000000000000000000000097
:20C4A500000000000000000000000000000000000000000000000000000000000000000077
:20C4C500000000000000000000000000000000000000000000000000000000000000000057
:20C4E500000000000000000000000000000000000000000000000000000000000000000037
:20C50500000000000000000000000000000000000000000000000000000000000000000016
:20C525000000000000000000000000000000000000000000000000000000000000000000F6
:20C545000000000000000000000000000000000000000000000000000000000000000000D6
:20C565000000000000000000000000000000000000000000000000000000000000000000B6
:20C58500000000000000000000000000000000000000000000000000000000000000000096
:20C5A500000000000000000000000000000000000000000000000000000000000000000076
:20C5C500000000000000000000000000000000000000000000000000000000000000000056
:20C5E500000000000000000000000000000000000000000000000000000000000000000036
:20C60500000000000000000000000000000000000000000000000000000000000000000015
:20C625000000000000000000000000000000000000000000000000000000000000000000F5
:20C645000000000000000000000000000000000000000000000000000000000000000000D5
:20C665000000000000000000000000000000000000000000000000000000000000000000B5
:20C68500000000000000000000000000000000000000000000000000000000000000000095
:20C6A500000000000000000000000000000000000000000000000000000000000000000075
:20C6C500000000000000000000000000000000000000000000000000000000000000000055
:20C6E500000000000000000000000000000000000000000000000000000000000000000035
:20C70500000000000000000000000000000000000000000000000000000000000000000014
:20C725000000000000000000000000000000000000000000000000000000000000000000F4
:20C745000000000000000000000000000000000000000000000000000000000000000000D4
:20C765000000000000000000000000000000000000000000000000000000000000000000B4
:20C78500000000000000000000000000000000000000000000000000000000000000000094
:20C7A500000000000000000000000000000000000000000000000000000000000000000074
:20C7C500000000000000000000000000000000000000000000000000000000000000000054
:20C7E500000000000000000000000000000000000000000000000000000000000000000034
:20C80500000000000000000000000000000000000000000000000000000000000000000013
:20C825000000000000000000000000000000000000000000000000000000000000000000F3
:20C845000000000000000000000000000000000000000000000000000000000000000000D3
:20C865000000000000000000000000000000000000000000000000000000000000000000B3
:20C88500000000000000000000000000000000000000000000000000000000000000000093
:20C8A500000000000000000000000000000000000000000000000000000000000000000073
:20C8C500000000000000000000000000000000000000000000000000000000000000000053
:20C8E500000000000000000000000000000000000000000000000000000000000000000033
:20C90500000000000000000000000000000000000000000000000000000000000000000012
:20C925000000000000000000000000000000000000000000000000000000000000000000F2
:20C945000000000000000000000000000000000000000000000000000000000000000000D2
:20C965000000000000000000000000000000000000000000000000000000000000000000B2
:20C98500000000000000000000000000000000000000000000000000000000000000000092
:20C9A500000000000000000000000000000000000000000000000000000000000000000072
:20C9C500000000000000000000000000000000000000000000000000000000000000000052
:20C9E500000000000000000000000000000000000000000000000000000000000000000032
:20CA0500000000000000000000000000000000000000000000000000000000000000000011
:20CA25000000000000000000000000000000000000000000000000000000000000000000F1
:20CA45000000000000000000000000000000000000000000000000000000000000000000D1
:20CA65000000000000000000000000000000000000000000000000000000000000000000B1
:20CA8500000000000000000000000000000000000000000000000000000000000000000091
:20CAA500000000000000000000000000000000000000000000000000000000000000000071
:20CAC500000000000000000000000000000000000000000000000000000000000000000051
:20CAE500000000000000000000000000000000000000000000000000000000000000000031
:20CB0500000000000000000000000000000000000000000000000000000000000000000010
:20CB25000000000000000000000000000000000000000000000000000000000000000000F0
:20CB45000000000000000000000000000000000000000000000000000000000000000000D0
:20CB65000000000000000000000000000000000000000000000000000000000000000000B0
:20CB8500000000000000000000000000000000000000000000000000000000000000000090
:20CBA500000000000000000000000000000000000000000000000000000000000000000070
:20CBC500000000000000000000000000000000000000000000000000000000000000000050
:20CBE500000000000000000000000000000000000000000000000000000000000000000030
:20CC050000000000000000000000000000000000000000000000000000000000000000000F
:20CC25000000000000000000000000000000000000000000000000000000000000000000EF
:20CC45000000000000000000000000000000000000000000000000000000000000000000CF
:20CC65000000000000000000000000000000000000000000000000000000000000000000AF
:20CC850000000000000000000000000000000000000000000000000000000000000000008F
:20CCA50000000000000000000000000000000000000000000000000000000000000000006F
:20CCC50000000000000000000000000000000000000000000000000000000000000000004F
:20CCE50000000000000000000000000000000000000000000000000000000000000000002F
:20CD050000000000000000000000000000000000000000000000000000000000000000000E
:20CD25000000000000000000000000000000000000000000000000000000000000000000EE
:20CD45000000000000000000000000000000000000000000000000000000000000000000CE
:20CD65000000000000000000000000000000000000000000000000000000000000000000AE
:20CD850000000000000000000000000000000000000000000000000000000000000000008E
:20CDA50000000000000000000000000000000000000000000000000000000000000000006E
:20CDC50000000000000000000000000000000000000000000000000000000000000000004E
:20CDE50000000000000000000000000000000000000000000000000000000000000000002E
:20CE050000000000000000000000000000000000000000000000000000000000000000000D
:20CE25000000000000000000000000000000000000000000000000000000000000000000ED
:20CE45000000000000000000000000000000000000000000000000000000000000000000CD
:20CE65000000000000000000000000000000000000000000000000000000000000000000AD
:20CE850000000000000000000000000000000000000000000000000000000000000000008D
:20CEA50000000000000000000000000000000000000000000000000000000000000000006D
:20CEC50000000000000000000000000000000000000000000000000000000000000000004D
:20CEE50000000000000000000000000000000000000000000000000000000000000000002D
:20CF050000000000000000000000000000000000000000000000000000000000000000000C
:20CF25000000000000000000000000000000000000000000000000000000000000000000EC
:20CF45000000000000000000000000000000000000000000000000000000000000000000CC
:20CF65000000000000000000000000000000000000000000000000000000000000000000AC
:20CF850000000000000000000000000000000000000000000000000000000000000000008C
:20CFA50000000000000000000000000000000000000000000000000000000000000000006C
:20CFC50000000000000000000000000000000000000000000000000000000000000000004C
:20CFE50000000000000000000000000000000000000000000000000000000000000000002C
:20D0050000000000000000000000000000000000000000000000000000000000000000000B
:20D025000000000000000000000000000000000000000000000000000000000000000000EB
:20D045000000000000000000000000000000000000000000000000000000000000000000CB
:20D065000000000000000000000000000000000000000000000000000000000000000000AB
:20D0850000000000000000000000000000000000000000000000000000000000000000008B
:20D0A50000000000000000000000000000000000000000000000000000000000000000006B
:20D0C50000000000000000000000000000000000000000000000000000000000000000004B
:20D0E50000000000000000000000000000000000000000000000000000000000000000002B
:20D1050000000000000000000000000000000000000000000000000000000000000000000A
:20D125000000000000000000000000000000000000000000000000000000000000000000EA
:20D145000000000000000000000000000000000000000000000000000000000000000000CA
:20D165000000000000000000000000000000000000000000000000000000000000000000AA
:20D1850000000000000000000000000000000000000000000000000000000000000000008A
:20D1A50000000000000000000000000000000000000000000000000000000000000000006A
:20D1C50000000000000000000000000000000000000000000000000000000000000000004A
:20D1E50000000000000000000000000000000000000000000000000000000000000000002A
:20D20500000000000000000000000000000000000000000000000000000000000000000009
:20D225000000000000000000000000000000000000000000000000000000000000000000E9
:20D245000000000000000000000000000000000000000000000000000000000000000000C9
:20D265000000000000000000000000000000000000000000000000000000000000000000A9
:20D28500000000000000000000000000000000000000000000000000000000000000000089
:20D2A500000000000000000000000000000000000000000000000000000000000000000069
:20D2C500000000000000000000000000000000000000000000000000000000000000000049
:20D2E500000000000000000000000000000000000000000000000000000000000000000029
:20D30500000000000000000000000000000000000000000000000000000000000000000008
:20D325000000000000000000000000000000000000000000000000000000000000000000E8
:20D345000000000000000000000000000000000000000000000000000000000000000000C8
:20D365000000000000000000000000000000000000000000000000000000000000000000A8
:20D38500000000000000000000000000000000000000000000000000000000000000000088
:20D3A500000000000000000000000000000000000000000000000000000000000000000068
:20D3C500000000000000000000000000000000000000000000000000000000000000000048
:20D3E500000000000000000000000000000000000000000000000000000000000000000028
:20D40500000000000000000000000000000000000000000000000000000000000000000007
:20D425000000000000000000000000000000000000000000000000000000000000000000E7
:20D445000000000000000000000000000000000000000000000000000000000000000000C7
:20D465000000000000000000000000000000000000000000000000000000000000000000A7
:20D48500000000000000000000000000000000000000000000000000000000000000000087
:20D4A500000000000000000000000000000000000000000000000000000000000000000067
:20D4C500000000000000000000000000000000000000000000000000000000000000000047
:20D4E500000000000000000000000000000000000000000000000000000000000000000027
:20D50500000000000000000000000000000000000000000000000000000000000000000006
:20D525000000000000000000000000000000000000000000000000000000000000000000E6
:20D545000000000000000000000000000000000000000000000000000000000000000000C6
:20D565000000000000000000000000000000000000000000000000000000000000000000A6
:20D58500000000000000000000000000000000000000000000000000000000000000000086
:20D5A500000000000000000000000000000000000000000000000000000000000000000066
:20D5C500000000000000000000000000000000000000000000000000000000000000000046
:20D5E500000000000000000000000000000000000000000000000000000000000000000026
:20D60500000000000000000000000000000000000000000000000000000000000000000005
:20D625000000000000000000000000000000000000000000000000000000000000000000E5
:20D645000000000000000000000000000000000000000000000000000000000000000000C5
:20D665000000000000000000000000000000000000000000000000000000000000000000A5
:20D68500000000000000000000000000000000000000000000000000000000000000000085
:20D6A500000000000000000000000000000000000000000000000000000000000000000065
:20D6C500000000000000000000000000000000000000000000000000000000000000000045
:20D6E500000000000000000000000000000000000000000000000000000000000000000025
:20D70500000000000000000000000000000000000000000000000000000000000000000004
:20D725000000000000000000000000000000000000000000000000000000000000000000E4
:20D745000000000000000000000000000000000000000000000000000000000000000000C4
:20D765000000000000000000000000000000000000000000000000000000000000000000A4
:20D78500000000000000000000000000000000000000000000000000000000000000000084
:20D7A500000000000000000000000000000000000000000000000000000000000000000064
:20D7C500000000000000000000000000000000000000000000000000000000000000000044
:20D7E500000000000000000000000000000000000000000000000000000000000000000024
:20D80500000000000000000000000000000000000000000000000000000000000000000003
:20D825000000000000000000000000000000000000000000000000000000000000000000E3
:20D845000000000000000000000000000000000000000000000000000000000000000000C3
:20D865000000000000000000000000000000000000000000000000000000000000000000A3
:20D88500000000000000000000000000000000000000000000000000000000000000000083
:20D8A500000000000000000000000000000000000000000000000000000000000000000063
:20D8C500000000000000000000000000000000000000000000000000000000000000000043
:20D8E500000000000000000000000000000000000000000000000000000000000000000023
:20D90500000000000000000000000000000000000000000000000000000000000000000002
:20D925000000000000000000000000000000000000000000000000000000000000000000E2
:20D945000000000000000000000000000000000000000000000000000000000000000000C2
:20D965000000000000000000000000000000000000000000000000000000000000000000A2
:20D98500000000000000000000000000000000000000000000000000000000000000000082
:20D9A500000000000000000000000000000000000000000000000000000000000000000062
:20D9C500000000000000000000000000000000000000000000000000000000000000000042
:20D9E500000000000000000000000000000000000000000000000000000000000000000022
:20DA0500000000000000000000000000000000000000000000000000000000000000000001
:20DA25000000000000000000000000000000000000000000000000000000000000000000E1
:20DA45000000000000000000000000000000000000000000000000000000000000000000C1
:20DA65000000000000000000000000000000000000000000000000000000000000000000A1
:20DA8500000000000000000000000000000000000000000000000000000000000000000081
:20DAA500000000000000000000000000000000000000000000000000000000000000000061
:20DAC500000000000000000000000000000000000000000000000000000000000000000041
:20DAE500000000000000000000000000000000000000000000000000000000000000000021
:20DB0500000000000000000000000000000000000000000000000000000000000000000000
:20DB25000000000000000000000000000000000000000000000000000000000000000000E0
:20DB45000000000000000000000000000000000000000000000000000000000000000000C0
:20DB65000000000000000000000000000000000000000000000000000000000000000000A0
:20DB8500000000000000000000000000000000000000000000000000000000000000000080
:20DBA500000000000000000000000000000000000000000000000000000000000000000060
:20DBC500000000000000000000000000000000000000000000000000000000000000000040
:20DBE500000000000000000000000000000000000000000000000000000000000000000020
:20DC05000000000000000000000000000000000000000000000000000000000000000000FF
:20DC25000000000000000000000000000000000000000000000000000000000000000000DF
:20DC45000000000000000000000000000000000000000000000000000000000000000000BF
:20DC650000000000000000000000000000000000000000000000000000000000000000009F
:20DC850000000000000000000000000000000000000000000000000000000000000000007F
:20DCA50000000000000000000000000000000000000000000000000000000000000000005F
:20DCC50000000000000000000000000000000000000000000000000000000000000000003F
:20DCE50000000000000000000000000000000000000000000000000000000000000000001F
:20DD05000000000000000000000000000000000000000000000000000000000000000000FE
:20DD25000000000000000000000000000000000000000000000000000000000000000000DE
:20DD45000000000000000000000000000000000000000000000000000000000000000000BE
:20DD650000000000000000000000000000000000000000000000000000000000000000009E
:20DD850000000000000000000000000000000000000000000000000000000000000000007E
:20DDA50000000000000000000000000000000000000000000000000000000000000000005E
:20DDC50000000000000000000000000000000000000000000000000000000000000000003E
:20DDE50000000000000000000000000000000000000000000000000000000000000000001E
:20DE05000000000000000000000000000000000000000000000000000000000000000000FD
:20DE25000000000000000000000000000000000000000000000000000000000000000000DD
:20DE45000000000000000000000000000000000000000000000000000000000000000000BD
:20DE650000000000000000000000000000000000000000000000000000000000000000009D
:20DE850000000000000000000000000000000000000000000000000000000000000000007D
:20DEA50000000000000000000000000000000000000000000000000000000000000000005D
:20DEC50000000000000000000000000000000000000000000000000000000000000000003D
:20DEE50000000000000000000000000000000000000000000000000000000000000000001D
:20DF05000000000000000000000000000000000000000000000000000000000000000000FC
:20DF25000000000000000000000000000000000000000000000000000000000000000000DC
:20DF45000000000000000000000000000000000000000000000000000000000000000000BC
:20DF650000000000000000000000000000000000000000000000000000000000000000009C
:20DF850000000000000000000000000000000000000000000000000000000000000000007C
:20DFA50000000000000000000000000000000000000000000000000000000000000000005C
:20DFC50000000000000000000000000000000000000000000000000000000000000000003C
:20DFE50000000000000000000000000000000000000000000000000000000000000000001C
:20E005000000000000000000000000000000000000000000000000000000000000000000FB
:20E025000000000000000000000000000000000000000000000000000000000000000000DB
:20E045000000000000000000000000000000000000000000000000000000000000000000BB
:20E0650000000000000000000000000000000000000000000000000000000000000000009B
:20E0850000000000000000000000000000000000000000000000000000000000000000007B
:20E0A50000000000000000000000000000000000000000000000000000000000000000005B
:20E0C50000000000000000000000000000000000000000000000000000000000000000003B
:20E0E50000000000000000000000000000000000000000000000000000000000000000001B
:20E105000000000000000000000000000000000000000000000000000000000000000000FA
:20E125000000000000000000000000000000000000000000000000000000000000000000DA
:20E145000000000000000000000000000000000000000000000000000000000000000000BA
:20E1650000000000000000000000000000000000000000000000000000000000000000009A
:20E1850000000000000000000000000000000000000000000000000000000000000000007A
:20E1A50000000000000000000000000000000000000000000000000000000000000000005A
:20E1C50000000000000000000000000000000000000000000000000000000000000000003A
:20E1E50000000000000000000000000000000000000000000000000000000000000000001A
:20E205000000000000000000000000000000000000000000000000000000000000000000F9
:20E225000000000000000000000000000000000000000000000000000000000000000000D9
:20E245000000000000000000000000000000000000000000000000000000000000000000B9
:20E26500000000000000000000000000000000000000000000000000000000000000000099
:20E28500000000000000000000000000000000000000000000000000000000000000000079
:20E2A500000000000000000000000000000000000000000000000000000000000000000059
:20E2C500000000000000000000000000000000000000000000000000000000000000000039
:20E2E500000000000000000000000000000000000000000000000000000000000000000019
:20E305000000000000000000000000000000000000000000000000000000000000000000F8
:20E325000000000000000000000000000000000000000000000000000000000000000000D8
:20E345000000000000000000000000000000000000000000000000000000000000000000B8
:20E36500000000000000000000000000000000000000000000000000000000000000000098
:20E38500000000000000000000000000000000000000000000000000000000000000000078
:20E3A500000000000000000000000000000000000000000000000000000000000000000058
:20E3C500000000000000000000000000000000000000000000000000000000000000000038
:20E3E500000000000000000000000000000000000000000000000000000000000000000018
:20E405000000000000000000000000000000000000000000000000000000000000000000F7
:20E425000000000000000000000000000000000000000000000000000000000000000000D7
:20E445000000000000000000000000000000000000000000000000000000000000000000B7
:20E46500000000000000000000000000000000000000000000000000000000000000000097
:20E48500000000000000000000000000000000000000000000000000000000000000000077
:20E4A500000000000000000000000000000000000000000000000000000000000000000057
:20E4C500000000000000000000000000000000000000000000000000000000000000000037
:20E4E500000000000000000000000000000000000000000000000000000000000000000017
:20E505000000000000000000000000000000000000000000000000000000000000000000F6
:20E525000000000000000000000000000000000000000000000000000000000000000000D6
:20E545000000000000000000000000000000000000000000000000000000000000000000B6
:20E56500000000000000000000000000000000000000000000000000000000000000000096
:20E58500000000000000000000000000000000000000000000000000000000000000000076
:20E5A500000000000000000000000000000000000000000000000000000000000000000056
:20E5C500000000000000000000000000000000000000000000000000000000000000000036
:20E5E500000000000000000000000000000000000000000000000000000000000000000016
:20E605000000000000000000000000000000000000000000000000000000000000000000F5
:20E625000000000000000000000000000000000000000000000000000000000000000000D5
:20E645000000000000000000000000000000000000000000000000000000000000000000B5
:20E66500000000000000000000000000000000000000000000000000000000000000000095
:20E68500000000000000000000000000000000000000000000000000000000000000000075
:20E6A500000000000000000000000000000000000000000000000000000000000000000055
:20E6C500000000000000000000000000000000000000000000000000000000000000000035
:20E6E500000000000000000000000000000000000000000000000000000000000000000015
:20E705000000000000000000000000000000000000000000000000000000000000000000F4
:20E725000000000000000000000000000000000000000000000000000000000000000000D4
:20E745000000000000000000000000000000000000000000000000000000000000000000B4
:20E76500000000000000000000000000000000000000000000000000000000000000000094
:20E78500000000000000000000000000000000000000000000000000000000000000000074
:20E7A500000000000000000000000000000000000000000000000000000000000000000054
:20E7C500000000000000000000000000000000000000000000000000000000000000000034
:20E7E500000000000000000000000000000000000000000000000000000000000000000014
:20E805000000000000000000000000000000000000000000000000000000000000000000F3
:20E825000000000000000000000000000000000000000000000000000000000000000000D3
:20E845000000000000000000000000000000000000000000000000000000000000000000B3
:20E86500000000000000000000000000000000000000000000000000000000000000000093
:20E88500000000000000000000000000000000000000000000000000000000000000000073
:20E8A500000000000000000000000000000000000000000000000000000000000000000053
:20E8C500000000000000000000000000000000000000000000000000000000000000000033
:20E8E500000000000000000000000000000000000000000000000000000000000000000013
:20E905000000000000000000000000000000000000000000000000000000000000000000F2
:20E925000000000000000000000000000000000000000000000000000000000000000000D2
:20E945000000000000000000000000000000000000000000000000000000000000000000B2
:20E96500000000000000000000000000000000000000000000000000000000000000000092
:20E98500000000000000000000000000000000000000000000000000000000000000000072
:20E9A500000000000000000000000000000000000000000000000000000000000000000052
:20E9C500000000000000000000000000000000000000000000000000000000000000000032
:20E9E500000000000000000000000000000000000000000000000000000000000000000012
:20EA05000000000000000000000000000000000000000000000000000000000000000000F1
:20EA25000000000000000000000000000000000000000000000000000000000000000000D1
:20EA45000000000000000000000000000000000000000000000000000000000000000000B1
:20EA6500000000000000000000000000000000000000000000000000000000000000000091
:20EA8500000000000000000000000000000000000000000000000000000000000000000071
:20EAA500000000000000000000000000000000000000000000000000000000000000000051
:20EAC500000000000000000000000000000000000000000000000000000000000000000031
:20EAE500000000000000000000000000000000000000000000000000000000000000000011
:20EB05000000000000000000000000000000000000000000000000000000000000000000F0
:20EB25000000000000000000000000000000000000000000000000000000000000000000D0
:20EB45000000000000000000000000000000000000000000000000000000000000000000B0
:20EB6500000000000000000000000000000000000000000000000000000000000000000090
:20EB8500000000000000000000000000000000000000000000000000000000000000000070
:20EBA500000000000000000000000000000000000000000000000000000000000000000050
:20EBC500000000000000000000000000000000000000000000000000000000000000000030
:20EBE500000000000000000000000000000000000000000000000000000000000000000010
:20EC05000000000000000000000000000000000000000000000000000000000000000000EF
:20EC25000000000000000000000000000000000000000000000000000000000000000000CF
:20EC45000000000000000000000000000000000000000000000000000000000000000000AF
:20EC650000000000000000000000000000000000000000000000000000000000000000008F
:20EC850000000000000000000000000000000000000000000000000000000000000000006F
:20ECA50000000000000000000000000000000000000000000000000000000000000000004F
:20ECC50000000000000000000000000000000000000000000000000000000000000000002F
:20ECE50000000000000000000000000000000000000000000000000000000000000000000F
:20ED05000000000000000000000000000000000000000000000000000000000000000000EE
:20ED25000000000000000000000000000000000000000000000000000000000000000000CE
:20ED45000000000000000000000000000000000000000000000000000000000000000000AE
:20ED650000000000000000000000000000000000000000000000000000000000000000008E
:20ED850000000000000000000000000000000000000000000000000000000000000000006E
:20EDA50000000000000000000000000000000000000000000000000000000000000000004E
:20EDC50000000000000000000000000000000000000000000000000000000000000000002E
:20EDE50000000000000000000000000000000000000000000000000000000000000000000E
:20EE05000000000000000000000000000000000000000000000000000000000000000000ED
:20EE25000000000000000000000000000000000000000000000000000000000000000000CD
:20EE45000000000000000000000000000000000000000000000000000000000000000000AD
:20EE650000000000000000000000000000000000000000000000000000000000000000008D
:20EE850000000000000000000000000000000000000000000000000000000000000000006D
:20EEA50000000000000000000000000000000000000000000000000000000000000000004D
:20EEC50000000000000000000000000000000000000000000000000000000000000000002D
:20EEE50000000000000000000000000000000000000000000000000000000000000000000D
:20EF05000000000000000000000000000000000000000000000000000000000000000000EC
:20EF25000000000000000000000000000000000000000000000000000000000000000000CC
:20EF45000000000000000000000000000000000000000000000000000000000000000000AC
:20EF650000000000000000000000000000000000000000000000000000000000000000008C
:20EF850000000000000000000000000000000000000000000000000000000000000000006C
:20EFA50000000000000000000000000000000000000000000000000000000000000000004C
:20EFC50000000000000000000000000000000000000000000000000000000000000000002C
:20EFE50000000000000000000000000000000000000000000000000000000000000000000C
:20F005000000000000000000000000000000000000000000000000000000000000000000EB
:20F025000000000000000000000000000000000000000000000000000000000000000000CB
:20F045000000000000000000000000000000000000000000000000000000000000000000AB
:20F0650000000000000000000000000000000000000000000000000000000000000000008B
:20F0850000000000000000000000000000000000000000000000000000000000000000006B
:20F0A50000000000000000000000000000000000000000000000000000000000000000004B
:20F0C50000000000000000000000000000000000000000000000000000000000000000002B
:20F0E50000000000000000000000000000000000000000000000000000000000000000000B
:20F105000000000000000000000000000000000000000000000000000000000000000000EA
:20F125000000000000000000000000000000000000000000000000000000000000000000CA
:20F145000000000000000000000000000000000000000000000000000000000000000000AA
:20F1650000000000000000000000000000000000000000000000000000000000000000008A
:20F1850000000000000000000000000000000000000000000000000000000000000000006A
:20F1A50000000000000000000000000000000000000000000000000000000000000000004A
:20F1C50000000000000000000000000000000000000000000000000000000000000000002A
:20F1E50000000000000000000000000000000000000000000000000000000000000000000A
:20F205000000000000000000000000000000000000000000000000000000000000000000E9
:20F225000000000000000000000000000000000000000000000000000000000000000000C9
:20F245000000000000000000000000000000000000000000000000000000000000000000A9
:20F26500000000000000000000000000000000000000000000000000000000000000000089
:20F28500000000000000000000000000000000000000000000000000000000000000000069
:20F2A500000000000000000000000000000000000000000000000000000000000000000049
:20F2C500000000000000000000000000000000000000000000000000000000000000000029
:20F2E500000000000000000000000000000000000000000000000000000000000000000009
:20F305000000000000000000000000000000000000000000000000000000000000000000E8
:20F325000000000000000000000000000000000000000000000000000000000000000000C8
:20F345000000000000000000000000000000000000000000000000000000000000000000A8
:20F36500000000000000000000000000000000000000000000000000000000000000000088
:20F38500000000000000000000000000000000000000000000000000000000000000000068
:20F3A500000000000000000000000000000000000000000000000000000000000000000048
:20F3C500000000000000000000000000000000000000000000000000000000000000000028
:20F3E500000000000000000000000000000000000000000000000000000000000000000008
:20F405000000000000000000000000000000000000000000000000000000000000000000E7
:20F425000000000000000000000000000000000000000000000000000000000000000000C7
:20F445000000000000000000000000000000000000000000000000000000000000000000A7
:20F46500000000000000000000000000000000000000000000000000000000000000000087
:20F48500000000000000000000000000000000000000000000000000000000000000000067
:20F4A500000000000000000000000000000000000000000000000000000000000000000047
:20F4C500000000000000000000000000000000000000000000000000000000000000000027
:20F4E500000000000000000000000000000000000000000000000000000000000000000007
:20F505000000000000000000000000000000000000000000000000000000000000000000E6
:20F525000000000000000000000000000000000000000000000000000000000000000000C6
:20F545000000000000000000000000000000000000000000000000000000000000000000A6
:20F56500000000000000000000000000000000000000000000000000000000000000000086
:20F58500000000000000000000000000000000000000000000000000000000000000000066
:20F5A500000000000000000000000000000000000000000000000000000000000000000046
:20F5C500000000000000000000000000000000000000000000000000000000000000000026
:20F5E500000000000000000000000000000000000000000000000000000000000000000006
:20F605000000000000000000000000000000000000000000000000000000000000000000E5
:20F625000000000000000000000000000000000000000000000000000000000000000000C5
:20F645000000000000000000000000000000000000000000000000000000000000000000A5
:20F66500000000000000000000000000000000000000000000000000000000000000000085
:20F68500000000000000000000000000000000000000000000000000000000000000000065
:20F6A500000000000000000000000000000000000000000000000000000000000000000045
:20F6C500000000000000000000000000000000000000000000000000000000000000000025
:20F6E500000000000000000000000000000000000000000000000000000000000000000005
:20F705000000000000000000000000000000000000000000000000000000000000000000E4
:20F725000000000000000000000000000000000000000000000000000000000000000000C4
:20F745000000000000000000000000000000000000000000000000000000000000000000A4
:20F76500000000000000000000000000000000000000000000000000000000000000000084
:20F78500000000000000000000000000000000000000000000000000000000000000000064
:20F7A500000000000000000000000000000000000000000000000000000000000000000044
:20F7C500000000000000000000000000000000000000000000000000000000000000000024
:20F7E500000000000000000000000000000000000000000000000000000000000000000004
:20F805000000000000000000000000000000000000000000000000000000000000000000E3
:20F825000000000000000000000000000000000000000000000000000000000000000000C3
:20F845000000000000000000000000000000000000000000000000000000000000000000A3
:20F86500000000000000000000000000000000000000000000000000000000000000000083
:20F88500000000000000000000000000000000000000000000000000000000000000000063
:20F8A500000000000000000000000000000000000000000000000000000000000000000043
:20F8C500000000000000000000000000000000000000000000000000000000000000000023
:20F8E500000000000000000000000000000000000000000000000000000000000000000003
:20F905000000000000000000000000000000000000000000000000000000000000000000E2
:20F925000000000000000000000000000000000000000000000000000000000000000000C2
:20F945000000000000000000000000000000000000000000000000000000000000000000A2
:20F96500000000000000000000000000000000000000000000000000000000000000000082
:20F98500000000000000000000000000000000000000000000000000000000000000000062
:20F9A500000000000000000000000000000000000000000000000000000000000000000042
:20F9C500000000000000000000000000000000000000000000000000000000000000000022
:20F9E500000000000000000000000000000000000000000000000000000000000000000002
:20FA05000000000000000000000000000000000000000000000000000000000000000000E1
:20FA25000000000000000000000000000000000000000000000000000000000000000000C1
:20FA45000000000000000000000000000000000000000000000000000000000000000000A1
:20FA6500000000000000000000000000000000000000000000000000000000000000000081
:20FA8500000000000000000000000000000000000000000000000000000000000000000061
:20FAA500000000000000000000000000000000000000000000000000000000000000000041
:20FAC500000000000000000000000000000000000000000000000000000000000000000021
:20FAE500000000000000000000000000000000000000000000000000000000000000000001
:20FB05000000000000000000000000000000000000000000000000000000000000000000E0
:20FB25000000000000000000000000000000000000000000000000000000000000000000C0
:20FB45000000000000000000000000000000000000000000000000000000000000000000A0
:20FB6500000000000000000000000000000000000000000000000000000000000000000080
:20FB8500000000000000000000000000000000000000000000000000000000000000000060
:20FBA500000000000000000000000000000000000000000000000000000000000000000040
:20FBC500000000000000000000000000000000000000000000000000000000000000000020
:17FBE500000000000000000000000000000000000000000000000009
:02FBFC00E9021C
:02FBFE006DB5E3
:00000001FF
