:200000004524000000000000A324B024BE24CC24DA24E824F62400000000000000000000E6
:2000200004250000000000000000122520252D25000000003A2500009525000047255425CB
:2000400061256E2500000000000000007B258825000000000000000000000000000000003A
:20006000000000000000000000000000000000000000000000000000000000000000000080
:0400C0007F7BE0045E
:0A00C4000000000000000000000032
:0E200000EC45240000000000E90273400010CF
:202010000000C0C1C1810140C30103C00280C241C60106C00780C7410500C5C1C481044070
:20203000CC010CC00D80CD410F00CFC1CE810E400A00CAC1CB810B40C90109C00880C841D0
:20205000D80118C01980D9411B00DBC1DA811A401E00DEC1DF811F40DD011DC01C80DC41B0
:202070001400D4C1D5811540D70117C01680D641D20112C01380D3411100D1C1D081104010
:20209000F00130C03180F1413300F3C1F28132403600F6C1F7813740F50135C03480F441F0
:2020B0003C00FCC1FD813D40FF013FC03E80FE41FA013AC03B80FB413900F9C1F881384050
:2020D0002800E8C1E9812940EB012BC02A80EA41EE012EC02F80EF412D00EDC1EC812C4030
:2020F000E40124C02580E5412700E7C1E68126402200E2C1E3812340E10121C02080E04190
:20211000A00160C06180A1416300A3C1A28162406600A6C1A7816740A50165C06480A4416F
:202130006C00ACC1AD816D40AF016FC06E80AE41AA016AC06B80AB416900A9C1A8816840CF
:202150007800B8C1B9817940BB017BC07A80BA41BE017EC07F80BF417D00BDC1BC817C40AF
:20217000B40174C07580B5417700B7C1B68176407200B2C1B3817340B10171C07080B0410F
:20219000500090C191815140930153C052809241960156C057809741550095C194815440EF
:2021B0009C015CC05D809D415F009FC19E815E405A009AC19B815B40990159C0588098414F
:2021D000880148C0498089414B008BC18A814A404E008EC18F814F408D014DC04C808C412F
:2021F000440084C185814540870147C046808641820142C043808341410081C1808140408F
:202210002CF7000030F7000034F7000038F70000A700750130021F03CD07D108AC09EC0A41
:20223000030014001E00280050005A006400780002010000000101005B04510200000000F4
:2022500000020101000000000003000002000000000000002C010A002CD102002CB104004E
:202270002C41060000000000000000000000000064D0020064C0030064B0040064400600BC
:2022900000000000000000000000000000000000000000003C0100000000000000060000EB
:2022B000011052656E657361732054657374204657000000000000001C001C00C44D8A4B91
:2022D000944B9E4BEC4D864BA64B5A4CDD4CEA4CF44CFE4C034D854DB64DBC4DD24DD74D2B
:2022F000DC4DE94DE14D000000000000000000000000000000000000000000000102040832
:2023100010204080184B00000000000000000000000000000000000000000000000000005A
:2023300000000000000000000000000000000000000000000000000000000000000000008D
:20235000000000001F4B000000000000000000000000000000000000000000000000000003
:2023700000000000000000000000000000000000000000000000000000000000000000004D
:2023900000000000320011011900FA003C00010088134303B301F4013B01BC02FB04641999
:2023B000AD022C01110158022D6E1919966E016E161B10FA6464FA28C8FA0F28320A051E08
:2023D000FA00FA00FA00FA000A0072010A0014004A7D1ED414474E4033AC29CCB8653D9BFF
:2023F0000000066B2A713C749A72C7729873DD732D744A7401752675F3713A727C71DD71B6
:202410000000000000000000000000000000E38398852D844A8490845A8430855285678540
:15243000A384E18402851D8500000000000000000000000000E2
:20244500CBF820FE30A0FDFC823A00FC7B3A00366CF930BAFBEF04CC0000A747DFF9362005
:20246500FE30E0FEEF04CC0000A747DFF94100321400EF08B311499CC24858F9F643DFF438
:202485004100320000EF08B31149B0C24820FEF643DFF4FCF94900ECF00000F6EFFEFDA939
:2024A50025C1E1FC365100C0EDA225FDA925C15102FC365100C0EDA225FDA925C15103FCA7
:2024C500365100C0EDA225FDA925C15104FC365100C0EDA225FDA925C15105FC365100C0FF
:2024E500EDA225FDA925C15106FC365100C0EDA225FDA925C15107FC365100C0EDA225FD71
:20250500A925C15108FC365100C0EDA225FDA925C1510BFC365100C0EDA225FDA925C1511B
:202525000CFC365100C0EF75FDA925C1510DFC365100C0EF68FDA925C1510EFC365100C031
:20254500EF5BFDA925C1510FFC365100C0EF4EFDA925C15110FC365100C0EF41FDA925C1D4
:202565005111FC365100C0EF34FDA925C15112FC365100C0EF27FDA925C15113FC365100D3
:20258500C0EF1AFDA925C15114FC365100C0EF0DFDA925C15115FC365100C0EF009EFC601F
:0C25A5009EFD61FC61FF8EFD708EFCD776
:1E25B10033053503164361F8D7B5B7899B17EFF5160514174561F8D7B5629917EFF621
:2025CF00FC563800FC143800EFFA2004EF45FC143800A800040100B800A802DE03A1B80246
:2025EF00441100A80061F84440B3DCE2FC693800F6B800EF10FC143800A800040100B8008A
:20260F00A802DE03A1B802441100A80061F84440B3DCE2FC563800F6B800EFC2FC56380007
:20262F00FC143800FC513800EFF6FC563800FC14380061EDEFF8FC563800EF13040100122F
:20264F0061D8A5154400001361F8441027DCEDFC143800F61214EFECFCF13700717AFAE15B
:20266F00FC713800F6FC793800300001FC793800300002FC793800300003FC793800E1FC89
:20268F00BE3800FC563800D7C1C3510A3102051C91DFF98D055C03DD094C02DD0A5180C695
:2026AF00C6D751FFC6C6D751FEC6C6D73104051D3104051931040515310405113104050D7E
:2026CF0031040509310405055180C6C6D7310205DB310205D7310205D3310205CF310205C9
:2026EF00CB0000000000000000000000000000AEF8BF88F9CBF80000F1310205050000ED3C
:20270F001C27ED672971140561C8EDAA2B71140561C8ED3F2871140561C8ED4728711405D5
:20272F0061C8ED4F2871140561C8ED572871140561C8ED5F2871140561C8ED6728711405FE
:20274F0061C8ED6F2871140561C8ED772871140561C8ED7F2871140561C8ED87287114055E
:20276F0061C8ED8F2871140561C8ED972871140561C8ED9F2871140561C8EDA728711405BE
:20278F0061C8EDAF2871140561C8EDB72871140561C8EDBF2871140561C8EDC7287114051E
:2027AF0061C8EDCF2871140561C8EDD72871140561C8EDDF2871140561C8EDE7287114057E
:2027CF0061C8EDEF2871140561C8EDF72871140561C8EDFF2871140561C8ED0729711405DD
:2027EF0061C8ED0F2971140561C8ED172971140561C8ED1F2971140561C8ED27297114053A
:20280F0061C8ED2F2971140561C8ED372971140561C8ED3F2971140561C8ED472971140599
:20282F0061C8ED4F2971140561C8ED5729EDBE2B0C0100101CED5F290C01001022ED5F29A3
:20284F000C01001028ED5F290C0100102EED5F290C02001034ED5F290C0200103AED5F295B
:20286F000C02001040ED5F290C02001046ED5F290C0200104CED5F290C03001052ED5F29D8
:20288F000C03001058ED5F290C0300105EED5F290C03001064ED5F290C0300106AED5F2955
:2028AF000C04001070ED5F290C04001076ED5F290C0400107CED5F290C04001082ED5F29D1
:2028CF000C04001088ED5F290C0400108EED5F290C05001094ED5F290C0500109AED5F294F
:2028EF000C050010A0ED5F290C050010A6ED5F290C050010ACED5F290C060010B2ED5F29CC
:20290F000C060010B8ED5F290C060010BEED5F290C060010C4ED5F290C060010CAED5F2948
:20292F000C070010D0ED5F290C070010D6ED5F290C070010DCED5F290C070010E2ED5F29C4
:20294F000C070010E8ED5F290C070010EEED5F2971040561C8EDAA2B71040561C8ED8A2AB9
:20296F0071040561C8ED922A71040561C8ED9A2A71040561C8EDA22A71040561C8EDAA2AE8
:20298F0071040561C8EDB22A71040561C8EDBA2A71040561C8EDC22A71040561C8EDCA2A48
:2029AF0071040561C8EDD22A71040561C8EDDA2A71040561C8EDE22A71040561C8EDEA2AA8
:2029CF0071040561C8EDF22A71040561C8EDFA2A71040561C8ED022B71040561C8ED0A2B06
:2029EF0071040561C8ED122B71040561C8ED1A2B71040561C8ED222B71040561C8ED2A2B64
:202A0F0071040561C8ED322B71040561C8ED3A2B71040561C8ED422B71040561C8ED4A2BC3
:202A2F0071040561C8ED522B71040561C8ED5A2B71040561C8ED622B71040561C8ED6A2B23
:202A4F0071040561C8ED722B71040561C8ED7A2B71040561C8ED822B71040561C8ED8A2B83
:202A6F0071040561C8ED922B71040561C8ED9A2B71040561C8EDA22BEDBE2B0C0100101C39
:202A8F00ED14270C01001022ED14270C01001028ED14270C0100102EED14270C0200103466
:202AAF00ED14270C0200103AED14270C02001040ED14270C02001046ED14270C0200104CE3
:202ACF00ED14270C03001052ED14270C03001058ED14270C0300105EED14270C030010645F
:202AEF00ED14270C0300106AED14270C04001070ED14270C04001076ED14270C0400107CDC
:202B0F00ED14270C04001082ED14270C04001088ED14270C0400108EED14270C0500109459
:202B2F00ED14270C0500109AED14270C050010A0ED14270C050010A6ED14270C050010ACD6
:202B4F00ED14270C060010B2ED14270C060010B8ED14270C060010BEED14270C060010C452
:202B6F00ED14270C060010CAED14270C070010D0ED14270C070010D6ED14270C070010DCCF
:202B8F00ED14270C070010E2ED14270C070010E8ED14270C070010EEED142773AEF8311EFD
:202BAF0014AF88F9BEF815C4C6B9639B5100D7AF88F9BEF8C6C65181D716510A31020516B4
:202BCF0091DFF98D055C03DD074C02DD065180D751FFD751FED73104051B310405173104A7
:202BEF0005133104050F3104050B31040507310405035181D7310205DD310205D93102059B
:202C0F00D5310205D1310205CD2002005502CF8AF9FF540CC800803200000000000000001E
:202C2F00000000ED1F2D8D055C0361F8EDF82D618D617D718C8F8AF971995CF39F8AF96139
:202C4F00F8ED5A2D311C00008D05618D617D718C8F8AF971A95CE79F8AF961F8ED6F2D8856
:202C6F00000F81F9980061D8EF008D05618D617D718C8F8AF971B95CCF9F8AF961F8ED844E
:202C8F002D9461F8ED112E0000008D05618D617D718C8F8AF971C95C9F9F8AF961F8ED9B3A
:202CAF002D7910207F88F9BF88F98D05618D617D718C8F8AF971D95C3F9F8AF961F8EDB085
:202CCF002D644C0A30FFFF61F8BF88F9008D05618D617D718C8F8AF971E94C029F8AF9619F
:202CEF00D8EDC52D88000F81F9980061D8EF008D05618D617D718C8F8AF971F94C049F8AED
:202D0F00F961D8EDDA2D7F8BF99BA77F89F972F38D055C0361F8EDF82DCF8BF9FF618D61D6
:202D2F007D718C8F8AF971895CF99F8AF961E8ED352C00008D05618D617D31054D71008A14
:202D4F00F971088BF9000000ED352C008D05618D617D31053571108AF971188BF9ED532CDA
:202D6F0071208AF971288BF98D05618D617D31051900ED6E2C71308AF971388BF98D05619B
:202D8F008D617D31050400ED902CEF5871408AF971488BF98D05618D617D31054700EDB0A6
:202DAF002C71508AF971588BF98D05618D617D31053200EDD02C71608AF971688BF98D0555
:202DCF00618D617D31051D00EDF32C71708AF971788BF98D05618D617D718C8F8AF900611A
:202DEF00D8ED152D51831002D7311C510C612C747910207F88F9084401B06461F86C101066
:202E0F0002D751821002D74058F901DD28DB5AF9485CF9E6025AF944100061C8F6BF5AF9EC
:202E2F0012395CF95F8F58F973318E440200DC0563919F58F9D7C17363FECBFFD558F9DF2C
:202E4F000588009F58F9C0D7C3C1C7D1DF04F713EF11FEB2FFEFF7A804031489FEA8FFA818
:202E6F0000A112B8008802318E6C8014137C8045DCE51006D714321F0BEF1564617A318E1B
:202E8F00311EDE04627C287215311E1462311A726393D1DFE6627C1FD74100118F0AF73170
:202EAF008EF1085CC008616861F8710084F9D7C79800318EFEBEFF7088009F6DF9F131BDBC
:202ECF009F6EF9C0D7F56CF9F1FEE3FFF575F951875F84F99F84F9F585F951FC5F84F99FAD
:202EEF0084F9FEB4FFD7716084F9D7716884F9D72004AEF804020012B1FC972600D1DF4A26
:202F0F00880173318E445800DC4663318E446200DE3EA80212319D1688019800318E14139E
:202F2F00317E128800319E07360000CEFB0B00120480E0440001DE18627C809F81F95102DE
:202F4F006F84F9718B9F84F9EF068161F8FE75FF1004D7200C8F84F9310509311306FE8FE4
:202F6F00FFEEB201AEF8A1FCC82B009800318E319D61D8EE6B018801318EF1085C33084498
:202F8F002100DF7B8800318E31CD31CE44030061E8EE770188024F6DF961E8EE6D018803FE
:202FAF004F6EF961E8EE630188014C2DDF06E56CF9EE620188014CE1DF07CF6CF902EE551A
:202FCF000188014C6961E8EE4101D575F98F84F9DD1D312504514BEF0251C39F76F9F9756A
:202FEF00F93076F9FCFA3800CF6CF903EE2701313509511EFC003900EE1001515AEFF58F7F
:20300F006CF94C01DF6188014CC361E8EEFC008800318E31CD31CE44030061D8EEEC0088BE
:20302F0000318E31CD61C8EECB0051D2FC00390088029F6FF988039F70F988049F71F98849
:20304F00059F72F988069F73F988089F74F98809D161E8CF74F9FF51146F84F971BB9F8497
:20306F00F9F575F9EEA4004C02DF308800318E31CD31CE44030061D8EE90008800318E313C
:20308F00CDDE7288014C4BDD0688014CC3DF7C51D2FC003900711884F9EF704C03DF6C882F
:2030AF0000318E31CD31CE440100DF5F88014CD2DF5951047F84F9739F84F98F75F9318E47
:2030CF00440B00DE076371BA739F84F9F575F963315538517F5F71F9FED4FD715884F9EF6F
:2030EF002A8800700C7E4C02DE268F6CF94C01DD044C02DF164100118F0AF7318EF1085C68
:20310F00C00844400061F8710084F9F56CF9EF068061F8FEAFFD100CD7C31436FFFFEF1F2F
:20312F0089318E1217F1617B08617A0812311C791020081217318E617B08617A0816A58855
:20314F000070919800D0DFD830FFFF27C2D716EF08629EFD11899BA5A76393D1DFF3D7EF68
:20316F000E629EFD11899BA5CC010017040200166393D1DFECD7C79800410032000111FB13
:20318F003CF7EF086461038217311E161731FD31FE1488006142DCEC156168F161F87363B7
:2031AF00C2D70C06FECFFFD74100550011AF3CF7EF098512B1615B08615A08440000DFF24D
:2031CF0065D74100118F0AF7318E311E51C061C85180D7C74100118F1EF79800708800087D
:2031EF005C80085C7F08C2D7200E16D2DD2092D2DD4F92D2DD5F92DF72301BF7B806C8086A
:20320F0000A8061417320001FE43FFE1EF5E4100118F1CF79800CC0005CC010F318E1231EA
:20322F003D14312C130504450012609C02139C0388000C029C04CC0514CC0610CC0704EFEB
:20324F0026CC0000300CF7B802C80400A8021417A15307EF0E3013F7B80AC80C00A80A1451
:20326F00175308F2FEE7FE5108EF01F1100ED7C1C714D2DD2592D2DD5C92D2DD6492D2DDD6
:20328F006092D2DD5C92D2DD6392D261F8EE80009261F8EEC600F1EE9E004100118F1CF743
:2032AF00980031290C2C99CA0110CA020D5105FEC4FE73A80214639A03410088009A0411C9
:2032CF008F1DF79A05FE0BFF166073A80214639A0617EE81008F82F999A802A1340700EF4D
:2032EF000415340800F7FCC12500EF6CCA0021CA01018F83F99A02CA0300410011AF20F7F3
:20330F0012609A04139A05118F28F79A06F1EF3E410011AF22F7126099139A01118F29F7CC
:20332F009A02E1FE7CFE73A80214639A03410011401CF702DF0551041004D711AF24F712A0
:20334F00609A04139A05118F2AF79A065102FE51FE73A80214639A075108EFDC410011AF53
:20336F0026F7126099139A01118F2BF79A025103FE2FFE73A80214639A03EFBA2004C114B8
:20338F00629A03CA0008CA0110CA020F5004D60410221404020016A9B8028B980472A80261
:2033AF0014A8000404005304FEA3FD51081006D7201A8F85F972914C02DC5A0CFED1DD5B1E
:2033CF0091D1DD7991D161F8EEAC0091D161F8EEB60091D161F8EEDC0091D161F8EEFC0048
:2033EF0091D161F8EE030191D161F8EECB01914C0A61D8EEEE010CF6D161F8EE840291D19D
:20340F0061F8EE8F0291D1DD069161E8EED602F577F9EE8702F19802EE8702CF85F904CFE2
:20342F0077F912E578F9E579F9CF7AF902CF7BF911F57CF9F57DF9CF7EF908EF72CF85F9E5
:20344F0005410011AF04F712609F77F9139F78F911AF06F712609F79F9139F7AF911AF088B
:20346F00F712609F7BF9139F7CF9F1FE08FD9F7DF9E1FE01FDEF35C802025102FEF7FC9FE1
:20348F0077F9E578F9EE1A02CF85F907CF77F909CF78F902CF79F912F57AF9E57BF9E57CFA
:2034AF00F95103FED0FC9F7DF9FE16FD9F7EF9C80208EEED01CF85F9084100118F0BF79F25
:2034CF0077F9CF78F909CF79F904F57AF9F57BF9F57CF9CF7DF911F57EF9EFD3F577F9516A
:2034EF0004FE92FC9F78F9EEB5014100118F1CF79804F198028F86F9313998038803318E01
:20350F00441900DE148803313A72AEF8041200FED6FC7088039801EF4D88045004D6042CA3
:20352F00001288030CE79801318E43DE0F8801313A72AEF8041200FE35FDEF2988047350AB
:20354F0008D6148801706331290C2C6120609801318E4561C8EE25018801313A72AEF804B1
:20356F001200FE17FE70FBF8FF51082E027388015C076120609B63614061F39B8801318E16
:20358F0031DD31DE128B318E141704120003128802318E0477F9FCB12500880370880061DA
:2035AF00089803880270880061089802318E44080061D8EE46FFEEC400410011AF3CF76116
:2035CF0068DD16CF77F904CF78F903CF79F909CF7AF904C80204EEC900CF77F902CF78F965
:2035EF0003EEBB00303EF714B806E3620CF6724100EF0C318E05A11460980615980783C86E
:20360F0008006261431189DCEA98008F86F9D1DF37880061010C029F77F9CF78F9038800CE
:20362F00318E44040061C8C80003A806A1B80A880872980C880073A80A143079F9FE1FFB4E
:20364F00880061010C02EF33312991758800612D9800318E44050061C8C80004A806126511
:20366F00318E03A1B80E8808729810880073A80E143077F9FEE8FA880061019802A086F980
:20368F00EF203684F931E503E1EF01F19F77F9E19802EF0E8F84F9317A9F77F9F578F9C803
:2036AF000202D974F98802614861D303609802D974F96120609F74F98802318E4408006124
:2036CF00D8F585F98802723077F9FE4CFA128802318E0477F9146299A5139988020C039F49
:2036EF0075F9E1EF01F1101AD7715084F9E585F9FEBDFCD78F71F9D1DD0891DF10FEE6F751
:20370F00EF03FEE6F7CF85F902FEA4FCD7F1D7C78F71F998008F72F991D1DD1591D1DD1745
:20372F0091D1DD214C0CDF32CF85F909F586F9EF0FCF85F903EF098800D1DF1ECF85F906F8
:20374F00FE6DFCC2D7FE60FA70880008614061C30988000C0A9F85F9EFD2F1C2D7CF85F9E1
:20376F0015FE4CFCD7CF85F916FE44FCD7D573F9DF08CF85F917FE37FCD7F1D7D573F9DF14
:20378F0008CF85F918FE28FCD7F1D78F6FF90C80D1DD2091D1DD3791D1DD3C4C7EDF418F31
:2037AF0070F90CFBD1DD084C04DF35FE46FFD7FE37FFD78F70F9D1DD110CFAD1DD084C028A
:2037CF00DF1EFE98FFD7FE46FFD7FE98FFD7D570F9DF0DFE97FFD7D570F9DF04FE9DFFD7C4
:2037EF00F1D751806F84F9718B9F84F9F582F9F583F9FCC238005100318E1432622F51020C
:20380F00FC1E5100D73684F931C5145177FEF7F5FE78FFD161F8713084F9714884F9D7D549
:20382F0075F9DF14D585F9DD0F5172FED9F5FE7FFBD161F8713084F9D7D585F9DF02F1D7B7
:20384F00E1D7710084F9D7FCE43800D1DF0BFE74F6CF81F980FCE83800D7FCEF3800FE6460
:20386F00F6D7718C3684F971F1D7C1C773410011D91CF763614061D3335002D6609800734C
:20388F00300300D3EF020193DFFC607CFF5F82F9729F82F98800738802318E31ED31EED31E
:2038AF00EF020193DFFC60616A9F82F91004D79F83F9D75A08FE51FE5F28FF9E283425FF24
:2038CF0089719A9989718A99713BEC713BE8711B38711A39D7E15B08D7713BE46A0801D70F
:2038EF00713BE45A08FED7713BE0D716628173EF06368BF99B53027113057102058E255C74
:20390F00FC9E25CF8AF980ED6B3992DF58000000000000000000000000ED6B3992DF560055
:20392F000000000000000000000000ED7F3992DF58000000000000000000000000ED933951
:20394F0092DF5A000000000000000000000000EDA7398B9F8AF9A700003103AE7A050352B6
:20396F000600000000008F8AF93113B0000000007A0503520600000000008F8AF93123AE3E
:20398F00000000007A0503520600000000008F8AF93133AC000000007A0503520600000042
:2039AF0000008F8AF931434E000000007A0503520600000000008F8AF931534C0000000068
:2039CF007A0503520600000000008F8AF931634A000000007A0503520600000000008F8A1B
:2039EF00F9317348000000007A050352069361E8ED6139ED4D3A92DFB800000000000000F9
:203A0F000000000000EDBB3992DFBA000000000000000000000000EDCF3992DFBC00000069
:203A2F00000000000000000000EDE33992DFBE000000000000000000000000EDF739000022
:203A4F00000000008D055CFC9D05510691DFFD00710205510291DFFD000000008E256C03AD
:203A6F009E25D7CFF00031CFFC009CD7717BFAFEF1FFD716C80300AEF82761D339315E1208
:203A8F00F643DD27BBBC02BC04BC06BC08BC0ABC0CBC0EBC10BC12BC14BC16BC18BC1ABC21
:203AAF001CBC1E3704200037B3EFD6AEF847DD06F6BBA7A7EFF5D7F58CF9F58DF9F6BF9033
:203ACF00F9BF94F9BF92F9F596F9F58EF9F58FF934FC0089719A99F6BF0805340000F75130
:203AEF0010FC1E5100715BE7D7FC394F00D1DD07AF0405318DDE15D5F0F9DF10D58FF9DF27
:203B0F000BFC2A4F00D161E8CFF0F9FF8F8CF991D1DD1291D1DD224C05DF798F8DF9D1DF11
:203B2F004B510EEF4F8F8DF9D1DF045106EF4591DF045102EF3EE1EF3BAF90F9440000DDE2
:203B4F0053125107FCE659004C02DF485107FCD6590030FFFF0290F9BF90F96168DF2FF698
:203B6F00BF0005CF8EF908CF8CF918D791DF04510AEF01F1CF8CF902318E1230FFFF029238
:203B8F00F9318D03BF0005AF90F96168DD065107FCC65900D7D58CF961F8BF0C05D7C5C388
:203BAF00C7C177AF0805B8028F8CF973D1DD08634C0661E8EEA800625080D6128800318E4F
:203BCF001467FBF8FFF0616B08616A616C08616DBF1005A80CBF92F9A8066168DD04530FAB
:203BEF00EF01F3A806BF94F9639F96F988059F8DF98B318E311EDC2CE60292F9311EB80477
:203C0F00301405F7EF10130161090614A914AB35B9AB040200A3BB13614904DCE951003250
:203C2F00AF3CEF05510032143D318E145110FC1E5100408DF901880270DF0971BA98026055
:203C4F006C09EF02718A9802A802BF0805D58CF9DF03E1EF0251079F8CF9A80EBF90F9104C
:203C6F0008D78F8CF94C18DD044C06DF04F6BF0005F58CF9D7717BFA300F00BF0405F6BF1B
:203C8F000805340000F75110FC1E51008F8CF9318E31FDDE04F6BF0005F58CF9717AFAD73E
:203CAF00C7AF0405B800AEF816319503F1EF07AEF81631A3F7E1D1880070DF168800311A59
:203CCF005C027360719C6371A99F8EF9CF8CF918EF13313506CF8CF906EF0AAEF816318555
:203CEF0022CF8CF9085107FCD65900300F00BF0405F6BF0805340000F75110FC1E5100FCF8
:203D0F00705600C0D7C7AF0405B800AEF816319503F1EF07AEF81631A3F7E1D1880070DF84
:203D2F00168800311A5C027360719C6371A99F8EF9CF8CF918EF13313506CF8CF906EF0A7D
:203D4F00AEF816318538CF8CF9085107FCD65900408CF918DD10E60292F9311E14DB94F9C3
:203D6F00301405FE1A00300F00BF0405F6BF0805340000F75110FC1E5100FC705600C0D7BA
:203D8F00C1C7C3F6EF1AA80416AB12C6C713BBA804040200B804A800040200B800A802A1D1
:203DAF00B80245DCE11006D7713AEE713AEA3492013000C0B9AA26085CFD08BA26AA2808BA
:203DCF005CFD08BA28AA24086CF008BA24D7714AEE714AEA349401300080B9AA24085CFBF5
:203DEF0008BA24AA26085CFB08BA26AA226C02BA22D7715AEE715AEA3496013000C0B9AA3E
:203E0F0022085CF708BA22AA24085CF708BA24AA206C10BA20D77140F300D7C1712BE3CBA6
:203E2F00900000712BE75115FC1E5100A80012314D23B16C805C8FBE90C0D7712AE7340011
:203E4F0000F75115FC1E5100712BE3CB900000D7CEABACD7C1510BFC1E5100A800FEAF0001
:203E6F00BD1A713BE2713BE634B201A9086C0208B9C0D7C1510CFC1E510034B601A9085C5D
:203E8F000F08B9A80044D107DC06A9086CF0EF0D441500A908DC046CA0EF026C4008B9A898
:203EAF0000FE6B00BE64714BE2714BE634B201A9086C0408B9C0D7AFB00160311A5C01D789
:203ECF00C1510DFC1E5100A800FE4300BE66715BE2715BE634B201A9086C0808B9C0D73444
:203EEF00B401A9086C0208B9713BE2713AE6D734B401A9086C0408B9714BE2714AE6D73413
:203F0F00B401A9086C0808B9715BE2715AE6D744D107DC1232DC0234E803CEFB0136000088
:203F2F00CEFB0B00B1D7441500DC0832EA00340A00EFE732DC05CEFB02B1D78FEEF9318E0E
:203F4F00311EDC0E510F5F9DF9D1DD079161F8FE9C00D7FE1400D7F6BF98F9BF9AF9BF9CD8
:203F6F00F9510F5F9DF99F9DF9D78FF2F973318E311EDE0A63718B9FF2F9F59CF9D78F9C80
:203F8F00F94C02DC350CFED1DD3991D1DD3F91D1DD4591D1DD4E91DF2063718B9FF2F97150
:203FAF00389BF9E16F9DF95CF19F9DF9F59CF951106F9DF95C1F9F9DF9D7E5A6F9CF9CF95F
:203FCF0002EF1CCFA6F902CF9CF903EF12CFA6F903CF9CF904EF08CFA6F904CF9CF90571D1
:203FEF0000EEF9D7CFA6F905CF9CF906EFF18F98F97031051DAF98F9440100DF04FE5F008F
:20400F00D7E16F9DF95CF19F9DF9E6F59CF9BF98F9D7311504FE9000D7312504FE4301D799
:20402F0031351AAF98F9440800DF04FE9E01D7E16F9DF95CF19F9DF9300800EFCE31550427
:20404F00FEEF01D7316504FE6B02D78F99F9310506718B9F99F9D760317503FE2503D78FBA
:20406F00F2F973318E311EDE1363718B9FF2F971309BF9710898F9F59DF9EF1C8F9CF9D121
:20408F00DD1A4C0ADF15710898F971389BF951106F9DF95C1F9F9DF9F59CF9D7E5A6F9CFBF
:2040AF009CF90A7100EEF9D78FF2F973318E311EDE1363718B9FF2F971309BF9711898F9FF
:2040CF00F59DF9EF3C8F9CF9D1DD3A0CECD1DD3F91D1DD4591D1DD4B91D1DD5191D1DD57F6
:2040EF0091D1DD5D91D1DD6391D1DD6C91DF15711898F971389BF951206F9DF95C2F9F9DAF
:20410F00F9F59CF9D7CFA6F902CF9CF914EF44CFA6F903CF9CF915EF3ACFA6F904CF9CF932
:20412F0016EF30CFA6F905CF9CF917EF26CFA6F907CF9CF918EF1CCFA6F908CF9CF919EF5A
:20414F0012CFA6F909CF9CF91AEF08CFA6F90ACF9CF91B7100EEF9D7CFA6F911CF9CF91C2D
:20416F00EFF18FF2F973318E311EDE1363718B9FF2F971309BF9712898F9F59DF9EF1E8FF5
:20418F009CF9D1DD1C0CE2D1DD2191D1DD2791D1DD3091DF0B712898F971389BF9F59CF9B3
:2041AF00D7CFA6F907CF9CF91EEF12CFA6F908CF9CF91FEF08CFA6F909CF9CF9207100EED7
:2041CF00F9D7CFA6F90ACF9CF921EFF18FF2F973318E311EDE1563718B9FF2F971309BF917
:2041EF00713898F9F59DF9F59CF9D78F9CF9D1DD1E0CD8D1DD3391DF15713898F971389BD2
:20420F00F9F59CF951106F9DF95C1F9F9DF9D7FC7756006168DF045105EF0251149FA6F9C0
:20422F00CF9CF9287100EEF9D7E5A6F9CF9CF929EFF28FF2F973318E311EDE1563718B9FD6
:20424F00F2F971309BF9715898F9F59DF9F59CF9D78F9CF9D1DD2A0CCED1DD2E91D1DD34C4
:20426F0091D1DD3A91D1DD4391DF15715898F971389BF9F59CF951106F9DF95C1F9F9DF978
:20428F00D7E5A6F9CF9CF932EF1CCFA6F902CF9CF933EF12CFA6F903CF9CF934EF08CFA696
:2042AF00F904CF9CF9357100EEF9D7CFA6F914CF9CF936EFF18FF2F973318E311EDE1563DD
:2042CF00718B9FF2F971309BF9716898F9F59DF9F59CF9D78F9CF9D1DD2E0CD9D1DD339167
:2042EF00D1DD3991D1DD3F91D1DD4591D1DD4E91DF15716898F971389BF9F59CF951306F93
:20430F009DF95C3F9F9DF9D7CFA6F915CF9CF927EF26CFA6F90BCF9CF928EF1CCFA6F90CA4
:20432F00CF9CF929EF12CFA6F90DCF9CF92AEF08CFA6F90ECF9CF92B7100EEF9D7CFA6F938
:20434F0010CF9CF92CEFF18FF2F973318E311EDE1363718B9FF2F971309BF9710899F9F5C4
:20436F009DF9EF0E8F9CF9D1DD0C4C32DF07710899F9F59CF9D7CFA6F90FCF9CF932710069
:20438F00EEF9D7C78FF2F973318E311EDE1363718B9FF2F971309BF9717898F9F59DF9EF8B
:2043AF003E8F9CF9D1DD3D0CC4D1DD4691DF33FC735300B800880031051DAEF8163195174C
:2043CF0051FD5F9AF973AF9EF9F05C604400406361F8719A9F9AF9717898F971389BF9F500
:2043EF009CF9C0D7CFA6F913CF9CF93C7100EEF9EFF0CFA6F912CF9CF93DEFF0D78FAAF921
:20440F00310505712308EF1731150E712308F5ABF95109FCC65900EF0C312509712208516C
:20442F0009FCD65900F5AAF9320A005109FCE659004C02DF238FABF9819FABF9318E443254
:20444F0000DC0F8D0871AC8D0871A97C049D08F5ABF95109FCC65900320A005109FCE659FD
:20446F0000D1E161F85107D7FCB73D005100318E1432BC445107FC1E5100711208711A28AC
:20448F00710BE5F5ACF9F5ADF9D740ACF9018FADF9DF08D1DF0BF5ACF9EF06D161E8E5ACA9
:2044AF00F9FCC63E00D1510361F85107D7FC7056005100318E1432D04430E803FC633E0063
:2044CF00D731140803F1EF01E19FADF9FCEE3E00D7716301716B21717301717B217108550E
:2044EF0000710205710A2571185500711205711A25711307711B27713307713B27710858F2
:20450F0000710308710B2871205800712208712B283653008CA9719A9CA97182710203713C
:20452F000B237192711203711B2371A2712203712B23F6BFAEF9F5B0F9F5B1F9F5B2F9FC69
:20454F00013E00FC253E00FC663F00FC344E00FCC63A00FC0B4400FC774400D7C7FC735331
:20456F0000B8008FB0FB73310303EE8500AEF816318523711307FCAE49008800719C8FAA3C
:20458F00F9DE04718AEF02719A9FAAF97108B0FBF5B1F9EE0301D5B1F9DF21F5B0F9712095
:2045AF00AAF936AEFB31930F5108FCC65900711207E5B1F9EEE20063718BEF655103FC6EC9
:2045CF004F00317503EED1007C80442083DC10328A025108FCE659004C0261E8EEBA005164
:2045EF0008FCD65900F5B1F97113077108B0FBEEA700311519AEF8168FAAF9319504718A84
:20460F00EF02719A9FAAF97118B0FBEE8B0031250471ABEF0C31350471BBEF0531450771B7
:20462F00CB9FB0FBEF7331550471DBEFF431652D8FB9FB705CC04C40DF1D60311A5C1F4CAF
:20464F000FDF14AEF81631E50EEBB6FBA901DC07300010FCBB53007168B0FBEF3C8FB1FB0C
:20466F0073313518AEF8163195056371BBEF27AF98F96168DF23716098F9EFEE31250471F9
:20468F00ABEF1331450471CBEF0C31550471DBEF0531650571EB9FB1FB8FAEFB7331750D43
:2046AF007163017173017178AEFBEE0D01316515AEF81631B505716201EF037172017168CE
:2046CF00AEFBEEF500311551D5B1F9DF0A710098F9E5B1F9EEE3008F9BF931350771BB9F83
:2046EF009BF9EF145103FC6E4F0012317503EEC9007C80442183DE0D7113077118AEFBF514
:20470F00B1F9EEB500137C80447D9561C8EEAA00713307711207EEA10031451CAEF81631D4
:20472F008508FC775600616861F8713307713098F97148AEFBEE8200310514AF98F96168F0
:20474F00DF78713207711098F97108AEFBEF6B312513AF98F96168DF61712098F96371AB68
:20476F009FAEFBEF55313514AF98F96168DF4B713207715098F97138AEFBEF3E315510AF31
:20478F0098F96168DF34716098F96371DBEFD18FAFFB310507718B9FAFFBEF1E369BF93109
:2047AF00B50D300062FCBB530071389BF9EF0BAF9AF96168DD04F6BF9AF9C0D7200AFC73F1
:2047CF005300B808E1FC6E4F00B8025104FC6E4F00B8008808311303F1EF35FC425A00D148
:2047EF00DFF6AEF80409001631F5EDFC775600325500CEFB01360000346400CEFB0B001429
:20480F00A80031FF43A80061F845DECCF5B0F9E19807AEF804080016318303F1EF1DAEF83E
:20482F00040800163193F4A80031FF440000A80061F844D959DCE4F5B0F9E19806A8020174
:20484F0061D373A80244ED0ADC0530EC0AEF0B44A700DC05510673EF5AF6BFAEF9EF57310A
:20486F008F01B80004202216A80261490061D34163318F0104302214A9B804150402001698
:20488F00A800042022B80014A914ABFBF8FF61290412A80225CEFB01B802AB04020016AB90
:2048AF002514A802360000CEFB0B0012A80403EFA993633175A9AFAEF9445100DC0BF5B0E7
:2048CF00F9E19801C80003EF10443D00F19801DE05E19800EF03C80002AEF8040800163170
:2048EF0083088801D161F8FEDD008FAEF9748800738806728801708807FC9A5800AEF804CB
:20490F00080016319509AEF80409001631F31A8806318E12F623148801318E128807318E60
:20492F000345DF055107100AD7F1EFFAC7FC735300B800880171FC8FB0F9DE49D1DF55AED0
:20494F00F816EBB2FB31E5053001A0EF03300180B9AEF81631E30CAEF816319533AEF8160D
:20496F0031A52DEBB2FB3000FFBA02AFB4FB086C045C04085CFEBFB4FB30002FFCBB530033
:20498F00E5B0F9EF0F91DF0CFC3E56004C0861E8CFB0F902510740B0F90161F8F1C2D751E3
:2049AF0000318E1432E649510DFC1E5100CB66B32D34B201AA046C10BA04715BE2715BE6AB
:2049CF00A9086C0808B9D734B401A9086C0808B9715BE2715AE6D7E1FC3B4F00FC705600DD
:2049EF00D7718C8D0871A99D08D7C7FCC44A00FC672600FCC25200EE9300AFAEFB6168DFBE
:204A0F0026AFB0FB6168DF1FAF98F96168DF18AF9AF9085CF0086168DF0D51F05F9DF9D1E6
:204A2F00DD05D5F0F9DD06FC6B4500EF50FCCB4700708800615891D1DD270CFED1DD264CAA
:204A4F0004DF3AFCFA5200FC7B5300125100318E1413325F3EFC2A3E0061FDFCCD5200EF34
:204A6F001861EDEF18FC7B5300125100318E1413325F3EFC2A3E0061EDFC4A3E00FC4A3F1D
:204A8F0000FC784E00FCF83A00FC143800FC3F52009801FC0C44009800FC994400738801F0
:204AAF00708800615063615898008FAFFB317303EE47FFC0D730013CFC835600300300C1A9
:204ACF00340400F73060EAFC715700C0340500F73060EAFCB95700320300300303FCE7573F
:204AEF00005400F7F6FC9A5800F1FC4E5A0030B4F9BFB6FB30D0F9BFB2FB300001FC715142
:204B0F0000FCE04400717AFAD7F5ECF9F5EDF9D78FECF90C7FD1DD0891D1DD084C7EDF1663
:204B2F00FE1400D78F8CF94C06DD084C08DD044C1861F8FED302D7D58CF9DD05CFECF98125
:204B4F00D7F58EF97108F2F9309002FCA43B00FE0500CFECF982D7200AF6B8088FA6F99143
:204B6F0075318E12654C15DE0E131249F622311C9EFC79CC2261CBF3EE6902300068B8088A
:204B8F00533DEE5F02300080B808534CEE5502F6B808534EEE4D02FC775600326500CEFB16
:204BAF0001B80013B804A800360000346400CEFB0B00B80213B806A802360000340C00CE9B
:204BCF00FB0B001507A80412A80036000034B004CEFB0B00320C00CEFB02B804A802DF08F6
:204BEF00DC0614A80612EF0A040C0014A8061261D8A315360000340C00CEFB0B00FBF8FFE6
:204C0F00320C00CEFB0212A8023323BBF661D8B1612906141361290416A8061261D8B14585
:204C2F0017FBF8FF61F861490061D30AA802040C00B80261D8A3A802360000340C00CEFBE2
:204C4F000B00313DB8085349EE9901FC7B5600B800FC425A0075A800320A00CEFB02B802ED
:204C6F0065D1F7DF14A802327800CEFB01360000346400CEFB0B00B802A8025C036168A811
:204C8F000214DF04C3C6EF0C040004B8001361D8A116A800F05CFC25B8001761D8B12316BE
:204CAF00655C0375F647FBF8FF1561F861490061D30AA802040004B80261D8A331DCA80228
:204CCF00313E03085C8008B808534AEE1601300013B808BF9EF95348EE0901305C12B808BB
:204CEF005314EEFF0030482CB8085315EEF50030E803EFEAFC7B5600B800FC425A0075A874
:204D0F0000320A00CEFB02B80265D1F7DF14A802327800CEFB01360000346400CEFB0B00E3
:204D2F00B802A8025C036168A80214DF04C3C6EF0C040004B8001361D8A116A800F05CFC00
:204D4F0025B8001761D8B12316655C0375F647FBF8FF1561F861490061D30AA802040004BD
:204D6F00B80261D8A331DCA802313E03085C8008B8085347EF6EF1FC4F5900316C31AE03AE
:204D8F005C03320A00CEFB02446400DE03F6EF11320A00CEFB010418FC313E5C1F085CFCB7
:204DAF0008B808533FEF3D300300EEE3FDFC7B56006168DF05300640EF03300240B80853F6
:204DCF003CEF21300648EFF5533AF1EF18534DF1EF13FC7B56006168DF03F6EF033003006B
:204DEF00B8085339E1718CE6C1300200C1DE0AAEF8040C00145008EF05349EF95009633229
:204E0F000002FCAD3B00100ED7408CF918DF0A7100F2F98F8EF99FF3F9FC713C00F5ECF962
:204E2F007108EEF9D7C7F5EEF9F5EFF9F5F0F9F5F1F9F5F2F9F5F3F9F1EF2388005004D679
:204E4F001604142314AA0212A90361F8DE0D17041423148A029EFCA91661FA8800819800E9
:204E6F00318E440800DCD4C0D7C78FEFF972D1DD28F173EF1A63318E040C2316625DD1DD06
:204E8F000C090C237CFF5FEFF9729FEFF98363318E440800DCDFEE8000D5F0F9DD26F173C5
:204EAF00EF1B63318E040C23168FF0F9705DD1DD0A090C237CFF61589FF0F98363318E4494
:204ECF000800DCDED5EEF9DD50F1EF448801318E040C23168FEEF998005DD1DD3088015041
:204EEF0004D61604542314AA0212A90361F8DE0F17045423148A029EFCA91661FAEF0EC2CF
:204F0F00C3FBF8FF090C237CFF5D9FEEF98801819801318E440800DCB3C0D7F612EF02A3C7
:204F2F00137C80440880DCF7F1D7E1D7708FADFB735C30E1DF1B6091DF108F620031150A92
:204F4F006371AA71BB9FADFBF1D7604C02DD035102D78F62003125F76371BA71ABEFE673A1
:204F6F00D1DF04AFA2FBD74C03DF04AFA4FBD74C04DF04AFA6FBD78FADFB312A5C037063D6
:204F8F006140DF04F6B1EF124C01DF04AFA8FBD74C0230FEFF61F8AFAAFBD7F6143206003C
:204FAF0030A2FBFC58C200710BE7CE3181717AFA3630FF32160071820071F261ED61ED7127
:204FCF000AE7AD1E316E14F6163000A8CEFB0B00BFA2FB717BFAFE2E0151CF5FADFB9FADB9
:204FEF00FBD78FADFB7071FB739FADFB314A5C0391DD689161F8EE8F00605C4070DD128E03
:20500F003031030A636C9071DB9FADFBEF39D0DF1FAFAEFB6168DF1836B0FB318312AFA419
:20502F00FB442103DE0A8E30310505FED900EF178E30310512FE9E00BFA6FB311E12AFA48A
:20504F00FB311E03BFA4FB8FADFB705C0CDD5DFEB50051906FADFB71DBEF4D605C0CDF086B
:20506F00CE3108605C4FEF0E63312A71BA5C0B9E316371DA5C6F9FADFB3630FF518071820A
:20508F000071F26FADFBEF2063312A5C0391DF08FE3300BFA8FBEF06FE2B00BFAAFBFE666A
:2050AF000051906FADFB5CD3709FADFB60317503F1EF1271EC5103DC0CAFA4FB4421033089
:2050CF00070361D860D7DBA2FBAD1E316ECEFB01316C31AE03D7C7AD1E316E12AFA2FBCEE8
:2050EF00FB01C3C4327300CEFB0116C0C315327300CEFB0212A8003303121736000034000E
:20510F003CCEFB0B00C6D73630FF71F37183D7C3774C16C5C2DE0E675004D60400F914137B
:20512F00BA02A800B9C6D75004D6120400F914AA026168A961F8616861F8D7130400F914C5
:20514F00AA02609EFCA91661FAD7F1735004D60400F914F6BA02B983634C16DFEED7301C67
:20516F0012D7C1FC595100F177318E120431001413CA00000441001467CA00FF81774C089C
:20518F00DFE7CE38FFCE39FF51FC6FE4FF9EE4710AE5714AD4710A2236620071828801D19D
:2051AF00DD05711A22719288004C0ADD05712A2271A23630FF719371A371B371C271D37135
:2051CF00E3710A24FE7004FCAAC000FCC9B400FCAA4F00FCFAAE00FC045B00FCD36A00FCC4
:2051EF00228C00FCBD5A008F5A225080D6128F5522318E31FD168F5922318E31BDB8008F15
:20520F005B22318E31AD148F5622318E31ED616F08616E08FBF8FF6E01086D616C08616D45
:20522F00616B08616A08FE23088F5422C6EE3908CFD5FE07FCF14F00FE6C08FCFFAE00FE97
:20524F006508FC8DB500FE5E08FC0F5C00FE5708FCEF6A00FE5008FC568C00FE4908FC791F
:20526F00B000FE4208363EFE718436D0FE7191FC1C60007051B35FD0FE7360718C6371A954
:20528F00363EFE71A471B940C6FE0261F871EA71FB40C7FE0261F871FA9FD0FE8FD5FE731B
:2052AF0091DF0BAFB00160310304F5D5FEF3CEABAC63D7E53AFE343E06A96C01B9D734F0F3
:2052CF0005A95CFBB95104FC4EC10061ED5104FC77C100FC2CC100FCC9B400363FFE718400
:2052EF0061C8CF3AFE05717040FED7FEA607DD1934A405A95CFC085CFC08B9AA4C6C04BAB4
:20530F004C13086C015CE3081213BF8605EC2CC100FE8007DD0613086C010812AFF6F9F083
:20532F005CC0440040DF0AAFF6F9F05C026168DD0613085CFE0812348605AA1E5CFC085C6B
:20534F00FC08BA1EAA6A6C04BA6A13085CE308B9EC2CC100AFF005F05C04616861E8FE5D65
:20536F00FFEEFD02C7AFD0FEB800C6D78FD5FE4C03DF15D53BFE30FA00DF3051805FC9FEB6
:20538F00323C00E661E813D74C07F6DF1E36C9FE30190031F31531E30F51085FC8FE3232AD
:2053AF000030110161E813D7301101D7C1C77398008FD3FE70312A5C0F4C08DF031004D706
:2053CF00605CFC98019FD3FE630C7F7088004C8C61F8EE54014C8E61F8EE4D014C8361F80C
:2053EF00EE4601604C0261D8EE3E0188004C2FDF094088FA1D61F8EE2F014C6261F8EEBE61
:20540F00014C60DF21367DFA319303EEDD0136D1FE31E303EED40151F05F78FA4C5061E8BA
:20542F00EE2101EEC5018F3BFE70D161F8EED50136D1FE318503EECC0188004C21DF1E60A8
:20544F004C2161E8EEBE01FCDAA800D161E8EE9A014088FA3761F8EE9101EEA8010CFD4CFB
:20546F0002DC0688004C0CDF0F36CBFE31F5094078FA1161F8EE730188004C22DF0F36CDD8
:20548F00FE31F5094078FA2161F8EE32014C10DF158F88FA730CB34C0261D8EE4D01634C7E
:2054AF004161F8EE450188004C04DF094088FA4D61F8EE0A014C2FDF094088FA4D61F8EE35
:2054CF0033014C25DF174088FA4361E8EE3601AF48FE44840061F8EE1101EE28014C45DF12
:2054EF00174088FA4361E8EE1B01AF48FE44830061F8EEF600EE0D014C48DF0C3691FA31C8
:20550F00B303EE0001EEED004C49DF224088FA4E61E8EEF000AF48FE44880061E8EEE50052
:20552F003691FA31B303EEDC008800EEC7004C53DF0C3691FA31C303EECA00EEB700367B5D
:20554F00FA31D307CFD2FEFFEEBA004C02DF0B604C2161F8EE9400EEAB000CF94C0261D8EC
:20556F00EE880088004C09DF0936C9FE31D350EE93004C0ADF0936C9FE31E343EE86004CBD
:20558F000BDF0836C9FE318336EF7A4C0DDD664C22DD354C2FDD5E4C61DF0FFC1C60009144
:2055AF00DF63363EFE319343EF5B40C6FE01DD554C11DF07604C11DF1FEF304C12DF059FA2
:2055CF00D2FEEF414C14DF07604C11DD1EEF364C16DF0D604C21DD1336C9FE31E30DEF255C
:2055EF000CBD4C02DE098802D1DF1A8800EFD088004C46DF109FD2FE88017088025C036148
:20560F0060609FD3FE8FD2FE7081DF0CF5D2FE51106FD3FE5CD3EF0C51C35FD3FE73D0DF1A
:20562F00096371BA9FD3FEEE93FD6371DAEFF58FD3FE312A5C0FD734FC00896C0399DB3C6F
:20564F0004FBA00513086C075CE708BF3C04176C915C91BFA005301E1EBF9C05895CFC9914
:20566F00D7F5D5FEECF7C000AFD8FED7AFDAFED78F44FED7C171FB318EBFC8FE51F05FC99D
:20568F00FE7088005C0F6168709FC9FE880071FC8FC8FE7271F9739FC8FE6231250D6331A4
:2056AF003304603135056071FAEF036071FB7370639FC9FE51305FC8FE4C306071DB70DF87
:2056CF000371DA709FC9FE510C5FC8FE4C0CDD0B36C8FE31E3056071EBEF036071EA739F45
:2056EF00C9FEAF3E06F05C016168DD748F3BFE75D1DF0D363FFE318307F6BF8005BF8E05C6
:20570F00AFF6F95C01BFF6F963313508AFF6F96C02BFF6F963311508AFF6F96C08BFF6F9D5
:20572F0063312508AFF6F96C04BFF6F9AFC8FE31CD12AFF6F9616B08616A08BFF6F9AFF6C0
:20574F00F9BF960565D1E061F8F08F3FFE310310D0DF0DAFF6F9F05CFE616861E8E53AFEA5
:20576F00C6D7C5FE2003AFCAFEF05CFC03BFCAFE880631595C60708801718C6071F97088C2
:20578F000031295C1C7351035FCBFE616B6160609FCBFEFC0DA100403BFE21DF0836D1FEB4
:2057AF00318302C6D7C6ECB7BF00C5FED802AFCCFEF05CFC03BFCCFE880031295C1C708823
:2057CF0001718C6071F97051635FCDFE7360616B9FCDFEC6ECEB9D00C3C7C1FBF8FF758F20
:2057EF00CFFE9804311A5C0198018FCEFE73617D5C03D1AFCEFEB802DD0851FC5F7BFA9F3A
:20580F007BFA63312A7D5C03DD08513F5F7BFA9F7BFA655C0370635CF0738B31295C0C6109
:20582F0068616B9FCEFE51E05FCFFE7062718C60718970625C1E61689FCFFE88059FD7FEB2
:20584F00FC93A200FBF8FF8FCFFE735C0270DF178801D1DF28637E0431332236CFFE31B5CE
:20586F0003314319D0DD218801D1DD11A8027FCFFE087FCEFE08F05C056168DD0B36D0FE1C
:20588F00718461D8715084FA1006D7758FD4FE313A775C03614BDD1267615B5C03DD0B364D
:2058AF00D0FE718461D8714084FA511F5FCFFE7765718C6771D9756031797062718C607169
:2058CF00E9616D9FCFFE3138635C187051E75FD4FE61689FD4FE649FDCFEAFCEFEF05CE0BF
:2058EF00616861F8D75105FC77C1007178D1FED7C1758FD4FE746101706561706071BC6186
:20590F00D8714084FA65311A5C0770645CF861689FD4FE88009FD6FE13BF9AFAC6D712519B
:20592F00BF5FCEFE75623105046571EA7513F05C8061686571FBDF049FCEFED771FAEFF838
:20594F00D1DF07DBFAF9AFF8F9D791DF07DB02FAAF00FAD7F7F6D7C773604C02DE3ED3DDF6
:20596F003B93639800624C01DF1A60318E120474FA1688004DDE25FEFC00040C0014AA024C
:20598F0012A9C6D7D1DF1560318E120476FA1688004DDE08FEDF00044400EFE1F7F6C6D7E6
:2059AF00734C0260DE0F4C01DF040974FAD7D1DF040976FAD7F1D7700CF94C03DC02E1D726
:2059CF0060FC4EC100F1D7700CF94C03DC02E1D760FC77C100F1D7700CF94C03DC035103D8
:2059EF00D760ECAFC100D1DF1F367BFA31C51331D5104088FA41DF0A71587BFA5105FC4EA2
:205A0F00C10071487BFAF1D7367BFA31D302E1D771407BFAF1D78F7BFA314A5C01D7D9835A
:205A2F00FA6140DD07D161E8711084FA6160609F83FAD751C05FFFF94CC0E161E8F1D75CE9
:205A4F003C36DDFE719471999FDDFED7C1FE210075A800085C80081265318E03BF86FAC663
:205A6F00D7AF86FA085C8008D7718C3686FA7181D7E15F86FAD75004D61413321C00CEFBD3
:205A8F000204F8F905D736000034FA00CEFB0B005C0312D7348005AA0612F6B9BA0EAFF60D
:205AAF00F9F05C406168D75FD5FE9FD5FED7201AAEF8040600B80434140032E023FCB12542
:205ACF0000F6B802C8000088004C10DE17880073A8041661C9318E12A80203B8028800813E
:205AEF009800EFE3AEF804190016A802604DDF03101AD7EFFE5400328200FEF70E510031A0
:205B0F008E14327056510FFC1E5100E547FE8F40229FC6FE9FC7FED734FC0089718A9930DB
:205B2F000111BF0804714BE7AF38046C80BF3804FE3200FE200C5104EC77C100343804A918
:205B4F005C7FB9EE6C0CF6BF0804FE090CFE320C6168DD0300EFF6FE0B00714AE734FC00C3
:205B6F0089718B99D78F40229FC6FE9FC7FEFED00EE1EF0073D3DF2560318E12312D16349A
:205B8F000C04316CAA285C7F085CF3616E08616FBA28A9085C3F616A08616BB9D760318E22
:205BAF001231EC340C04A95C3F03B9D7D134C6FE61E834C7FE89D7C773AF3404B80063FEE7
:205BCF00EAFF73A8005C7F085CCF0893DF09086C3008BF3404C6D7086C20EFF573D38FC7CD
:205BEF00FEDF13614861D304609FC7FE604FC6FEDE0D9FC6FED7614861D304609FC7FED7ED
:205C0F00200EAF0404B804880575314503EE6E02FEA50EDF06E547FEEE6F02AF0604F05CD7
:205C2F0040616861E8EE360265310303EE5B02AF000460316503EE5102AEF8040400163114
:205C4F00E503EE4502408BFA0461F8EE3C02655C0EAF1004B808E761F8F760980371DC6297
:205C6F009802E761C8F788035C1F7065311A5C07BF48FE8802318E160450FE14A80831CE72
:205C8F00605C07980699A808F05C806168629807DF2C8806D1DD1B716048FE895002D61477
:205CAF0017321C00CEFB020454FE12301404FC22C200CF8BFA0251806F4FFEEEF000717073
:205CCF0048FE341204A931FE607088005CC073606163A931AE605C1E616B73A9315E607198
:205CEF00DC6371D99800A912317CA800319D319E03B800AEF81631831FA80012317E441BB5
:205D0F0000DC1513BF9CFAFECD0CFEBE0CDEA3AF3004B9A5A5A7EFF28800755C0173DD28BB
:205D2F0088005C2072DD21AF48FE424AFEDF19655C1E7051C05F9CFA616B616A61689F9C79
:205D4F00FA51406F4FFEEF6665FE950C311E12A800317E441B00DC05300D00EF04A1311E7C
:205D6F00F11413F101049EFA12301404FC22C200A80014BF9CFA8800FE660C041A001215E6
:205D8F00317E4361D31D40C6FE01DF05FE8E0CDD1240C7FE01DF05FE830CDF0751206F4FB5
:205DAF00FEEF0BCF8BFA0251806F4FFE71DB9F4FFEAF48FE1204BFFF440200DC1C13444F14
:205DCF0002DF06FEC201D1DF10AF48FE440302DF44AF4AFE440D02DF3C8803316A9803883D
:205DEF000291DF297140D0FEAF48FE444F02DF1DFEB101D1DD17AF80FEB80AAF82FEB80C9D
:205E0F00AEF8040A001671B436D0FE71D18803708802FEC7FD8802D1DF0A510A6F4FFE9FFD
:205E2F004FFEEF1D4047FE02DF17FE410AD1DF0E364FFE31A30BFE480CF58BFAEF03FE2533
:205E4F000C8802D1DF13FEC401FBF8FF4E07DF09F546FECF8BFA06EF2B300001EF29AF0C37
:205E6F00046031550ECF8BFA0271704FFE300500BF48FE300040BF0604F6B804EF0CF5463C
:205E8F00FEE58BFA300051BF04048F8BFA724C0161F8EEBB004C0661F8EEB40088047331F1
:205EAF004503EEA500AEF80404001631E515D2DF126371FC510961C851049F8BFA3040000A
:205ECF00EE8A008F46FE734C07DF0FFEBF0B6C1008B9F58BFAF546FEEF764C08DF13AF00A2
:205EEF00046031630CF546FEFEA20B6C4008B9EF5F624C02DF3EAF48FE440D00DF1AFECF17
:205F0F0000CF8BFA02300D00BF48FEF546FECF47FE0271704FFEEF38624C02DF17AF48FE9B
:205F2F00444F00DF0FFED408D1DD25CF8BFA08F546FEEF1C93DF19FE9600300D00BF4AFE21
:205F4F00CF47FE02CF46FE06EF06305100BF04048F8BFA4C01DD094C06DD05A804FEF200AF
:205F6F008FFC00718C5107DE194047FE02DF168F46FE6F8BFADF0E3000205F4FFE5103615A
:205F8F00E860100ED7F1EFFA2004FE5C0A8800705C1F91DF0C605CC04C40E161E8F110042D
:205FAF00D7F1EFFA2004AF74FEB800AF76FEB8024051FE05DC178803313A5C07704C03DFC9
:205FCF00031004D74C04F161E87060EFF4F1EFF1FE8307FEAC076168DD0300EFF6E1EEB16F
:205FEF0007AF0C0460314308FE1D0A6C1008B9D7FE150A5CEFEFF6AF0C0460315308FE07BA
:20600F000A6C2008B9D7FEFF095CDFEFF651EF0F88FA4C06DE058F3EFEEF06AF0C04603107
:20602F004A5C01D7120476FF440200DC2213448900DD1C448800DD17444F00DD12F05C039A
:20604F006168DF0BE15F4FFE30111061E860D75113D72004B802AF0604B8008F47FE91DD54
:20606F005891DD649161F8EEE7019161F8EE26030CF361F8EE4E039161F8EEF4039161E8E6
:20608F00EE3D04FE000A61E8EE3504880270310303EE2C04311A5C074C02DD044C06DF06E7
:2060AF00408BFA0261F871584FFE605C0E61E8FEB409CF47FE02EEAB03FEFC0961F8EEFFD2
:2060CF0003CF47FE02EEF803FE6E0961E8EE6A0140C6FE02DF2F363EFE318329D546FEDD3F
:2060EF0024364FFE31851EAF4AFE441000DD16FC1FBF00D1DF0F408BFA02DD1B364FFE31CC
:20610F00D315EE35018F8BFA4C02DD06364FFE31D511D546FEDD0CF546FEFE4E099F4EFE0A
:20612F00EE1701364FFE31D503EEFA008F46FE700CF04C02DE76FE8508E1FE7AFAAF4AFE20
:20614F00F05C03FE74068F4AFE705CC04C80DF0BFE5109DC19CF47FE11EF13605C1F318E42
:20616F00148F53FEFE2C0930A8FEFC22C200F54EFED9C7FEE1FEFCF9FE12095CF108B9AFAA
:20618F004AFEF05C03440002DF08AF0004086C05EF06AF0004086C0708BF00044047FE117C
:2061AF0061F8EE9500CF47FE03EE8E00600CFC4C0361C8EE8400FE0508F1FEFAF9FEA60876
:2061CF00AF4AFE1260705CC04C80DF16364FFE31C30BFECF08DC2BCF47FE11EF25FE5B0703
:2061EF00EF204C40DF15605C1F318E148F52FEFEA108308CFEFC22C200EF07F552FE13BF26
:20620F001004FE88085CF108B9D9C6FEF1FE64F9FE7A086C0108B94047FE1161E8CF47FE35
:20622F0003F54EFEEF144C02DF0671584FFEEF0AFE4B07FE1108CF47FE138F47FE4C03DD38
:20624F00074C1161E8EE7802AF48FEBF4CFEEE6F02FE320861E8EE6702880270310303EEC6
:20626F005E02CF47FE025C0EDF74AF4AFE12F05C036168DF08510A6F4FFE9F4FFE408BFA0C
:20628F0002DF0BAF48FE44050061F8F58BFAAF48FE440D00DF1213440300DF0CCF8BFA031F
:2062AF00FEDE07F546FEEF2C8F46FE4C04DD044C10DF14F546FE364FFE31A318FE6805D161
:2062CF00DF12FEA107EF0D5104FC4EC100FEB107CF47FE0471084FFEE54EFEEE86016031F1
:2062EF001A5C07734C02DD044C06DF4C364FFE318546AF4AFE14F05C036168DF3BAF48FE42
:20630F0016F05C03616861E8EE2D0117444F00DF0E15444F00DD0844100061E8EE190117FB
:20632F00448800DF1315444F00DD0D448800DD0844100061E8EE0001AF4CFE440D00DF0E8A
:20634F00AF4AFE440300DF06CF8BFA05EF32634C02DD044C06DF1E364FFE318313AF4AFE6F
:20636F0016F05C031417444F00DD05156168DD05FEF806EF0593DD1251109F4EFEFEE606A1
:20638F0071084FFEF546FEEEDA00343404A90400016C08B9EFE2408BFA02DF09FEC006FE9E
:2063AF006401EEF600FECA0661E8EE1301FEAF068F46FE4C11DD044C05DF055112EEDB0047
:2063CF005107EED600FEBE0661E8EEF300880270310303EEEA008F4FFE7371EB9F4FFECF37
:2063EF0047FE02605C0EDF248F9CFAFEF305041A0012AF9CFA317E4361D30C5104FC4EC158
:20640F0000CF47FE12EF45E54EFEEF4060311A5C074C02DD044C06DF2F63310523AF4AFE63
:20642F00F05C036168DF19AF48FE12F05C036168DF0613444F00DF08F58BFAFE4306EF24D8
:20644F00FE28069F4EFEEF04CF4EFE104047FE02DF128F4FFE71AC718B9F4FFEF546FE6105
:20646F00C8FE0206FEDA05E1FE09F7E6BF0404EF4FFEC505DF4A364FFE31E32BFEF305DD12
:20648F0006FE1405D1DD39FED505408BFA02DD08FE0505D1511061E8FED0059F4EFEF546E9
:2064AF00FEFEC205EE1AFC408BFA02DF0671684FFEEF0DFEA905FEE503FE8B05CF47FE11F3
:2064CF00A800BFC4FE1004D7C1AFC4FEF05C806168DF0FFE6305DD0AFE6605E1FE95F6E1E3
:2064EF00C6D7FEB304D1DF1BAFC4FEF05C806168DD11FE4405DF0CD9C6FEF1FE76F6D9C7B2
:20650F00FEEFD8F1C6D7AF4AFE1204F9FF61F8EEBA0004FFFF61F8EED100B144030061D8C8
:20652F00EEF70004FCFFDD7F04FCFF61F8EE280104FFFF61F8EEA10104FEFF61F8EEA901C0
:20654F0004FEFF61F8EE230104D5FF61F8EEBA0004FFFF61F8EEE20004F3FF61F8EEED0092
:20656F0004CCFF61F8EE160104FFFF61F8EE1E0104FEFF61F8EE26010479FEDD3F04BEFFB0
:20658F0061F8EEC80004C9FF61F8EE21010479FFDD3204BEFF61F8EEB30044370061F8EEA0
:2065AF0023015180EE5401AF48FE44030030030061E8300500609F8BFA5180D7AF48FE4442
:2065CF000302EF4CAF48FE440303EF44AF48FE44410061F8EE220144040061F8EE1A014428
:2065EF001000DFBEFE4A0461E860D7AF48FE44440061F8EE030144040061F8EEFB0044106D
:20660F0000DF9FFE2B0461E860D7AF48FE44420030030061E830100060D7FE090461D8EEA0
:20662F00D70013440C0061F8EECE0044100061E8EE6FFFFEFB0361E860D7FEE90361D8EE76
:20664F00B70013440C0030800361E860D7134248FE30130361E860D7F2308100FEB90361BF
:20666F00E8EE9500FEA70361E860D7F2308F00FEA60361E8EE8200FE940361E860D7F23030
:20668F008500FE9303DF72FE840361E860D7F2304500FE8303DF62FE740361E860D7F23039
:2066AF008700FE7303DF52FE640361E860D7FE6C03DF045113EF44E2308700FE5A033003AC
:2066CF001061E860D7FE5503DDE95202308700FE460330031061E860D7F2308200FE38030D
:2066EF00DF17FE290361E860D7F2308C00FE2803DF07FE190361E860D75103D7C7C16291EE
:20670F00DD1191301000DF14A8006C03B800301003EF09A8006C02B800301002B80262FE84
:20672F008AF44C02FBF8FFDF16AF48FE614902E361E8F3614900E161E8F1616B1004D7F16A
:20674F001004D773FEC1025CCF08B9D361F8D7A9086C3008B9D7C7510A5F4FFE9800340E8F
:20676F0004327E00A96C80B95400FE8702F58BFAE547FEC0C151F55F4FFE6160609F4FFE09
:20678F00C6D7AF0E04F05C80D7AF0004F1085C1008D7D1DF0D340C04A95CFC085CFE08B9CD
:2067AF00EF10340C04AA326CC0BA32A9086C0108B9D7343E04A95C3FB9D7440000DF083434
:2067CF000C04A95CFCB9D7440003DF08340C04A96C02B9D7340C04A96C01B9D7D1DF08341A
:2067EF000004A95CFBB9D7340004A95C0FB9A96C54B9D7AF000431AE605C01D72004AF54AB
:20680F00FEB800AF56FEB802445B04DF178801317312314A5C074C05DF0A8800D1E161E883
:20682F00F11004D7F1EFFA2004AFA8FEB800AFAAFEB802445B04DF33880131732E314A5C6A
:20684F00074C05DF2688004C11DD144C13DD104C15DD0C4C21DD084C22DD044C25DF03E18B
:20686F00EF065C30E161F8F11004D7F1EFFA2004FE7601445B04DF23880131731E314A5C38
:20688F00074C05DF1688004C23DD044C24DF03E1EF064C26E161E8F11004D7F1EFFA200426
:2068AF008F9CFA75FE3A0112AF9CFA317E2312441B0061C8321A0065718A71DB9F9CFA13F3
:2068CF00A1B800A1312EF1146298020C025C0361E8A5AF4AFE31BD31BE16644C08320070B0
:2068EF00DE05318E1231CC17616B08616A086C80FEC0001231BCAF9CFA317E036C80BF12BD
:20690F0004FEBA008F9CFAFED700311E6077880231051167318E12A800311E0301049DFAED
:20692F0014CA0000675002D612A800311E1413049EFA3214041004EC22C20051C05F9CFADB
:20694F009F9CFAAF4AFE6C805C80085C1F08BF1004AF9CFA317EBF1204441B00DC12FE764C
:20696F0000FE6700DE09A9BF3004A5A5A7EFF2D7A1311E14321404309EFAEC22C200FE3D56
:20698F0000AF48FE6C905C90085C1F08FE2400A131BD6C84BF1204D7408BFA02DF08AF488E
:2069AF00FE440500DF0B8F4FFE316305315A5C01D7E1D7BF10048F9CFA311A318ED7F614C8
:2069CF00320E00301404FC58C200D7AF9CFA317EA1311E121743D7F616BF320400349EFA3F
:2069EF00D7311A5C0F501AD6D7AF70FEB804AF72FEB806D73046FEFC44C200540032060154
:206A0F00309CFAFC44C200D7340C04A908D7AF48FE440400308003D7FEE1FCD1D7AF48FEBD
:206A2F00F05C036168D7AF48FE1204FDFF440200D730800340C6FE02D7A804F05C80616863
:206A4F00D7E6FE2FF1E0D7D9C6FEF1FE26F1D9C7FEE1FE1FF1340004A9086C0108B9D75126
:206A6F0004FC77C100D7F6FE50FDD7AF4AFEFEB3F5D78FC123318E125104FCAFC1004C0219
:206A8F00D7F6BF48FED7A804FE3DFAD1D7340004A908D7318E1231CD05BF1004311CC3C47A
:206AAF00321404D751E15F9CFA9F9CFAFEEFFDAF9CFA317E441B00D7AF0C045C03085C01B3
:206ACF00086168D754003209003088FAFC44C200F6BF02FABF00FACF88FA1171483EFED724
:206AEF00C78F8AFA70818F8BFA9801DF06CF88FA16EF568F8BFA734C01DF0951035F89FA8C
:206B0F0091DD05634C06DF05FEF41BEF3C4C01DD0D4C05DD09604C11DD044C22DF114088F0
:206B2F00FA1ADD0B407EFA0BDD05FE701BEF1A604CFEDF09FEC51FCF88FA1CEF0C634C0880
:206B4F00DF07FEB71FCF7EFAF08F88FA735CF098004C10DF05FE6601EF5F4C60DF05FE54F8
:206B6F0018EF564C50DF08FE921FFE2B18EF4A408BFA02DF29AF48FE440D00DF21634C2613
:206B8F00DD084C39DD044C3ADF05FE101BEF0FFEFF1E5103FEB31ACF88FA1BFEE01E8800E0
:206BAF000CE0DD0D0CF0DD0E4C10DF0DFE7F0FEF08FEDB02EF03FE4305D58BFA61E8EEA0FA
:206BCF000088014C0261E8EE970051C15FB9FB73AF48FE14607061015C3E616B9FB9FB6015
:206BEF00317347316310FEEB1FBFB8FB513F5FB9FB9FB9FBEF6B15F05C036168DF0FFED341
:206C0F001F128F50FEFED31F3054FEEF0DFEC41F128F51FEFEC41F3070FEFC22C200514028
:206C2F006FB9FB71FB9FB9FBEF37AF9CFA317E12FEA11F03BFB8FB51806FB9FB71EB9FB95C
:206C4F00FBDBCA22C0C3AFB8FB5C0143DBB6FB61D304A800EF01A1311E14309EFAFC22C2D6
:206C6F00004088FA41DD0A5105FC77C10071587BFA8F88FA0CEFDD420CFEDD3E0CF0DD1D0D
:206C8F000CE2DD194C10F1DF128FB823318E125102FCAFC100D1300103DF1CC6D78F8BFA18
:206CAF006F8AFAF1DFF536D1FE51033183ED3003205F7BFAE1DDE460EFE15107EFDD8F88DF
:206CCF00FA0CEFDD580CFE61F8EE28019161F8EE98009161F8EEAE019161F8EE8B010CFC9E
:206CEF0061F8EEAD009161F8EE0E019161F8EE3F019161E8EE9701D546FE61E8EE8F014012
:206D0F008AFA0F61E8EE8601F58AFAFECC1DFC22C200304F00FEBA1DCF88FA1CD78F8AFA28
:206D2F004C01DF08F58AFACF88FA13D74C02DF1BFC275B00FCC16700E15F3EFEFC52670041
:206D4F00F58AFAFE551DCF88FA14D74C19DF0BFC275B00E1FCA16700EFCA4CF261E8EE2DF2
:206D6F0001715840FEF1EC02BB00E7FE4C1D61E8EE1B01FE081DFE291DDC12CF88FA21FEFC
:206D8F00211E9161F8FE131DF1EC77C100CF88FA31D7FC986700616861E8EEF1004046FEAF
:206DAF000761F8EEE800FEF91CDE14408AFA22DD0E8FBA23318E12FE001D61E8EECF00E179
:206DCF005F3EFEFC526700F6BF02FABF00FABF8EFA8F3BFE4C21DD044C11DF05F1FC4EC150
:206DEF0000FE9A1C71483EFEF58AFACF7EFA0BCF88FA11D7CF79FA03D7D546FE61E8EE8DDE
:206E0F0000408BFA03DF18F6BF8EFACF7EFA0AFE901C30210061D8303100609F88FAD78F9A
:206E2F003FFE312A5C034C0361F8EED218EE6D18408BFA02DF58AF48FE444F00DF1BFE1DBE
:206E4F001A91DF0C71084FFE304F00FE841CEF15FE0B1A4C03DD07EF0C448A00DF07FE099A
:206E6F001CCF88FA1DF58BFAD7FE58FCFE221CFE191CFE091CD53BFE61F8FE081CFC4B5B19
:206E8F0000CF88FA15D7FC555B00CF88FA11D7C78F88FA0CDFDD4891DD5C9161F8EE9000A7
:206EAF009161F8EEE1009161F8EE59019161E8EE1C02408BFA0261E8EE2702FE051C61E863
:206ECF00EE3502FEB81BFCEABC0051C05FFFF94CC061E8EEFA018FFDF95064D6EEF401FC77
:206EEF00916700616861E8EEE401E1FCA16700CF88FA22EED801363EFE31B318DBAC23FE71
:206F0F00B81B61E8EEC701FE741B715840FEF1C6EC02BB00FE841B3640FE71D461D8CF7EC0
:206F2F00FA28715840FEFE5C1BCF88FA23EE9E01408BFA02DF2EAF48FE44410061E8EE8599
:206F4F0001FE3A1B3002F35F3FFE9F3FFE8F50FE9F77FAFEEE1BCF7EFA06CF88FA24F58BFB
:206F6F00FAEE6A01DBA823FE501B61E8EE5F01FE0C1B8F3FFE312A5C034C0361E8EE78015F
:206F8F00CF7EFA29EE4701408BFA02DF1D408AFA0461E8EE3001FCDAA800D161F8EE26018C
:206FAF00CF8CFA42F54EFEEE3401D546FE61E8EE1C01408AFA04DD09408CFA4261E8EE0D60
:206FCF0001E552FEAF00FABF8CFEAF02FABF8EFE304200BF4AFECF46FE06CF88FA25FEE896
:206FEF001B04F8F912045F001413045C00B800895CC04CC061E8EED500C4C5A5506489D6C0
:20700F00C6EC2ABD00D546FE61E8EEC1008F4EFE4C0361E8EE8600FEE21AF58CFAAF48FE66
:20702F00440300DF22FE731AFE9E1B0457FA14895CC04CC0DD07308813FC2ABD00E57EFAAE
:20704F00CF88FA26EE870051705FFBF9308813DD1451C05FFFF94CC0DF088FFDF95064D6FB
:20706F00EF03FE4F1BFC2ABD00AF48FE440400DF06CF7EFA02EF14CF7EFA0351705FFBF9F8
:20708F00DD068FBD23FEC91AFE101A51705FFBF9DF4CCF88FA235102C6EC4EC1004C11DF83
:2070AF001DFCDAA800D1DD1E40D2FE2261E8CF8CFA42F54EFECF7EFA18F58AFAEF204C10C4
:2070CF00DD044C80DF04C6EEC2154C07DD2AC6D7FEE11AFC2ABD00F58BFACF7EFA07C6EE37
:2070EF004816DBA623FED219DFE4FE91198F3FFE312A5C034C03DDD6C6EEA1158F88FA0C1C
:20710F00CF75318E12654C0E61C8EE7D011312491024311C9EFC79F42361CBFC916700615D
:20712F006861E8EE6401E1FCA16700FE57198F3EFE705CE04C80DD28367BFA31A522363E8A
:20714F00FE31C30D6071DA5C3F9F3EFECF88FA3BD7CF46FE11300D02BF4AFECF88FA3DD7CE
:20716F006071FA5C9F9F3EFECF88FA32D7D546FE61E8EE1501404EFE03DF13FE1D19512079
:20718F006F3EFE5C2F9F3EFECF88FA3BEF3C408BFA02DF0FAF48FEF05C036168DF05FEEB89
:2071AF0014EF2751806F3EFE5C9F9F3EFEFC1C600091DF12CF46FE0871483EFECF88FA3EAB
:2071CF00CF7EFA0EEF04CF88FA32F58BFAD78F8BFA4C04DD074C0961E8EEAE00F58BFACFB9
:2071EF0088FA32D7408BFA0261F8EE9F148FBE23318E125102FCAFC1009161F8EE8B00FED3
:20720F007C18FEA71961E8EE80008F45FE4FCD23DE16FE3E15304F02FE6B19CF88FA3CFE72
:20722F008A19DF66A045FED7EEF014D546FEDF5A51E05F3EFE4C80DF06CF88FA32EF364CE8
:20724F0060DD324CA0DD2E408BFA02DF1A404EFE03DF14AF48FE444F02DF0CFE2018FCF9D7
:20726F00A800F58BFAEF0E8F4EFE4C04DD044C1261F8FEA614408BFA0261F8EE0E14FE2B0C
:20728F0019DF07FE1518CF88FA3BD7408BFA02DF1AFCDAA800D161F8EEF113408AFA0361D0
:2072AF00F8CF8CFA41F58AFAEE7F14D546FEDFDAFEE618CF88FA34D7D546FE8F4EFE61E8D0
:2072CF00EE83004C0761F8EED3134C10DF25364FFE31B31CFEC4178F89FA735C0370635CDF
:2072EF00FC0C0461689F89FAF58AFACF88FA35D7EE99134C11DF1FFCDAA800D161F8EE8B9C
:20730F0013408AFA03DF06CF8CFA41EF04CF7EFA1BF54EFEEF8F4C03DD14408BFA0261E8A5
:20732F00EE67FFAF48FE44420061E8EE5CFFAF54FEBF00FAAF56FEBF02FACF7EFA04F58B9A
:20734F00FACF88FA36D791DF2251F35F3FFE9F3FFE51035F89FA9F89FAF54EFEF58AFACF97
:20736F007EFA10F58CFAF1EC77C100FE35184C0261E8EE15FFFE13178F3FFE312A5C034C08
:20738F000361F8EE5813EE1413408BFA0261F8EEFA128FBC23318E12FE1F17DF13FEDE16A3
:2073AF008F89FA312A4FCC2361E3EE8900EE2E13FEF0174C0261E8EED0FEFECE168F3FFE23
:2073CF00312A5C034C0361F8EE1313EECF12408BFA0261F8EEB512408AFA03DF08F58AFA5D
:2073EF00CF8CFA41D7D546FE61E8EE9DFED57EFA61E8EE95FE51F85F7CFA4C18DF0AD58C43
:20740F00FADF05300300EF0A4C2030040061E8300C00BF4AFECF46FE04CF88FA38D7408BE5
:20742F00FA0261F8EE6512408CFA41DD09408AFA0361E8EE54FECF88FA33D7D546FE61E889
:20744F00EE47FE8F4EFE7391DF28AF4AFE440300DF0AE57EFACF88FA39EE92006391DF1291
:20746F00AF4AFE440200DF0ACF7EFA1ECF88FA39EF7C630CF04C02DE2CAF4AFE1444020075
:20748F00DF1E634C11DF0CF54EFE300702FC048C00EF5815440200DF07300102FC048C00E8
:2074AF00FEE911EF49FCDAA800D1DF15CF88FA37FE6116DF06CF7EFA02EF33CF7EFA03EFC4
:2074CF002DAFFAF9BF02FAAFF8F9BF00FAFE4416DF0DFCE4A2004C04DF05FEC011EF0FFEF5
:2074EF003216510261E851039F7EFAFE3C12F58AFAD7408BFA0261F8EEA211D546FE61E86F
:20750F00EE87FD408AFA0661E8EE7EFD300600FEC015CF88FA3AD7408BFA0261F8EE7D1167
:20752F00D546FE61E8EE62FD404EFE01DF0AF58AFAFCEABC00EEF211EE6211AF48FE12049F
:20754F00FEFF61F8EEEB00B144020061D8EECB0104FDFF61F8EEC30104FFFF61F8EEE600C9
:20756F0004FFFF61F8EEF60004FFFF61F8EE010104FFFF61F8EE280104FFFF61F8EE3F0177
:20758F0004FFFF61F8EE930104FCFF61F8EE8E0104FFFF61F8EEB60104FFFF61F8EE660279
:2075AF0004FEFF61F8EE830104FEFF61F8EEC70104D5FFDD6504FFFFDD6E04FFFF61F8EE30
:2075CF00110104FFFF61F8EE510104FEFF61F8EE1B0204F7FF61F8EE210104CCFF61F8EE11
:2075EF00E40104FFFF61F8EEE40104FEFF61F8EEAD0104FEFF61F8EE260204FFFF61F8EEBA
:20760F00480244010061F8EE5D0213F05C03616861E8EE12015110EEA701FE8514DCF6CF82
:20762F0088FA23CF7EFA19D7FE7714DEE8CF88FA34D7FE6D14DCDECF7EFA17FE5D14F58B2E
:20764F00FACF88FA26D7FE5914DC0E36C9FE31E5C45141FE340FEEC201FE3D15EFCFFE41D6
:20766F0014DE0636C9FE31E5AC5144FE1C0FEEAA0136C9FE511031D514FC63A80091DF0BF3
:20768F00D58CFA5103DD06510CEF025104FEBA0F36CEFE31F303EE82017160B0FBEE7B015F
:2076AF00D57EFA61E8EED701F58BFA36CEFE71F461D87160B0FBCF7EFA09CF88FA43D7D539
:2076CF007EFA61E8EEB801F58BFACF7EFA08CF88FA43D78FFBF9314A5C0791DF4AAF56FEE1
:2076EF00F05CF0440080DD0D440050DF3AFEAB13E1FCEB6700CF88FA51EF2CFE60114C0180
:20770F00DF0C304F00FECA13CF88FA44EF194C02DF15FE8613CF88FA4DEF0CEE6E0F40C695
:20772F00FE0161F8EEEEFEF58BFAD7D5442261F8EEE2FE40C6FE0161F8EED9FEFE6313615D
:20774F00C8EED1FEFCF4AA00308C00EEC700FE5113DC0936C9FE31E303EEB9FED5412261F1
:20776F00F8EEB1FE40C6FE0161F8EEA8FEFC46A900308100EE9E00FE2813DE0936C9FE31FD
:20778F00E303EE90FED5462261F8EE88FE40C6FE0161F8EE7FFEFCB3A900308F00EF76D554
:2077AF00452261F8EE6EFE40C6FE0161F8EE65FED59EFADF06FCFEA900EF04FCA5AA00516D
:2077CF0087FE860EEF55D54222DF0BEE47FED5432261F8EE3FFE40C6FE0161F8EE36FEFEAB
:2077EF00B912FE8512F58BFACF88FA43D740C6FE0161F8EE1FFED57EFA61E8EE8100F58B47
:20780F00FA7160B0FBD740C6FE015110DDB3FC1AA700308200BF4AFEFE8D12CF88FA44D797
:20782F0040C6FE0161F8EEECFD3691FA31B303EEE3FDF58BFAFE3212FE6712DE08F1FCEC9C
:20784F00BE00FE5612CF88FA4ED740C6FE01DD0E3691FA31B508F58BFAFE0E12EF095110EF
:20786F00FEE70DCF88FA4440C6FE0161F8EEA5FD3691FA31C303EE9CFDF58BFAFEEB11D7FA
:20788F002008F590FA8F8CFA704C4161F8EE26028F8AFA734C0361F8EE1B024C04DF17FE34
:2078AF00D912DD0BAF4AFE44420061F8EE2D02CF88FA24EE2602604C42DF07CF7EFA16EE49
:2078CF001A02634C0BDF06300A00EE2C014C0CDF06300900EE22014C0DDF06300B00EE1883
:2078EF00014C05DF06300700EE0E014C0ADF06300800EE04014C13DF06FE900DEEDD014CB1
:20790F000EDF25E6A1FECA11CF88FA3840C6FE0261E8EEC701FE8A1161C8EEBF01CF90FA8F
:20792F0038CF88FA45EEB4014C14DF06301000EE76014C23DF19FEBD1191300D0261E83061
:20794F000D03FE4112CF88FA4AF553FEEE8D014C0F61E8EE8900FE9D114C01DF0D304F02D9
:20796F00BF4AFECF46FE10E3EF0E4C02304F03DDEF304F00FE5B11F3AFB4FB14312E6071D4
:20798F00FB1852FE63318E321C00CEFB021215311EF1085CFE0814130446FEB800044600F8
:2079AF00B80612AFB2FBFC22C200A80614A9B802A80004480014A9B8048802735CC061E8B8
:2079CF00EE1901AEF80403001631F303EE0D01635C1F4C0661F8EE0301A046FEEEFD004C14
:2079EF0012DF06FE1D11EEF3004C15DF05301100EF074C1FDF08301600BF4AFEEF5A4C1AAA
:207A0F00DF12308300BF4AFE51806F9CFA318EFE7C11EF444C1BDF05308400EFE84C16DF42
:207A2F002AAF9CFA6C015C01085C7F08FE5F11FEC4104C01DF09308602FE4A11EE9D004CB6
:207A4F0002308603DDF3308600EFAE4C18DF0F301200BF4AFEF552FECF46FE05EF7E4C1C6C
:207A6F00DF05301400EFEB4C17DF1B40C6FE02DF65F6BF8CFED983FA8F84FABF8EFEE5522A
:207A8F00FE304600EF224C30DF23FE69104C01DF10308802BF4AFECF46FE1071204FFEEF70
:207AAF003B4C02DD37308800FE2710EF2F4C32308B00DDF4EF26CF88FA3340C6FE02DF1C6B
:207ACF00FEDF0FDE17F1FCECBE00FECE0F8F88FA9F90FAEE4BFEF584FAF58AFA1008D7F503
:207AEF0090FAAF4AFE04F7FFDD1E04FFFFDD1304FFFFDD1A443700DF34CF8AFA04CF88FAE0
:207B0F0024D7CF8AFA0BEF0ACF8AFA0CEF04CF8AFA0DCF46FE05CF88FA4240C6FE02DF0DB5
:207B2F00FE7F0FDE08CF90FA42CF88FA46D78F88FA0CBFDD759161F8EE5F029161F8EE1468
:207B4F00059161F8EEC5059161F8EEAE019161F8EE13020CFC61F8EEAD069161F8EE120708
:207B6F009161F8EE27049161F8EE2A079161F8EE90079161E8EE1F08408BFA0261E8EE0985
:207B8F0008AF48FE125CFC44890061E8EED20740C7FE0261E8EEE6073691FA31B303EEDDF4
:207BAF0007FEC60EF58BFAEED407408BFA02DF76FEC80FDF32D58AFADD0BD58CFADD06CF4A
:207BCF0088FA45EF2DFE73F98F7BFA705C0391DF07605CFC709F7BFA605CC04C40DF136069
:207BEF005C3F9F7BFAEF0BFE940EF6BF8EFACF7EFA1571084FFE8FD2FE4C2161E8FE2E0F7E
:207C0F00FC026800D161E8EE80008F88FA4C26DD794C1ADD754C43DD714C4DDD6D4C4EDD9F
:207C2F0069FE5A0EEF64D546FEDF5FFE52FC8F46FE70D18F88FADF0A4C45DF4A71084FFEE2
:207C4F00EF484C1BDD1A4C4ADD164C4BDD1240C6FE02DF0CFE4B0EDE0760FE120FFE3B0E7E
:207C6F004088FA41DF2440C6FE02DF0BFE330EDE06CF88FA45EFC5FE7C0EDF06CF88FA4292
:207C8F00EF04CF88FA4C71004FFE4088FA41DF43DB8EFAFE240EDF3BF6BF8EFAFE40FED567
:207CAF0046FEDD1AF57EFAFED40D40C6FE02DF0EFEEF0DDE098F46FEFEB40EFEDD0D8F88C8
:207CCF00FA4C41DD0E4C46DF0671084FFEEF0471004FFE8FC823318E125105FCAFC1004CDC
:207CEF000261E8EEB106AF8EFA616861E8EEA7065105FC77C10071507BFAD7FCA76900D12D
:207D0F00DF348FC223318E12FEAF0D61E8EE8706FE6B0D8F8DFA9F46FEF58DFAFED70DDFD2
:207D2F000C8F90FAD1DF63CF88FA42EF04CF88FA4C71004FFED7FE450D8F8AFA4C03DF06AD
:207D4F00CF8CFA41EF0A0CF54C0361D8CF7EFA188FD2FE4C2161E8FED40DF58AFAF546FEF7
:207D6F00F58DFAEEC409FCA76900D1DF228FC223318E12FE440D61E8EE1C06FE000D8F8DCB
:207D8F00FA9F46FEF58DFA8F90FA9F88FAEFA2FEEC0CF546FEF58DFAEF36D546FE61E8EE90
:207DAF00F505F58AFA8F4EFE4C8061F8EE4D044C1061F8EE46044C11DD044C13DF1FAF4A81
:207DCF00FE1204F6FF440200DC061344090061F8CF7EFA188FD2FEFE540DEE4D094C12DF0C
:207DEF001EFE7C0D61D871307BFA13440B0030050BDD058FD2FE5005FC048C00EE2B094C4E
:207E0F000361E8EE1A01D57EFA61E8EE1201F58BFAAF48FE440300DF18E57EFA51030F4AB0
:207E2F00FEFEF70C61E8EEEB00E1FC02BB00EEE300440400DD05441000DF1DFE220D61D8C7
:207E4F0071307BFA13440B0030030B61F8EEC0008FD2FE5003EEB800440C00DF108FBF234E
:207E6F00FEEE0CFE350CCF7EFA03EEA700444100DF1E8F50FE9F77FA5002FEC70CFE220C1F
:207E8F00DC08CF7EFA06CF88FA24300007EE8000444400DF198F50FE9F76FA5002D61432AE
:207EAF003CFA3054FEFC22C200300008EF62444F00DF19F1FE590BD1DF0D30072FFC048C05
:207ECF0000CF8BFA02EF4D30002FEF44448100DF05300011EF3A448F00DF05300016EF3040
:207EEF00448500DF05300043EF26444500DF05300044EF1C448700DF05300046EF12448266
:207F0F0000DF05300012EF08448C00DF07300014FC048C004088FA4261E8EE7A04EE0A08F6
:207F2F004C01DF3BAF4AFE444F00DF0AF0512FFC048C00EEF407444600DF1871507DFA8F2B
:207F4F008FFE9F81FA7CFF5F84FA9F84FAF583FAEED707448800DF04FEDA0BD7EECB074C43
:207F6F001361E8EE3104AF4AFE444F00DF0730072FEC048C0044880061E8EE1A0430074881
:207F8F00FC048C0051076F91FA9F91FAD7D546FE61E8EE0204F58AFA8F4EFE7391DF25AF92
:207FAF004AFE444F02DD05444F03DF0AF0512FFC048C00EE8E0044880261E8EE8600FE74FF
:207FCF000BEE80008FD2FE704C46DD044C2FDF49634C11DD044C13DF0660FE510BEF654CF5
:207FEF0012DF09605005FC048C00EF584C03DF1D604C2FDF0EE1FE170AD15007DDAFF58BA9
:20800F00FAEFA9F58BFAF0FC048C00EF374C10DF3360E0FC048C00EF2B4C48DF27634C11F5
:20802F00DD044C13DF0B60FE040B51076F91FAEF104C10DF0F60E0FC048C00E16F91FA5CFC
:20804F00F99F91FA4088FA4F61F8EE4A03FEDA06F6ECC96700408BFA02DF16300745FC0421
:20806F008C00300725FC048C00FE200671587AFAD7320C00FE430A61F8EE7B02D546FE617E
:20808F00E8EE1303D58CFADD2351F85F7CFA4C20DD1A4C80DD16AF48FE440A00DF0E715851
:2080AF007AFA510CFEA305CF88FA44D78F8AFA4C1DDF26308500FE190AAF9CFA6C04086C4E
:2080CF0080085C04BF9CFAAFB2FB340500329EFAFC22C200F5A7FAEF194C1EDF1D3045009C
:2080EF00FEEF09EBB2FBA9BF8CFEAA02BF8EFEE552FEFE8909CF88FA44D74C1061E8EE96A0
:20810F000271587AFA8F7CFA313AEF98D546FE61E8EE83028F8AFA4C1DDD1C4C0FDD184C34
:20812F0008DD144C14DD104C1EDD0C4C10DD084C31DD044C3261F8F58AFA8F4EFE4C01611F
:20814F00E8EE9800300045FC048C00300025FC048C00300010FC048C00300004FC048C0034
:20816F0030002FFC048C00300049FC048C00300032FC048C00AF4AFE12440300AF48FE14B9
:20818F00DF1744090061E8E57EFA600C03FE8B09DF26E1FC02BB00EF1F13440C00DF0C15D6
:2081AF00440900DD13CF7EFA03EF0D1504F6FF44020061D8CF7EFA024088FA6161E8FE6984
:2081CF000530F7FF0248FE44020061C8EEC801FE420961E8EEC00171307BFAD74C13DF1C6F
:2081EF00AF4AFE444F00DF0530072FEF08448900DF07300789FC048C00EE2E058FD2FEE046
:20820F00FC048C00EE8504D546FE61E8EE8801404EFE03DF1AFEDE089161F871483EFE30F8
:20822F00000DFC048C00F58BFAF58AFAEE5301408BFA02DF0FAF48FEF05C036168DF05FEBD
:20824F00E804EF1E363EFE319306CF7EFA14EFEFFC1C600091DF08FEA908F58BFAEF03FE98
:20826F003B0430010DFC048C00F6FCC96700F58AFAD78F8BFA4C04DD074C0961E8EE170188
:20828F004C04F061E8E05161FC048C00FE6D08FE9804F57EFAD78F7FFA318E12FE1B08DD00
:2082AF0056408BFA02DD508F8AFA4C08DF12FECD07300400FE1B08CF88FA4471084FFED7B4
:2082CF004C14DF08FEB707301000EFE84C0F61E8EEC400FEA807FE1D08DF15304F00FEF1ED
:2082EF000771084FFECF88FA44FEEE07EC22C200F58AFAE0EE36FCFE8407FE2D0471587AD6
:20830F00FAD7FCA76900D1DF448FC223318E12FEA807DF05FE8B07DC05FE8607DC798F8A3D
:20832F00FA4C31DF12FE5607308900FEA40771004FFECF88FA44D74C14DF5CFE40073010BF
:20834F0000FE8E0771084FFECF88FA44D7FE2E07FED703300749FC048C00300710EC048C6F
:20836F000051F85F91FA7513441000DF0B656C039F91FAF58BFAEF06656C079F91FA7128ED
:20838F004FFEF6FCC96700EEA0038F91FA705C07DD05605CF8EFE4D74088FA51DF168FB852
:2083AF0023318E12FE1307DF0BFED206F1FCEB6700EE7603D78F88FA0C9F75318E12654CB2
:2083CF000D61C8EEC3011312493824311C9EFC791E2461CB51035F89FA4C01DF12FEC206D4
:2083EF00DC08FEB606CF88FA6AD7CF88FA67D74C02DF13367BFA31A305CF88FA63D7FE9AC8
:20840F0006CF88FA66D7FCF05F00300009FC048C007120B0FB71087DFAF545FEEF6B408B20
:20842F00FA0261F8EE7602408AFA0661E8EE5901300600FE9C06CF88FA64D7D546FE61E853
:20844F00EE4601FE8406DD41EE5202408BFA02DF1CD57EFADF17FE2506F58BFAFE6406DF01
:20846F0009CF7EFA07CF88FA65D7EE30028FB923318E12FE440661E8EE0E01FE0006EE1C11
:20848F0002D57EFA61E8EE000151FC5F89FA9F89FAEE9602408BFA02DF2AD57EFADF25FE50
:2084AF002106DF1DFC9EBE00D161F8EEDB00FECD05FC7DBA00F58BFACF7EFA07CF88FA6BB8
:2084CF00D7EE3B02DBA223FEF00561E8EEBA00EE2D02408BFA0261F8EE2402408AFA06618B
:2084EF00E8EEA500FC066000300600FEE405CF88FA6CD7D546FE61E8EE8E00FECC05DF0B48
:20850F00FE5F01FE9505CF88FA6DD7EEF1018FC023318E12FEA305DF70FE6205CF88FA31C2
:20852F00D7408BFA0261F8EED501408AFA06DF59FC066000FC7DBA00300600FE9405CF88B6
:20854F00FA68D7D546FEDF41FE7F05DF08FE4B05CF88FA69D7EEA701408BFA02DF20D57EA3
:20856F00FADF1BFE1805FE5A05DF10FEF400FCC16700CF7EFA07CF88FA21D7EE8101DBA4F5
:20858F0023FE360561F8EE7601D720064C419800E661E8F6607391DF48FE0605DC43308CFC
:2085AF00FEFC3D9F009F52FEAF8CFE12B802AF8EFEB804AEF80404001440C6FE02DF0AAE8C
:2085CF00F8040500167182EF0EAEF80405001671838F80FA9F52FE13BF8CFEA9BF8EFEEF95
:2085EF005C0974FA759F52FE63318E1640C6FE02DF1D93DF06710023FAEF2CFEB204128F85
:20860F006322318E317D5C01085C800803EF15710823FA93DF0B8F80FA614DDE049F52FE6E
:20862F0075FE8C04BF06FA655002D61417321C00CEFB020404FA328CFEFC22C20088003141
:20864F008EBF4AFEFE61041006D74C10DF0840C6FE0161F85104318EBF4AFEF552FEFE47E0
:20866F0004D7FC6567008F40229FC7FEE0E1FC835B00FE1004F61432060030F8F9FC58C2CD
:20868F000051FC5F89FA9F89FAD7EF11F58BFAFEFF03E546FEFEE603CF88FA1BD7FE0204D2
:2086AF00DC11FED903E1FC02BB00308813FC2ABD00EF03FEE503408BFA01DD17CF46FE07F0
:2086CF008F3FFE735CF370635CFC0C045C0C61689F3FFEFEBB03F58BFACF88FA1AD7364FB8
:2086EF00FE319306CF7EFA29EF02EF13FC656700FE8B03FE9503CF79FA03CF88FA13D7FCDA
:20870F00656700FCC16700FE7B03FE7103F1FC77C100CF7EFA0DCF88FA12D751A06F3EFE1D
:20872F0071EB9F3EFECF88FA32D7E1FCECBE00408BFA0261F871487BFA367BFA31C30851CC
:20874F0005FC4EC100EF0471507BFAF54EFECF88FA41D7E553FE40C7FE0130018061E830C1
:20876F0001A0BFA8FE3000FFBFAAFED714AF86FA125C03085C80086168DD2613317E605C8D
:20878F00074C04DE1C8F5F22318EB98F5C223169318E128F5E22F06C20F05C2703BA02E1DB
:2087AF00D7F1D7C3200414F6B802B800AF86FAF05CFC12B802AEF8A1A11640C6FE02DF2062
:2087CF00AF86FA5C03085C80616A08616BBB8F5C2231595C607088025C9F61689802EF1014
:2087EF00880370313A5C074C03DC05605CC79803AF4822B9ABBA02AF4C22BA04AF4E22BA66
:20880F0006AF5022BA08AF4A22BA0A88044C02DF488803313A5C074C01DD044C02DF2EAFEF
:20882F0060225C07BA0C8F5C223169318E128F5D22F06C40F05C4F03BA0EF6BA10BA121555
:20884F00041400FE26FF0C05718B1006D715040C00FE18FF0C031006D751031006D7200637
:20886F00AF54FEB800AF56FE12B802AEF8A1A11488017731735B13445B04DF4F67314A5C44
:20888F00074C05DF0D8800FEE900D1E161F8F11006D74C06DD03F1EFF68800D1DF1936910D
:2088AF00FA31C513AF3E06F05C026168DDE8343E06A96C08B9EFDF4C01DD044C02DFD73059
:2088CF0003105F91FAF1DDC760EFC4FE9C01EE9C0088005C1F4C04DD094C05DD05675CF898
:2088EF009801880098045CC0DF5C88045C1F7391DF46A94400FFDF40FC1C6000D1DD1140A3
:20890F00C6FE02DD0B880471FA71EBFE6501EF16880471EA71FBFE5A01F9C6FE3090FEFEB9
:20892F0081FE819F52FE36CEFEE131F303EE5FFF7160B0FBE1EE57FF3687FA31A313634CF5
:20894F000661F8EE50FF880471FA71EBFE2401EFE3FE1601634C04DD044C05DF09CF7FFAFA
:20896F00165102EE29FF4C0661F8EE29FFCF7FFA0CEFEE20040CFEDD170CD1DD4091DD29C4
:20898F0091DD3091DF1FAF3C06B802AF3E06EF35AF3E06F05C026168DD0B7170AFFB343EEA
:2089AF0006A96C08B9F11004D7F6B800AF7C06B802EF14AF7006B802AF6C06EF08AF8C061C
:2089CF00B802AF8E06B800FE9300CF52FE02302450BF8CFE305B04BF8EFEA802BF90FEA8BB
:2089EF0000BF92FEE11004D72004B80013B802FE6B0088015C9F40C6FE0161E871DA980185
:208A0F00E552FEA800BF8CFEA802BF8EFE1004D72008501CD60446FE12040E0014A9B804F2
:208A2F001304100014A9B8061304460014A9B8001304480014A9B8028804735CC0DD1B8842
:208A4F0001317A708805317A6148DF0EAEF816637D5C1FE161E8F11008D7F1EFFAF61432E6
:208A6F000E00308CFEFC58C200D77160B0FB71507AFAD79804A80612A804FE6BFFD7510210
:208A8F00FC77C100D7F1FC02BB00D7F1FC77C100D7E16F91FA5CF99F91FAD75102FC4EC1B0
:208AAF0000D7363EFE7184D7F58BFACF46FE04D7AF06FA5CFE085C7F08D75102FCAFC100A0
:208ACF004C02D7AF48FE440600D7F58AFA404EFE01D7BF4AFECF46FE04D7AFB4FB12312EAB
:208AEF006071FB9F52FE13311EF1085CFE0814AFB2FB328CFED751035FD3FED7F58AFAF523
:208B0F008BFAD7CF46FE0871483EFECF88FA4BCF7EFA0ED7AF4AFE440400D75C037051FCE0
:208B2F005F89FA61689F89FACF88FA6190D75007FC048C00D7F58BFA300048FC048C00CF39
:208B4F0088FA4FD7D6143258FA3054FEFC22C200D7318E12AF20FE31DD31DE03BF8EFAD7DB
:208B6F00CF7EFA02AF4AFE1204F7FF440200D79F8DFAF546FEF1FCECBE00D7DB8EFA5102FA
:208B8F00FCAFC100D1D7BF4AFECF46FE11D7BF9CFAEBB2FBA9BF9EFAD75141FEECF9CF4662
:208BAF00FE06D7DBA023F1FCAFC100D751E05F3EFE4C20D7AFFEF9316D12AFFCF931AE030E
:208BCF005C03323200CEFB02D78F03FA314A5C075004D6D7AFB8FBF05CFED7318E312D5CBA
:208BEF0001085CFC0803BFB8FB311EF1085CFE0814DBB6FBD7734FD2FEDF03D361F8D7F5FB
:208C0F00D2FE6031295C3C7051C35FD3FE61689FD3FED75400328A0030F8F9FC44C2008F9D
:208C2F003BFE4C21DD044C08DF0A403AFE0461E871207BFA40D2FE8261E8F5D2FEFECE1515
:208C4F00FE1722E578FAD7FE2F0C51F05F78FA0C80DD290C70DD1B0CF0DD1C0CE0DD094C3C
:208C6F0010DD0AFE6A00EF17FE3208EF12FE4C0AEF0DFE2A06EF08FEAB04EF03FE000351E1
:208C8F003F5FD1FE708F7BFA7371DC6071F9724079FA02DF1270629FD1FE8F78FA91DD2C67
:208CAF00914C02DC07F1D771EA72EFE98F82FA6F7EFA6F8AFA6F84FAF1DF1060718C510313
:208CCF00DC09635C2030030161E860D75107EFFB8F78FA91DD1D9161F8EEC7009161E8EED8
:208CEF00C0008F7EFA4C2861E8EEBE01CF98FA02EE1C02D598FA61E8EEA7003682FA31831A
:208D0F000636DFFE31D56836DFFE31E3628F3BFE4C11DF0DCF98FA02FEF314CF78FA81EF0A
:208D2F00314C21DF05FE9C21EFEE4C08DF0CFEDD14FEA51BCF78FA81EF184C02DD144C04C6
:208D4F00DF06CF8AFA19EF0AD1DD07E58AFACF3AFE043682FA31850C7100D0FE7100B0FBC2
:208D6F00710882FA515F5FDFFE9FDFFEEE3501DBAC23FEF320DD09363EFE31B303EEB501C5
:208D8F0036DFFE31D503EEAC013640FE31D303EEA301403BFE1161E8EE9A01FEBC20CF8A71
:208DAF00FAF2D7FEF01EDF138FFDF9505CD642A6FB61D307CF8AFA22EEE0008F7EFA4C0424
:208DCF00DF1E8FD2FE4C21DD055004FE27FE36CBFE71F461D87150B0FBCF78FA11EEBB005E
:208DEF004C10DF0D300021FE8E2071707AFAEEAA004C29DF05FED820EF044C02DF06F57E4A
:208E0F00FAEE97006F8AFA6F8CFA6F8BFA61E8EE890040D2FE21DF06CF8AFA03EF7DDBAEC7
:208E2F0023FE4420DF18367DFA31A30971207DFAFE3E20EF66FE2220CF8AFA11EF5D4079BB
:208E4F00FA02DF57D58BFADF528F7AFA31734CD584FADF3B367BFA31D31131553ED5D2FEBD
:208E6F00DD39FEE81C71587AFAEF30FE991991DF05FEC619EF09FE051A91DF09FE5A2071F6
:208E8F00587BFAEF0ED5D2FEDD11FEC01CEF0CCF8AFA178FD2FE5004FE5AFD4078FA02610A
:208EAF00F8EEFEFE5103EC77C1004C15DF08300122FE41FDEF594C06DF1ACF78FA218FD21C
:208ECF00FE5004FE2FFD36CDFE31F303EED3FE7140B0FBD74C16DF0CF57EFACF8AFA04CF0D
:208EEF0078FA22D74C17DF14714079FA71607AFA7100AFFBF57EFACF78FA26D74C29DF0B14
:208F0F00F57EFAFCA3BF00FEC61FD74C02DF04F57EFAD76F8AFA6F8BFA6F8CFA61E8EE81B4
:208F2F00FE4079FA0261E8EE78FED584FADF4A367BFA31D319367AFA31D303EE64FED5D2D6
:208F4F00FE61F8EE5CFEFE041C71587AFAD7FEB61891DF05FEE318EF09FE221991DF0FFE49
:208F6F00771F71587BFA8FD2FE5004EE87FCD5D2FE61F8EE2CFEEED41BCF8AFA17EFE7C7F0
:208F8F008F78FA0C7FDD389161F8EE82009161F8EE94009161F8EEFB009161F8EE1C014C47
:208FAF000261E8EE7D018FC423FED31E61F8EE7201FEA61ECF8AFA02CF78FA85EE6401D5C7
:208FCF0098FA61E8EE5C01F579FA36C8FE31F32C8F3BFE4C11DF0ACF78FA03CF8AFA02EF12
:208FEF00284C21DF09FE891ECF78FA87EF1B4C08DF17CF8AFA19CF78FA02EF0DFED11E404C
:20900F003BFE11DFF1CF78FA03F57EFAEE1401DBAA23FE531E61E8EE0901FE3D1E715840B9
:20902F00FEFEA01EEE8600D598FA61E8EEF400D53AFE61E8EEEC00407EFAF0DD3A40D2FE62
:20904F008CDD343682FA318505D53BFEDF328F3BFE4C11DF0AFE191ECF78FA84EEC40036E8
:20906F00DFFE31F31B4C21DD044C08DF13FE011ECF78FA82EEAC0030008CFEFB1DFE9C1A31
:20908F00E578FA300082FE6CFB71184FFE715840FEEE8F00AFA4FB442103DC08DBB023FEB3
:2090AF00C61DDF7FFEB31D36DFFE31F306CF78FA81EF70FEBB1DE578FAEF688F3EFE315A5A
:2090CF004C03DC5FFE371051FD5FDDFE98009FDDFE8F80FA4C02DC395004D604602214A93F
:2090EF00165C03442D01DC29AA0212316C1731AE035C03449001DF19AFCAFE5C0344F100EA
:20910F00DC0FAF42FE44F401DD078800719A9FDDFE51806F3EFE5C9F9F3EFECF8AFA03CFC5
:20912F0078FA02C6D7C78F78FA98000CDFDD309161F8EE98009161F8EE39010CFE61F8EEE4
:20914F0048019161E8EE5501407EFA0761E8EE4C01F57EFA71687AFACF79FA02EE3001D564
:20916F008AFA61E8EE360136CDFE31F305FE060AEF1540D2FE2261E8EE2201EBB2FBA9BF26
:20918F0000FAAA02BF02FA3623FA31851440C6FE01DF0E717802FA71484FFE710823FAEFE0
:2091AF001840C6FE02DF12717002FA710023FA365BFA7184364FFE71C1407EFA0661F8F5E5
:2091CF007EFACF8AFA04CF78FA22EED000D58AFA61E8EEC8008F7EFA4C01DF43F57EFA3025
:2091EF000022FE10FA714079FA8FFBF9705C70DF096071CA5C9F709FFBF9607F03FA5C702A
:20920F0061E87140AEFBFEA01C045E0014C80023A9BFFEF913045C0014A9BFFCF9EF3E4CC5
:20922F0002DF16F57EFAC80003300322FEC6F97160B1FB7120D1FEEF244C15DD044C18DF69
:20924F000BF57EFA300722FEABF9EF0E4C03DF1251EF5F79FA9F79FADF08C8000388009F52
:20926F0078FA88004C22DD353603FA31A3277118D1FEEF29407EFA07DF23F57EFAFE1F1567
:20928F00CF78FA25CF98FA03EF13D598FADF0ECF78FA03EF087160B1FB7110D1FEC6D78F6B
:2092AF0078FA0CEFDD419161F8EE15019161F8EEBB019161F8EEC3019161F8EEEC00916140
:2092CF00E8EED8018FBB23318E12FE9B1B61E8EECA01FE851B367AFA31E503EE9401CF9891
:2092EF00FA06CF78FA13D7D58AFA61E8EEAD01407EFA0461E8EEA40136CBFE31F30FFED45A
:20930F000F31397051075F7CFA6168EF258FD2FE730CFDDD0E91DD114C08DD0D51075F7C95
:20932F00FAEF0F8F03FAFE561A313851075F7CFA616B9F7CFA5CF861F8EE6001FE1B1B8FF6
:20934F0003FA314A708F96FA313A61785C07DF0E605C07FE461A4CC061F871407DFA51F86C
:20936F005F7CFA4C18DF30367DFA31C52A30327F5F00FAD642DAFE61D31DAF02FABFFAF9F1
:20938F00AF00FABFF8F9CF98FA06FEE41A51159F78FA71787AFAD7F57EFA408AFA03DF0440
:2093AF005112EFEBCF8AFA10EFF6320500FEB81A61E8EEE700F57EFACF8AFA10CF78FA12D1
:2093CF00D7D58AFA61E8EED3008F7EFA4C1EDF1771607AFA300002FE1BF8CF78FA16FE9070
:2093EF001A714079FAEF4A91DF39FEBC1A04260014367DFAA9BFFEF91304240014A9BFFC6D
:20940F00F9714079FA31C309FE661ACF78FA16EF20320500FE511A61E8CF98FA06CF78FAAE
:20942F0013EF0E4079FA0161F8CF79FA02CF78FA02407EFA02DF087160B1FB7120D1FE36C5
:20944F0003FA31A30751FD5FD1FEEF097160B1FB51026FD1FE9FD1FEF57EFA300003FE9403
:20946F00F7300004FE8EF730000CEE88F7D598FADF2ACF8AFA06CF78FA14D7D58AFADF1C3D
:20948F00FE1C13FE1018DF05FEE619EF03FECA1951EB5F7DFA9F7DFACF78FA02D78F78FA73
:2094AF000CBFDD6C0CFE61F8EEB3009161F8EEF2009161F8EE57019161F8EE85019161F843
:2094CF00EE90019161F8EE94019161F8EEBE019161F8EECF019161E8EEE001D58AFA61E807
:2094EF00EED80171187DFA7110B0FB513F5F7BFA9F7BFAF6BF02FABF00FAF579FA51E05F90
:20950F003EFE4C8061E8EEAE01CF8AFA03EEFA0036C9FE31E30C51806F7CFA5C879F7CFA45
:20952F00EF30FEBE12D1DF0C51206F7CFA5C279F7CFAEF1EFE8012D1300C0061F83003004F
:20954F006073313851075F7CFA616B9F7CFA71107DFAF57EFACF8AFA10CF78FA43D7D58A30
:20956F00FA61E8EE55018F7EFA4C01DF0FFE2519DC05FEE518EF28FEF718EF234C03DF1087
:20958F00D58CFADF0BFE2F12D1DD14FEFF16EF0FFEF71861E85007510AFE59F6FEC218F543
:2095AF007EFAD7D58AFA61E8EE10018F7EFA704C01DF14F57EFAFEDC18DC065103EC77C13C
:2095CF00005103EC4EC1004C0361F8EEED008F7BFA725CC04C40DF14604C02E6A161E8F625
:2095EF0060733168625C3F616B9F7BFAFE9B1861E85007510AFEFDF58F7EFA4C15DD084CDE
:20960F0002DD044C1861F8F57EFAFE5418D7D598FA61E8EEA5008FBB23FE631861F8EE9AE3
:20962F0000FE361871287DFA8F3EFE718C30460461C83049019F98FA609F78FA300421EEF5
:20964F00B3F58F8AFA6F98FADF71CF8AFA06CF78FA47D7D58AFADF63CF78FA48D7407EFA84
:20966F0007DF58F57EFA71187DFAF579FA513F5F7BFA9F7BFA7110B0FBCF98FA02F6BF020A
:20968F00FABF00FA300421FE6BF5EE7DFF407EFA07DF28D598FADF23F57EFACF98FA05CF1A
:2096AF0078FA4AD7D58AFADF12D598FADF0DCF8AFA06CF78FA4BD7CF78FA85D78F78FA0C05
:2096CF00AF4C02DC660CFE61F8EECF009161F8EEE7009161F8EE0E019161F8EE3F0191616C
:2096EF00F8EE5A0191DF43D58AFADF3E8F7EFA704C01DD304C03DD328F7BFA735C0391DF7C
:20970F0014604C02E6A161E8F6605C0370635CFC61689F7BFA8F7EFA4C15DD084C02DD046F
:20972F004C1861F8F57EFAFE3717D7D58AFADFFA8F7EFA4C01DF11714079FACF78FA53F5AA
:20974F007EFA30000BEEADF44C03DDDE8F7DFA31330640D2FE61DF0B71BB9F7DFA30076109
:20976F00FE92F48F7EFA4C02DF0FF57EFA71007DFA30000BFE7EF4EF184C15DD044C18DF87
:20978F000C30070BFE6EF430070AFEEB1671187DFAFECD164C44DF92EEC200367BFA31A3BB
:2097AF0010D598FADF84FE3011FEC516CF78FA54D7FEBD16CF78FA55D7D58AFA61E8EE6905
:2097CF00FFD598FA61E8EE61FF8FCB23318E12FE961661E8EE53FFFE8016CF8AFA06CF78C8
:2097EF00FA57F57EFAD7407EFA07DF18D598FADF13FE6616F57EFA71287BFACF98FA08CF89
:20980F0078FA56D7329600FE5E1661E8EE1BFFFE4816714879FACF8AFA11EE0AFFD598FAC5
:20982F0061E8EE05FF714879FA71087DFAFE31164C4461E8EEF3FED58AFADFC3EF1FD58A5D
:20984F00FA61E8EEE4FE714879FA71403EFE51F65F7DFA9F7DFAFE08164C44DF0EFEA70F4D
:20986F009161F8FE6014CF8AFA0BD740D2FE6161E8EEB6FECF8AFA12D78FDFFE735C1070F5
:20988F00DD23403BFE11DF1D3640FE31D3176331731351EE5FDEFE9FDEFE6371FA5CEE9FDE
:2098AF00DFFEEE4A018F7EFA724C0BDF173640FE31D51151F05F78FA4C8061E8CF8AFA02B6
:2098CF00F57EFAD78F82FA75310508D53BFE61F8EE8E018F3FFE745C0273DD0CD0E061F890
:2098EF00F065312503EE7901D061E8EE7301624C0B61F8EE6B014C0D61F8EE64014C0ADF22
:20990F0062403BFE1130030061E83002039F8AFA609F78FA8F7BFA705C0391DF07605CFC05
:20992F00709F7BFA605CC04C40DF06605C3F9F7BFA8FD2FE704C0DDF0C51035FD3FEDF051D
:20994F0030000DEF06604C60DE04E0FEA7F2FE0915E579FAF57DFAF57EFA7150B1FB7178BE
:20996F007AFAD74C08DF3151075F7CFA36C9FE31830471FAEF026C189F7CFACF8AFA10F5FA
:20998F007EFACF78FA528FD2FE700CF64C02DC07408CFA4160DF16D74C09DF16CF78FA41AC
:2099AF008FD2FE4C0ADDF0408CFA41DDEA5004EE43F24CF0DD0640D2FE8CDF204078FA83E2
:2099CF00DD1ACF8AFAFEFE080F51385F96FA61E8CF98FA14FE8314CF78FA83D78FD2FE4C0A
:2099EF0060DF1B3640FE31D30B408AFA11DDA8CF8AFA11D77140B1FB300060EEF7F14C6275
:209A0F00DF0C645CF04C90DD8ECF7EFA0DD74C81DF0E64310306300081EED9F1E53AFED775
:209A2F004C82DF18D3E061F8F06431050460310505CF3AFE02D7300082EEB9F14C8361E8DB
:209A4F00EE54FFD3DF15403BFE21DF09CF3AFE03CF8AFAFFD7300283EE9AF1300083EE94D7
:209A6F00F1624C0D61F8CF3AFE048FD2FE704C60DF097140B1FB300060EF15624C0B61F861
:209A8F007140B1FB604C82DF0636B1FB31C504E0FE62F136B1FB31C510715040FE51F85FAB
:209AAF00D1FE9FD1FE7118DDFE8F4FFE7571BB9F4FFE8F3FFE725C0270DF0E3682FA31852C
:209ACF0005D53BFEDD4BD1DD0B3682FA31A505D53BFEDD3D407EFA0DDD378FDEFE71BC61FC
:209AEF00D8712084FA71FC61D8716084FA8FDFFE7071BC61D8713084FA36DFFE31C54F5171
:209B0F00EE5FDEFE9FDEFE6071FA5CEE9FDFFEEF39F584FA8F82FA73718B9F82FAD0DD0C18
:209B2F00635CFA9F82FA62719B9F3FFE7118DDFE655CF59F4FFEF6BFD0FE7100B0FBAFDEC6
:209B4F00FE5C08085C8808BFDEFECF8AFAFF4078FA83DD1AFE7A0D8F96FA705C38DF0B6095
:209B6F005C07DD0ACF98FA11EF04CF98FA14FEA2F0CF78FA83D7200C8F77FA318EC18F74D8
:209B8F00FA318EC13058FAC1AEF8040C00123404FAA1A1FE33081006A808B800317503EE6F
:209BAF002101440000DF134074FA0261C8EE13016168DF06FE3412EE5801A806B80A312D5C
:209BCF00B804045BFA14895CC0734C40DF29A800312D16FE7A12DD1F170404FA14A8040422
:209BEF005AFA16A95C0312AB314E5C03CEFB0136000034F401EF44D3DF24A800312D16FEFD
:209C0F004E12DF1A170404FA14321027A95C03FE1E12CEFB0B00360000341300EF1D634C04
:209C2F0080DF39A800312D12FE2512DF2F130404FA1432F401A95C03FEF511CEFB0B0014DE
:209C4F0031AD12AF00FA5C03031615316D31CE12AF02FA085CF00803B802EF24AF02FA0896
:209C6F005CF00816A800312D0404FA14A95C0312316E07B802AF00FA5C031431AC130516AE
:209C8F0017BF00FAA802BF02FAA8040458FA14A95C0312AF00FAF05CFC03BF00FA51835F70
:209CAF0003FA73A80A608131495C70616B9F03FA51F85F7AFA73A80060815C07616B9F7A84
:209CCF00FAEF4F8FFBF9705C70DD3460314A5C074F77FA61C329FEAC00D1DD238FFBF931F3
:209CEF004A5C075004D60454FA14A95C036168DD0EAFFAF9BF02FAAFF8F9BF00FAEF03FEB6
:209D0F00E9108F03FA314A5C07318EB1B806712003FAAF02FAB802316D16A806312D045894
:209D2F00FA14A95C03B80012AF00FAB80431AE075C034361D320A8045C03161331AD07BF1B
:209D4F0000FAA802085CF00812A800316E616B08616A08BF02FAA95C0312AF00FA145C0303
:209D6F004361D30715FE3F10BF00FA3658228F03FA718471899F03FA3686FA718471999F20
:209D8F0003FA100CD7C78FFFF975316A748FFBF9314A5C0791318E12312CC0C3495BFA3180
:209DAF006A614CDF34655CC0DF0AFE1C106168E1DF24C6D74C80DD044C40DF1DFE0A1061DE
:209DCF0068DF16C2C3795AFA7FFFF9087FFEF95CF0085C3FEFD7F1EFD9F1EFD62008AF8253
:209DEF0022BF0AFAAF8022BF08FAAF8622BF0EFAAF8422BF0CFAAF8A22BF12FAAF8822BFE7
:209E0F0010FAAF8E22BF16FAAF8C22BF14FAAF9222BF1AFAAF9022BF18FAAF9622BF1EFA2B
:209E2F00AF9422BF1CFA8FCDFE312A5C079F74FAAF66225C0312AF04FAF05CFC03BF04FA57
:209E4F006C905C93BF04FAAF06FAFE480FBF06FA40C6FE02DF14FE660F128F6322318E3106
:209E6F007D5C01085C800803EF03FE520FBF06FA36C9FE8F07FA71D471999F07FA3686FAC8
:209E8F00718471A99F07FAFE050F8F07FA71B99F07FA5C0F704074FA02E13C00718C607122
:209EAF00C936C9FE71E471D99F07FAF198024F74FADE78318E12312CC0C34907FA316AD189
:209ECF00DD044C02DF3EAFCCFE5C0332F401CEFB0116A8000404FAB80014AA02316DB806CA
:209EEF00A9B80431AE14A80635055C031417360000CEFB0B0014A8045C03121543DE275C95
:209F0F000312EF1A91DF1FAFCCFE5C0312A8000404FAB80014A9B8045C034361D308C4C559
:209F2F00A804FE820EB9880281EF811008D7200AC1AFCAFEB802F6B804A800340000320ECB
:209F4F0000FC58C200AF64225C0312C4C5A9F05CFC03B96C905C93B9AA02FE380EBA028F21
:209F6F00622231495C30708A025CCF61689A0236C9FE8A0371D471999A033686FA7184712A
:209F8F00A99A03FE090EC4C58A0371B99A0336572232F401718471C99A0336C9FE71E47115
:209FAF00D9775C3F9A03A8025C03CEFB01B80A13B808675C3E40C6FE0261F8718A9A031595
:209FCF0004040014AF6A22BA02AF6822B9A8001204080014AF6E22BA02AF6C22B913040C7F
:209FEF000014AF7222BA02AF7022B91304100014AF7622BA02AF7422B91304140014AF7AA1
:20A00F0022BA02AF7822B91304180014AF7E22BA02AF7C22B9F198028FCBFE312A5C0798C4
:20A02F000370518012A8047C804361C8EEC500A80014040300168B5CC04CC0DF3C15A1A1F6
:20A04F0014A9311EF1FE690D1613B806C4C589980371FB318E12A8064400001761F843A862
:20A06F00064400001761F843DC02C3C6880371FC66FBF8FF71F999EF70AA0212316CA9B8FF
:20A08F000631AE035C03FE280D14A8065C0316F6431761F84561C306C4C5A95C0314155CD2
:20A0AF000316C4C5A9F05CFC07B806B9AA0212316CA80631AE035C03B80644900130F4017E
:20A0CF001261D8322C0117FBF8FF4361D30FA80644900132F401DE09322C01EF04A95C034D
:20A0EF0012A9FEC20CB9615902AB040400BB617904EE24FF88029F80FA8803100CD7200CAB
:20A10F003020FAB8043020FAFE23FE98009F75FAF7D975FA518014137C8045DE53A80416B0
:20A12F00FED30B4CC0DF28AF42FE340500CEFB0300B8028B980171FB318E14A80245DC0342
:20A14F0015B802880171FCA8026071F99BEF17EB42FEABB8025C034561E314155C0314A85A
:20A16F0002F05CFC05BBA804040400B804A3EFA140C6FE02DF71C0C18F80FA776140DD67E7
:20A18F00FE190CDF62675004D6041CFAB8028800318E1614B515B80617312D041CFAB804A3
:20A1AF00D980FA518016157C8047DC3BA8041450058971FBD6B808A80216ABB80A5C0314A7
:20A1CF00A8084561C8155C0314A80AF05CFC05BBA80404FCFFB804A80204FCFFB802A80698
:20A1EF0014B515B806EFB913312D0420FAB802C0C1518014137C8045DE11A80214F6B9BAF3
:20A20F0002A802040400B802A3EFE4100CD7F614320E003004FAFC58C2005400E7A3307448
:20A22F00FAFC44C2008F3BFE4C08DF2EE575FAAF20FAF05CFCBF20FA6C905C93BF20FAAF39
:20A24F0022FAFE500BBF22FA513E5F23FA40C6FE0261F8718A9F23FAEF144C21DD0D36C925
:20A26F00FE31E30736C8FE71B461D8FE90FE36C8FE31A30D36C9FE31E307403BFE1161E808
:20A28F00D7EE58FBFE080B3607FA71B1FE000B3623FA71B1D78FC8FE7031251951DD5F0710
:20A2AF00FA728FC9FE7371DC627199726371EC6271D99F07FA6071BC61C8D751DD5F23FAEC
:20A2CF00738FC9FE7071DC637199736071EC6371D99F23FAD720048F03FA314A5C0791727B
:20A2EF008F23FA703105128FC6FE7391DF0B710823FA51EF5F4FFEEF188FC6FE734C02DF2E
:20A30F001360718A9F23FA3602FA8F4FFE71F471C99F4FFE624F75FA61C8EEA700318E319D
:20A32F002DB80004F8F916042B001417042800B802895CC04CC0DF5593DF0CFEC0FDCF8A67
:20A34F00FA03510C1004D7A802148971FB70517F5F00FA614861C36CA5500589D612AF0208
:20A36F00FA317D14AF00FA319E055C071443DC54C2C37922FA311EF112312D031215436113
:20A38F00C3428F03FAFEF70951031004D78F03FA9802EB00FA3133063603FA31A50DAF02A4
:20A3AF00FA316D12AF00FA31AE0314C2C37920FA5C0312155C034361C30A4242FE61C3042D
:20A3CF008802EFC151041004D7C5C32006C1168812318E12B313B802C3C415BB13FBF8FF28
:20A3EF00317336312D1261090AFE0A094C40DF218814318EC1FE7809B806A1A116AB12A8DD
:20A40F000616ABFE2F021271FCC6A8081413B9DE08C6C7ABB11412EFC1A800A1B804163171
:20A42F00F545A80212C3C4FBF8FFAB35B913317336312D1261090AFEBC084C80DF2188140A
:20A44F00318EC1FE2A09B808A1A116AB12A80816ABFE3B011271FCC6A8081413B9DE08C43D
:20A46F00C5A9B11412EFC0A8041631F543A80212FBF8FFAB14A802B913317334312D126122
:20A48F00090AFE7108DF218814318EC1FEE108B804A1A116AB12A80416ABFE17001271FC4E
:20A4AF00C6A8081413B9DE08C4C5A9B1B802EFBFE1100CD7C5C1200E316CA80E31AE03B891
:20A4CF000A5C0316321500FE8008B80617FBF8FF321300FE7408B8088816318EB80412317F
:20A4EF002DB80C61091004FCFFBB13EF33317335ABFE02084C40DF21ABFEED0712A8084339
:20A50F0061C316ABFED90714A80645DC0CA80EFE4308FBF8FF4361D30CAB04FCFFBBA802F7
:20A52F00B1B802EFC8A802317562A81061090C04FCFFBBA804B1B81031734FABFEB707DFF2
:20A54F002CAB14AA0212316CA931AE037E0B087E0A085C036168DF0CA95C0312A80E5C03B8
:20A56F004361D326AB04FCFFBBA810EFC84C80DFF3ABFE740712A8084361C3E8ABFE600778
:20A58F0012A80643DCDEAB14EFCEA8101012D7C5200CFE9D07EF2C31732EA800FE57074CF2
:20A5AF0040DF1BFE6F0761C315A800FE320714FE270745DC09A802FE9B074361D30AFE1083
:20A5CF0007A806B1B806EFCFA806FBF8FF317562FE2B07B1B80C317357ABFE1907DF17ABD8
:20A5EF00FE060716321500FE6007B80617321300FE570716EF0F4C80DF2DABFEEB06161558
:20A60F00FEDD06B806A80412316CA80231AE035C0347FBF8FF61C30FFEBE06614906DC0785
:20A62F00ABFEE60661D309AB04FCFFBBA80CEFA3A80C100ED7C5200CFEF706EF2B31732D0E
:20A64F00A800FEB1064C40DF1AFEC90661C314A800FE8C0612FE810643DC08A800FEAA06B8
:20A66F0061D30AFE6B06A806B1B806EFD0A806FBF8FF317303EE9000FE8306B1B80C3175DB
:20A68F0003EE8200A800FE6D06DF27A800FE590616321500CEFB02341400CEFB0300B8061A
:20A6AF0017321300CEFB02341400CEFB0300B808EF114C80DF48A800FE2E06B80815FE1FD1
:20A6CF0006B806FBF8FFA80412316CA80814A80231AE035C034561C325FEFD05614906DC91
:20A6EF001DA8025C0332F401CEFB01360000CEFB0B0016C4C5A95C0312174361D308FED00D
:20A70F0005A80CEE75FFA80C100ED78FDCFE9F9EFAF59FFA8FD7FE9FA0FAF5A1FA8FD4FEAA
:20A72F0070312A5C069FA2FAE5A4FA403BFE21F161F88FDDFE9FA3FA8FCFFE31131536CFDB
:20A74F00FE31B51631C306CF9FFA08EF0DCF9FFA10EF07719A5C069F9FFA3681FAF131A5FF
:20A76F0006CFA1FA0251027331B50671AA739FA1FA31E50671BA739FA1FA6031250663715A
:20A78F00CA9FA1FAAF9CFA6C03086C80085C03BF9CFAD78FCFFE70311A6150605C01D7CF40
:20A7AF0079FA027128D1FE367AFA71E461C87130B0FB71687AFAD7363EFE3183247184F1E5
:20A7CF001C00367BFA31A319D1DF16367DFA31831036C9FE31850A8FCEFE316A5C017C01F2
:20A7EF00D7F1D78FCEFE312A5C034C03DD174C01DF06363EFE31830D4C02DF07E15F3EFE3E
:20A80F007C01D7F1D7E1D736C9FE31E52B51C05F7BFADF24367BFA31C31E8FCEFE312A5C60
:20A82F00034C01DF08363EFE318502E1D74C02DF07E15F3EFE7C01D7F1D771107DFAFE76B8
:20A84F00FFD1DF0CFE7F04CF8AFA0BCF78FA44D7FE3A04D751035FCEFE4C03DD1F4C02DFE9
:20A86F0007FC1C6000D1DD1451035FCEFE91DF0AFC1C600091E161E8F1D7F1D7E1D736C915
:20A88F00FE31D53151035F7BFADF2A367BFA31C32451035FCEFE4C02DF09FC1C6000D1DFA3
:20A8AF0002E1D751035FCEFE91DF0AFC1C600091E161E8F1D7F1D7367DFA31930BE15F3E19
:20A8CF00FE30020361E860D75144D7510F5F79FAD7CF98FA18EC79B00036C9FE718461C898
:20A8EF00D7CF98FA0771207BFAD7200451A06F3EFE71EB9F3EFEFC975F00D1DD37F545FE27
:20A90F00FCB35F00D1DD2DAF80FEB800AF82FEB8028800315A5C034C01DF05302C01EF077B
:20A92F004C02DF0630F401BF42FE51606F3EFE71FB9F3EFE1004D7AF9CFA6C0C5C0C085C9A
:20A94F007F08FE59038F98229FA8FA8F99229FA9FA8F9A229FAAFA8F9B229FABFAAF9C2266
:20A96F00BFACFAAF9E22BFAEFAAFA022BFB0FA8FA2229FB2FA8FCFFE70311A5C0173DD064B
:20A98F0060718C6371999FB3FA36CFFE31B50831C30571AA9FB3FA8FA3229FB4FA8FA4224B
:20A9AF009FB5FAD7AF9CFA6C0A086C80085C0AFEEC028FA5229FA8FA8FA6229FA9FAAFA8D3
:20A9CF0022BFAAFA8FAA229FACFA8FAB229FADFA8FAC229FAEFA8FAD229FAFFA8FAE229F59
:20A9EF00B0FA8FAF229FB1FA8FB0229FB2FAD78FB122318E04040012317CAF9CFA319D3145
:20AA0F009E03BF9CFAAF4822BF9EFAAF4A22BFA0FA8FB2229FA2FA8FB3229FA3FA8FB422AA
:20AA2F009FA4FA8FB5229FA5FA8FB6229FA6FA8FB7229FA7FA8FB8229FA8FA8FB9229FA97C
:20AA4F00FA8FBA229FAAFA8FBB229FABFA8FBC229FACFA8FBD229FADFA8FBE229FAEFA8FE4
:20AA6F00BF229FAFFA8FC0229FB0FA8FC1229FB1FA8FC2229FB2FA8FC3229FB3FA8FC42235
:20AA8F009FB4FA8FC5229FB5FA8FC6229FB6FA8FC7229FB7FAD7AF9CFA6C095C09085C7F2F
:20AAAF0008BF9CFAF6B1BF9EFAF6BFA0FACFA2FA4ECFA3FA6FCFA4FA74CFA5FA20CFA6FA6B
:20AACF0053CFA7FA75CFA8FA70CFA9FA70CFAAFA6FCFABFA72CFACFA74CFADFA65CFAEFA69
:20AAEF0064F5AFFAD7AF9CFA6C025C02085C7F08BF9CFAFEA001DF17AF9AFABF9EFA8FD689
:20AB0F00FE9FA0FA8FD4FE3159314A9FA1FAD7F6B1BF9EFACFA0FAFFF5A1FAD7FC6D5100F1
:20AB2F00343E064100BA2E11AF0A20BA3211AFFA00F05C0F16510F5F5322318E128F40226E
:20AB4F00318E31CD0703BA3EA96C02B9D78FD2FE0CFE61F8EE98000CFE61F8EEDA000CFD04
:20AB6F0061F8EE93009161F8EE92009161F8EE91009161F8EE94009161F8EEA6000CFE61C4
:20AB8F00F8EEA3000CFD61F8EEB2009161F8EEB1009161F8EEB0000CFE61F8EEAE000CFE01
:20ABAF0061F8EEAC000CF461F8EEAA000CFD61F8EEB7000CF661F8EEA1000CEC61F8EE9FD3
:20ABCF00009161F8EE9E009161F8EEA2009161F8EEA1000CFE61F8EEA4009161F8EEA3008D
:20ABEF000CF661F8EEA1004C0E61F8EE8B00D7CF8AFA0ECF78FA12D7CF8AFA05D7CF8AFA4C
:20AC0F000AD7CF8AFA0CCF78FA58D7FEA9FBD130440B61E830510D9F8AFA609F78FA711097
:20AC2F007DFAD7FE6700D751035FD3FEDF05CF8AFA13D7CF8AFA23D7CF8AFA08D7CF8AFA04
:20AC4F0014D7CF8AFA15D7CF8AFA18D7CF8AFA1CD7CF8AFA1FD7CF78FA21D7CF8AFA0FD778
:20AC6F00CF8AFA1AD7CF8AFA1BD7CF8AFA1ED7CF8AFA1DD7CF8AFA16D7CF8AFA12D7CF8AD8
:20AC8F00FA30D7CF8AFA31D7CF8AFA32D7CF8AFA0DCF78FA51D751C05FFFF94CC0D7BF9C7E
:20ACAF00FAAF4822BF9EFAAF4A22BFA0FAAF4C22BFA2FAAF4E22BFA4FA8F52229FA6FA8FE2
:20ACCF0053229FA7FAD751406F7BFA71FB9F7BFAD7A80404FCFFB804D7A808314E5C03D76A
:20ACEF00A1A114A9314E5C03D714AA0212316CA931AE035C03D704030014895CC0D7A81012
:20AD0F0061090A04FCFFBBA80CD714A95C0312A8065C0343D7A80812316CA80414AA02311A
:20AD2F006D16A931AE075C0314A80631AE035C0345D7B80613B8088816318EB80C12312D52
:20AD4F00B80E0504FCFFB80413D7CEFB02341400CEFB0300D75C031215CEFB013600003404
:20AD6F00F401CEFB0B0016A80414A95C031217D7A81614FBF8FFA7A7A7A71361090CD7312C
:20AD8F004A5C077051F85F7AFA61689F7AFAD7FE01FA718CD7086C015CF108D75004D6041C
:20ADAF001FFA14895CC0D7F05CFC616B08616A08D714A80C12A80E360000CEFB0B00D7AFF5
:20ADCF0006FA5CFE085C7F08D7A8040458FA14AA027FFFF9087FFEF90812316CA97FFDF9BC
:20ADEF00087FFCF90831AE035C03D7AF00FA5C0312AF66221431AD03BF00FAAF02FA085C9A
:20AE0F00F0081215316D31CE03BF02FAAF58FA5C0312AF00FAF05CFC03BF00FA51106F03B7
:20AE2F00FA5C979F03FAE16F7AFA5CF99F7AFAD7CEFB0116A8080458FA14AA02316DB80675
:20AE4F00A931AE14A80635055C031417360000D70407FA14895CC04C40D75103FC77C1001F
:20AE6F00D7FE53FA9F78FAD75103FCAFC1004C02D75103FC4EC100D7FE7ADDF57EFAD731D4
:20AE8F008E125103FCAFC10091D771187DFA407EFA025003D730000AFE5ADD714079FACF95
:20AEAF0078FA458F3EFE718CD7AF02FABFFAF9AF00FABFF8F98FFBF9314A5C075004D604E8
:20AECF00F8F912D7FE12FAFC79B000CF98FA05D77130B1FB7100D1FED7CF8AFA0CE16F7B8F
:20AEEF00FA719B9F7BFACF78FA58D7F6BFDEFED72004FBF8FF8FDEFE9B314A708FDFFE736B
:20AF0F006D61685C0198018B70311A7263311A7560315A616A616D5C01748F3BFE724C211F
:20AF2F00DF2F36CFFE31D51D8800313315718B75718A709FDEFE8800719C60DE12656C05BB
:20AF4F00EF0A31D30C8800313507719A9FDEFE9800624C11DF2A36CFFE31E51A880031739F
:20AF6F001271CB7071CA9FDEFE8800315512606C50EF0A31E30A880031750571DA9FDEFE02
:20AF8F00624C21DD044C11DF2D51805FCFFE70DD1B63313314718B72718A709FDFFE637120
:20AFAF009C60DE11626C05EF09D0DF0A63313506719A9FDFFE738FDEFE98025C77708FCFA4
:20AFCF00FE980071DC6071B970880071EC6071F99FDEFE880270312A7263312A7560316A66
:20AFEF00616A616D718C6371E973880071FC6371B9759FDFFE60311A7263311A7760315ADC
:20B00F00616A616F5C0172880170D0DF1B880270314A77636168616FFBF8FF5C014E01DD91
:20B02F00076571CA759FDFFE6571EC6471E9D1E061F8F0D2DD0B603103076571DA759FDFF7
:20B04F00FE65314A73880070315A7260316A708800317A7465315A616B616A61685C01617B
:20B06F006C30000761E8601004D720088F98FA7031430F8F99FAD1DD146148DD109F98FAA3
:20B08F00EF0B714898FAFECE03710897FA8F98FAD1DF07710897FAEEA9033697FA31850387
:20B0AF00EEB10291DD3F9161F8EE620291DD6B9161F8EE00019161F8EE1B019161F8EE4C2D
:20B0CF00019161F8EE21029161E8EE6A0236C9FE31850B363EFE719461D87170AEFB7128A0
:20B0EF007BFAEE09027140AEFBF6BFD8FEBFDAFE51F85F96FA9F96FAD53BFE61E8EE370272
:20B10F0071EA5C789F96FA302003BF94FAAFD023BF92FA710097FAEE1D027150AEFB8FFF2E
:20B12F00F9316A91DD1191DD6991DD43AFFEF9FE5C03323200EF74AFFEF916FE5003141763
:20B14F00314E5C0305321900CEFB02B800BFD8FEAFFCF95C0332F401CEFB01360000CEFBA7
:20B16F000B0012BFDAFEAF42FE4361C30AEF0BFE3303B800FE2303BFDAFEA800BF94FAFE18
:20B18F00D50251075F7AFA7051F85F96FA6168EEA201AFFEF914316D1215314E5C0314AF7C
:20B1AF00FCF931AE035C0305321900CEFB02B800FECC02EFC27110AEFBF6BFD8FEBFDAFEAE
:20B1CF00302003BF94FA308A02BF92FA51406F96FA5C47EE09017100AEFB308813BFD8FE14
:20B1EF00AF20FA5C03320A00CEFB02BFDAFE308E12BF94FAAFD223BF92FAE16F7AFA5CF955
:20B20F009F7AFA51886F96FA5C8FEED2007120AEFB51C05FFFF9754CC0DF09FE870216FEE3
:20B22F007802EF10AFFEF9FE6402323200CEFB0216FE4B021217B80213BFDAFED97AFA60B2
:20B24F0098018F96FA9800313A61785C07DF58654CC0DF42A80212EB94FA154361D30F044B
:20B26F00F40143DC09FE0E0271EA71FBEF211547DE131704F40112154361C309FEF7017162
:20B28F00FA71EBEF0AAFDE23BF92FA88005C3F7317BF94FAEF3DAFDE23BF92FAA802BF9437
:20B2AF00FA88005C3FEF2BFECC015C3F9800A8024294FA61D30F325F00FEA001BF94FA8888
:20B2CF000071FAEF0D326900FE9101BF94FA880071EA73635CC77088013159312A61689F5E
:20B2EF0096FA710097FAEF4F36C9FE31830671183EFEEF14367BFA8F3EFE71A471999F3E7E
:20B30F00FE719C36AEFB71E1FCA4BA00EF297130AEFB308813BFD8FEBF94FA30F401BFDABB
:20B32F00FEFE3301E1706F7AFA5CF99F7AFA606F96FA5CF99F96FA3697FA318309F598FA44
:20B34F00F599FAEEFD008F98FA9F99FAE1FC4EC100EEEF00DB92FAE1FCAFC1009161E8EED3
:20B36F00BB008F97FA9800310303EED6008F96FA98015CC061F8EECA004C40DF3CAF94FA87
:20B38F00B806325C00FED4001413440000DBA4FB13B8041561F843DE74FECE00DE6FA80602
:20B3AF00326C00FEB600FBF8FF14134400001561F8614904DE45EE8A004C8061E8EE830092
:20B3CF00AF94FAB806326C00FE91001413440000DBA4FB13B8041561F84361D330FE8A00E5
:20B3EF00DE2BA806325C00FE7200FBF8FF14134400001561F861490461C3488B5CC1708804
:20B40F00028161015C3E61689F97FAEF36AFDC23BF92FA88015C3F9F96FAEE2FFFE1FC77C4
:20B42F00C100FE3200F598FAF599FA51C05F97FA70513F5F96FA9F96FA609F97FAAFD8FEC9
:20B44F00BF94FA3697FA510731850951C05F96FAE161E8F11008D7F6BF92FAD7CEFB013690
:20B46F000000346400CEFB0B00D78804311A98065C1F4FCF23D7AFD623BF92FA8804D7BF5D
:20B48F00D8FEAFFCF95C03320A00CEFB02D7316D12AFFCF931AE035C03D7BFD8FE30327F04
:20B4AF005FF8F9D6D7AFFAF9317D12AFF8F9319E035C07321400CEFB02D7E6A1BFF6F936F6
:20B4CF00C8FE30100071A461C8F612086C01081436C9FE31B50EAFF6F96C02BFF6F91308BA
:20B4EF006C03081431950EAFF6F96C08BFF6F915086C08081431A50DAFF6F96C04BFF6F9D2
:20B50F0015086C04086C80086C2008BF8A05717BE7300300BFF4F9AFC8FE31CD12AFF6F9DC
:20B52F00616B08616AFE6A0B6C40FE650B6C80FE600B6C02FEAD0ADF08AFF6F9086C18EF58
:20B54F000A4C02DF0AAFF6F9086C0808BFF6F936C8FE31A30B31B512AF8605085CFEEF0667
:20B56F00AF8605086C0108BF8605349405AFF4F9B9AFF6F9BA02300303BA10EE4207C78FB2
:20B58F003AFE4C01DD074C0561E8EEA30034A805301800BA02A9086C0408B9FE7909FECEF5
:20B5AF000ADF12AFF6F9F05C806168DD12AF8605085CFEEF06AF8605086C0108BF8605408D
:20B5CF003AFE01DF10FE2A0A71083FFE300081FC048C00EF0F348405A9085CFE08B9A908D7
:20B5EF006C0108B9FE880ADF0FAFF6F9F05C806168301000DF05EF06300800BF8E05302169
:20B60F0011FE2F0A5100318E1432E0BD5112FC1E5100363FFE319512712882FA301100FE73
:20B62F001B09510D5F3FFE9F3FFEFE0D0AEED0004C04DF47AF9805B800FE9108F53BFEA847
:20B64F0000F112FEDD0934C62361F834C72389F003BF9805FEC008FE040AFE1B0AFEE609A6
:20B66F00FEC608FEFF097168ADFB716040FE51906F3FFE5C9D9F3FFEEE85004C02DF39E13D
:20B68F006F3FFE9F3FFED53BFEDF0C311309300082FC048C00EF04710082FAFE2F08F53B4A
:20B6AF00FEFED4097168ADFB716040FEFE7A08FEB30971183FFEEF484C03DF2AF6BF800549
:20B6CF00FE2F09E16F82FA71AB9F82FA3000716F3FFE71FB9F3FFEF53BFE71103FFE5183CD
:20B6EF00FC048C00EF1A3682FA318314FE5009DC0C51F05F3FFEDD05FEB501EF03FE060480
:20B70F00FBF8FFF53AFE717BFAFE330961C8EE380151F05F3FFEAF8E056061E88F40FE5C9A
:20B72F001F9B511F5F40FE704DDD388B4C0CDF08AFA405086C04EF0B604C0CDF0AAFA405D4
:20B74F00085CFB08BFA4058B4C0B8F41FEDF0A71FA9F41FEFE0709EF0A317507FEEF08710F
:20B76F007841FE511FFBF8FF5F40FE734D61F8EE8B008B7063FECD07D161E8EE7F00511F4B
:20B78F005F40FE4C0CDD084C14DD044C1CDF14716040FE88004C0ADD077168ADFBFE890744
:20B7AF00FEC20888004C11DD084C19DD044C09DF127160ADFB300300BFF4F9AFF4F9BF9415
:20B7CF0005EF3A4C0CDD084C1CDD044C14DF1E7160ADFBFE8F08363EFE32200071A461D829
:20B7EF00323000A9616B08616A08B9EF104C10DD044C08DF087168ADFBFC2CC1008800FE68
:20B80F00E104FBF8FF8F41FE735C1FDF11AF8805605C0FDF0951E05F40FE6D9F40FE6331FB
:20B82F0075278FC523318E12AF9A05312D5C03085CFC080312FE1D08DF0FFE11087178413B
:20B84F00FECF3AFE04716040FE717AFA8F40FE7331635536ADFB31E34551F05F3FFEDF3E82
:20B86F006331733BFE0808DD27635C1F4C08DD20FEB9074C08DD19FEB207DD14AFB00160C6
:20B88F0031030AFCF7C0005104FC4EC100E1C6D75104FC77C100717040FE5107C6D7637159
:20B8AF00FB9F40FE5103C6D75C3F9F40FEF1C6D7C78F3FFE314A980091DD600CFE61F8EEE5
:20B8CF0095000CFD61F8EE1A019161F8EE44019161F8EE52019161E8EE8001AF9805318EBD
:20B8EF0012FE710761E8EE7201FE6207FC2CC100AFF6F9F05CC0440080DD1AAFF6F9F05C68
:20B90F00C04400C061E8EE3A0151035FC8FE4C0261E8EE2E01301000EE2B01AF8605F0121F
:20B92F008FCBFE315A5C034C03DF0613086C9CEF0E4C02DF0613086C4CEF0413086C0408D6
:20B94F00348605B9AA026C10BA02FE110751306F3FFE5C3FEE0101AF9205F05CC06168DFB4
:20B96F002BAF9205605C0791DF0AAF9205605C384C08DF13AF9205605C0791DD0FAF9205BE
:20B98F00605C384C08DF05301400EF1EDBB623FEC306DD13AFA4FB44E502DE19AFA00531BB
:20B9AF008E12FEB006DF0E300A00FE9005510F5F3FFE9F3FFE51F05F3FFE61E8EE9C00FEE4
:20B9CF008C068F41FE705CE09F41FE60316307AF84055CFDEF05AF84056C02BF8405FE59A9
:20B9EF0006EF78D53BFEDD07710082FAF53BFE8FC623318E125106FCAFC10091DD5DFE4D9C
:20BA0F0006FC2CC100FE3E06FE5A06301000FE2C05EF3DAFA4FB442103DE40FE4006518004
:20BA2F006F3FFE5C8FEF3132F401FE2806DF09FE1C06712082FAEF1BFE7A04D1DF1DFE1D6A
:20BA4F0006EF18300800FEF404300062FC048C00FEE705510F5F3FFE9F3FFEC0C18F3FFE6F
:20BA6F00314A6140DF02C6D7716040FEEFF88F3EFE718C718B735011DC05718A735021636C
:20BA8F009F3EFE609F3BFEFE0D03F1FE4F04300008BF8205D7363EFE319320FE8505DD190B
:20BAAF00AFF6F9F05CC0440080DF0E3641FE31D307FEAA05715041FED7EF2A3484053641CB
:20BACF00FEA96C04B931D507FE8305715841FE363EFE31A30834A405A95CFDB9D734A40552
:20BAEF00A95CFEB9D7348405A95CFBB9AA206C03BA20D791DF08348405A96C02B9D73484B0
:20BB0F0005A95CFDB9D72004DB8805C0C3AF8E05315E6071BC8F3EFE71B9759F3EFE51F08C
:20BB2F005F3FFE61E8EE5801625C0F61F8EE0201A800314D31CEB802FE0405DC14511F5F0E
:20BB4F0041FE4C14DF0B65718A9F3EFEE6B802EF16A80031CE60718C6571899F3EFE34AA51
:20BB6F0005A9086C0808B98F3BFE318E12A80243DD08716040FE710082FA6168DD19A802FB
:20BB8F0012B1440200DC2504FDFFDD20440400DD1BCF3BFEFFEF3DF53BFE348A05A9085C1E
:20BBAF003F08B9FC2CC100FE6D03EF288F3BFED1DD044CFFDF06629F3BFEEF04710882FA3C
:20BBCF0091DF11363EFE302100718461C8301100609F3BFEFEC001FEA900AF8805B80031F0
:20BBEF00BE6071AC363EFE8F3BFE71A14C21DD424C11DD3E4C08DD3AFE31044C10DF305151
:20BC0F001F5F40FE4C0CDF27348005A9085CFE08B9E6A1BA0E8F41FE73315310FE0404DD6F
:20BC2F000BFEE903CF3BFE11710882FAFED303FE9B02403BFE11DF25A80031EE12AF9205D6
:20BC4F00F05CC0616862DF184F44FEDD0B36D1FE718461D87120B1FB9F44FEEF03F544FEB4
:20BC6F00A800BF88053641FE31D5118FC623318E12FEE103DF06FED503FECA031004EF037E
:20BC8F001004D7FEB903DC378F41FE705C1F4C14DF2D605CE09F41FE34AA05A9085CF7084F
:20BCAF00B9301400FE96023641FE31E307AF84055CFDEF05AF84056C02BF8405FE7B03D78C
:20BCCF00302C01BF42FE511F5F3EFE9F3EFEF545FE348405A95CFEB9EECD02348405A96CD3
:20BCEF0001B9D770511F735F40FE6148DD2C635F41FEDF26600CF74C03DC130CFDDD0A0C5F
:20BD0F00FB4C02DC104C0ADF1130470DEF03302111FE1F03D730E502EFF7D712FE0D034C8A
:20BD2F000CDF1F13448813DF0730470DFE0403D7321400CEFB01360000341B00CEFB0B0049
:20BD4F00EFEAD7C7C1AFA2FBB802327300CEFB01360000343075CEFB0B0014C3C6A80025DA
:20BD6F0032003CCEFB0114C0C3F661D8B127FBF8FF32003CCEFB02610900121536000034B8
:20BD8F007300CEFB0B0016A8021417360000CEFB0B00316D1004D7AFF6F9F05C206168619B
:20BDAF00F8D751035FC8FE4C02DF0D403BFE21DF11AFF6F96C10EF0F4C03DF0E403BFE217A
:20BDCF00DFEFAFF6F95CEFBFF6F9AFF6F9BF9605D7AF88056071DC61C8D7FE4F027051E047
:20BDEF005F41FE6168739F41FE600CFEDD400CF9DD640CF8DD6B4C08DD72AF8405F05C023A
:20BE0F006168E661F8F660718C6371E99F41FE348405A96C02B9300C00BA0A635C1F4C1353
:20BE2F00DF5B51106F3FFE5C1F9F3FFEEF4F63315308FEEE0161E8FED301FE9000FED700BD
:20BE4F0051E05F41FE9F41FEFEB701348805A9085C0108B9EF27348005AA285CFDBA28EF15
:20BE6F0014348005AA2A085CFD08EF07348005AA2A5CFDBA2AE6B9635CE09F41FE716040BC
:20BE8F00FEFC705600348805A9085C2008B9D751045F3EFE73DF11AF8C05605C074C03DFC9
:20BEAF0002E1D7D3DF02F1D7AF8C05605C384C18E161E8F1D7AF8C05605C0791DF02F1D776
:20BECF00AF8C05605C384C08E161F8F1D7FEF0FD71083EFE51F35F3FFE9F3FFED77340C61D
:20BEEF00FE02DF2B363EFE318525AF8405F05C016168DD1B93DF08AFF6F9086C40EF06AF26
:20BF0F00F6F9085CBF08BFF6F9AFF6F9BF9605D7AF880531FE60D734A805A96C02B9AA027C
:20BF2F006C02086C0208BA02D7F6BFF4F9349405AFF4F9B9AA10085CCF08BA10D712FEB158
:20BF4F000013BA0AD7C17388004C10DF05634C08DD3F88004C08DF05634C10DD3488004CF1
:20BF6F0014DF05634C0CDD2988004C0CDF05634C14DD1E88004C08DF05634C18DD13634C51
:20BF8F0008E061E8F088004C18E161E8F16158C6D7E1C6D7348805A9086CC05CC008B9AA71
:20BFAF0002086CC008BA02D7AFF6F9085CE7FE3300DF08AFF6F9086C18EF0A4C02DF0AAF97
:20BFCF00F6F9086C0808BFF6F9AF80056168DF07AFF6F9BF9605D7348005F6B9AFF6F9BABF
:20BFEF0016E6B9D708BFF6F98FCBFE315A5C034C03D7348405A9085CFC08B9A9086C0308D9
:20C00F00B9D751606F3FFE5C6F9F3FFED734A405A9086C2008B96371DA9F41FE5106FC4E9E
:20C02F00C100D7AF8405F05C046168D7AF8E05605C1FD7FE0DFDBFA205D7E6BF8005D7AF48
:20C04F00800560718CD7715841FEFE98FAD75106FC77C100D75106FCAFC1004C02D7510608
:20C06F00FC4EC100D734A405A9085CCF08B9D7AFF6F9F05C406168D7348005A9085CFE08E8
:20C08F00B9AA06085CE208BA06F6BA0E30FF00BA08D708BFF6F9AFF6F908D736F000300FFC
:20C0AF000A718234F000BAC4F6BAC6716AE5716BE1713AE6713BE2711AE6711BE2714AE640
:20C0CF00714BE2715AE6715BE2712AE6712BE2716AED716AE9BAA0AAC8085CFE08BAC8AA67
:20C0EF00CA085CFE08BACAD7AFB0016031032DF6BF20FE5100318E143247C15108FC1E518C
:20C10F000034B201AA04086C0408BA04C918DB05716BE1716BE5A9086C0108B9D7AF38FE63
:20C12F006168DF10AFB0016031050934B401A9086C0108B9716BE1D7A220FECEABACD7C75A
:20C14F009800FEA3FF8800735002D60422FE14AF20FEB9E6D3DD040193DFFC6F39FE086F91
:20C16F0038FE08BF38FEC6D7C774DB38FEC0C364D1C3C66475DD0817311E169512DFF86437
:20C18F00318E1462310515E764D1DD05311C91DFFBA800617B08617A08BF38FEC6EE7DFFC6
:20C1AF00C79800C3C4FB38FE8800D173DD0717311E1693DFF98800318E1266718CF6B80058
:20C1CF00FB20FEF1DE29311C7922FE121743DE0A04FFFF16F661D8A1B800172312A8006110
:20C1EF00D8B14400001361F84530010261E360C6D7C1C7C3C6C5C2F6B800A80043DD11A877
:20C20F000214899BA800A1B800A7A515B802EFEA1004D7C1C7C3C6C5C2F6EF1243DD13A88B
:20C22F000214A9BBA7A7A5A515B802A800A1B800EFEA1004D7C716F6B80043DD0A649BA8ED
:20C24F0000A1B800A7EFF3C6D7C716F6EF0A43DD0B15BBA7A7A800A1B800EFF2C6D7200696
:20C26F001662318EB8020714B5F7C0C3A802311EB80413F112A8043343DE0F8B70899B601B
:0DC28F0099B5C2C3A3C0C3A7EFE21006D744
:14C29C00000007002D2D2D2D2D232300000000000000000060
:20F70000510201005B045102000101326C325DFD7ACC4437BA0C155BE2B9BA3E04038000A6
:20F7200001FF0745F5FD14BF01020304D7CC8237E97E4E7BDAD8E71C58782493FF0313527F
:20F74000656E6573617320456C656374726F6E6963731C52656E6573617320555342204236
:20F76000696C6C626F617264204465766963651030303030303030303030303030303030C0
:20F780001742696C6C626F61726420636F6E66696775726174696F6E1342696C6C626F6167
:20F7A000726420696E7465726661636522687474703A2F2F7777772E766573612E6F726770
:20F7C0002F64702D7573622D747970652D632F0C446973706C617920506F727408416C7431
:20F7E0004D6F64653108416C744D6F64653208416C744D6F64653300000000000000000092
:20F800000000000000000000000000000000000000000000000000000000000000000000E8
:20F820000000000000000000000000000000000000000000000000000000000000000000C8
:20F840000000000000000000000000000000000000000000000000000000000000000000A8
:20F86000000000000000000000000000000000000000000000000000000000000000000088
:20F88000000000000000000000000000000000000000000000000000000000000000000068
:20F8A000000000000000000000000000000000000000000000000000000000000000000048
:20F8C000000000000000000000000000000000000000000000000000000000000000000028
:20F8E000000000000000000000000000000000000000000000000000000000000000000008
:20F900000000000000000000000000000000000000000000000000000000000000000000E7
:20F920000000000000000000000000000000000000000000000000000000000000000000C7
:20F940000000000000000000000000000000000000000000000000000000000000000000A7
:20F96000000000000000000000000000000000000000000000000000000000000000000087
:20F98000000000000000000000000000000000000000000000000000000000000000000067
:20F9A000000000000000000000000000000000000000000000000000000000000000000047
:20F9C000000000000000000000000000000000000000000000000000000000000000000027
:20F9E000000000000000000000000000000000000000000000000000000000000000000007
:20FA00000000000000000000000000000000000000000000000000000000000000000000E6
:20FA20000000000000000000000000000000000000000000000000000000000000000000C6
:20FA40000000000000000000000000000000000000000000000000000000000000000000A6
:20FA6000000000000000000000000000000000000000000000000000000000000000000086
:20FA8000000000000000000000000000000000000000000000000000000000000000000066
:20FAA000000000000000000000000000000000000000000000000000000000000000000046
:20FAC000000000000000000000000000000000000000000000000000000000000000000026
:20FAE00000000000000000000000000000000000000000000000000000000000510252DE83
:02FBFC00E9021C
:02FBFE00219351
:00000001FF
