:0E200000EC35220000000000E90263400010F1
:02200E000000D0
:2020100002010000000101005B0451020000000000020101000000000003000102000000EF
:20203000000000002C010A002CD102002CB104002C41060000000000000000000000000006
:2020500064D0020064C0030064B00400644006000000000000000000000000000000000051
:20207000000000003C0100000000000000060000011052656E657361732054657374204605
:2020900057000000000000001C001C00A700750130021F03CD07D108AC09EC0A03001400C1
:2020B0001E00280050005A00640078000239C836D236DC362A39C436E43698371B382838F8
:2020D00032383C384138C338F438FA38103915391A3927391F39000000000000000000009E
:2020F000000000000000000000000000010204081020408056360000000000000000000045
:202110000000000000000000000000000000000000000000000000000000000000000000AF
:2021300000000000000000000000000000000000000000005D3600000000000000000000FC
:2021500000000000000000000000000000000000000000000000000000000000000000006F
:202170000000000000000000000000000000000000000000320011011900FA003C000100BB
:2021900088134303B301F4013B01BC02FB046419AD022C01110158022D6E1919966E016EA7
:2021B000161B10FA6464FA28C8FA0F28320A051EFA00FA00FA00FA000A0072010A0014000F
:2021D0004A7D1ED414474E4033AC29CCB8653D9B0000066B685C7A5FD85D055ED65E1B5F30
:2021F0006B5F885F3F606460315D785DBA5C1B5D0000000000000000000000000000216F3A
:20221000D6706B6F886FCE6F986F6E709070A570E16F1F7040705B70000000000000000006
:052230000000000000A9
:20223500CBF820FE30A0FDFCC12300FCBA23003658F93088FBEF04CC0000A747DFF936200D
:20225500FE30E0FEEF04CC0000A747DFF94100320000EF08B31149DAAD4858F9F643DFF435
:202275004100320000EF08B31149DAAD4820FEF643DFF4FC892800ECF00000F6EFFEFD99D7
:2022950023C1E1FC743C00C0ED9223FD9923C15102FC743C00C0ED9223FD9923C15103FCB1
:2022B500743C00C0ED9223FD9923C15104FC743C00C0ED9223FD9923C15105FC743C00C0DE
:2022D500ED9223FD9923C15106FC743C00C0ED9223FD9923C15107FC743C00C0ED9223FD8B
:2022F5009923C15108FC743C00C0ED9223FD9923C1510BFC743C00C0ED9223FD9923C15136
:202315000CFC743C00C0EF75FD9923C1510DFC743C00C0EF68FD9923C1510EFC743C00C0EC
:20233500EF5BFD9923C1510FFC743C00C0EF4EFD9923C15110FC743C00C0EF41FD9923C1CA
:202355005111FC743C00C0EF34FD9923C15112FC743C00C0EF27FD9923C15113FC743C008E
:20237500C0EF1AFD9923C15114FC743C00C0EF0DFD9923C15115FC743C00C0EF009EFC6003
:0C2395009EFD61FC61FF8EFD708EFCD788
:1023A10033053503164361F8D7B5B7899B17EFF5A8
:2023B100CFF00031CFFC009CD7717BFAFEF1FFD716C80300AEF82761D339315E12F643DD61
:2023D10027BBBC02BC04BC06BC08BC0ABC0CBC0EBC10BC12BC14BC16BC18BC1ABC1CBC1E16
:2023F1003704200037B3EFD6AEF847DD06F6BBA7A7EFF5D7F558F9F559F9F6BF5CF9BF6082
:20241100F9BF5EF9F562F9F55AF9F55BF934FC0089719A99F6BF0805340000F75110FC5CB8
:202431003C00715BE7D7FC773A00D1DD07AF0405318DDE15D5BEF9DF10D55BF9DF0BFC6808
:202451003A00D161E8CFBEF9FF8F58F991D1DD1291D1DD224C05DF798F59F9D1DF4B510E1C
:20247100EF4F8F59F9D1DF045106EF4591DF045102EF3EE1EF3BAF5CF9440000DD53125113
:2024910007FC2445004C02DF485107FC14450030FFFF025CF9BF5CF96168DF2FF6BF000573
:2024B100CF5AF908CF58F918D791DF04510AEF01F1CF58F902318E1230FFFF025EF9318DEA
:2024D10003BF0005AF5CF96168DD065107FC044500D7D558F961F8BF0C05D7C5C3C7C17753
:2024F100AF0805B8028F58F973D1DD08634C0661E8EEA800625080D6128800318E1467FBE1
:20251100F8FFF0616B08616A616C08616DBF1005A80CBF5EF9A8066168DD04530FEF01F346
:20253100A806BF60F9639F62F988059F59F98B318E311EDC2CE6025EF9311EB804301405B5
:20255100F7EF10130161090614A914AB35B9AB040200A3BB13614904DCE9510032EE25EF6C
:20257100055100325326318E145110FC5C3C004059F901880270DF0971BA9802606C09EF83
:2025910002718A9802A802BF0805D558F9DF03E1EF0251079F58F9A80EBF5CF91008D78FB3
:2025B10058F94C18DD044C06DF04F6BF0005F558F9D7717BFA300F00BF0405F6BF08053485
:2025D1000000F75110FC5C3C008F58F9318E31FDDE04F6BF0005F558F9717AFAD7C7AF0419
:2025F10005B800AEF816319503F1EF07AEF81631A3F7E1D1880070DF168800311A5C0273D7
:2026110060719C6371A99F5AF9CF58F918EF13313506CF58F906EF0AAEF816318522CF584D
:20263100F9085107FC144500300F00BF0405F6BF0805340000F75110FC5C3C00FCAE410007
:20265100C0D7C7AF0405B800AEF816319503F1EF07AEF81631A3F7E1D1880070DF16880081
:20267100311A5C027360719C6371A99F5AF9CF58F918EF13313506CF58F906EF0AAEF816D0
:20269100318538CF58F9085107FC1445004058F918DD10E6025EF9311E14DB60F9301405B1
:2026B100FE1A00300F00BF0405F6BF0805340000F75110FC5C3C00FCAE4100C0D7C1C7C33B
:2026D100F6EF1AA80416AB12C6C713BBA804040200B804A800040200B800A802A1B80245F2
:2026F100DCE11006D7713AEE713AEA3492013000C0B9AA26085CFD08BA26AA28085CFD082D
:20271100BA28AA24086CF008BA24D7714AEE714AEA349401300080B9AA24085CFB08BA2444
:20273100AA26085CFB08BA26AA226C02BA22D7715AEE715AEA3496013000C0B9AA22085C72
:20275100F708BA22AA24085CF708BA24AA206C10BA20D77140F300D7C1712BE3CB90000071
:20277100712BE75115FC5C3C00A80012314D23B16C805C8FBE90C0D7712AE7340000F75105
:2027910015FC5C3C00712BE3CB900000D7CEABACD7C1510BFC5C3C00A800FEAF00BD1A7184
:2027B1003BE2713BE634B201A9086C0208B9C0D7C1510CFC5C3C0034B601A9085C0F08B981
:2027D100A80044D107DC06A9086CF0EF0D441500A908DC046CA0EF026C4008B9A800FE6BD4
:2027F10000BE64714BE2714BE634B201A9086C0408B9C0D7AFB00160311A5C01D7C1510DA8
:20281100FC5C3C00A800FE4300BE66715BE2715BE634B201A9086C0808B9C0D734B401A9B0
:20283100086C0208B9713BE2713AE6D734B401A9086C0408B9714BE2714AE6D734B401A9E7
:20285100086C0808B9715BE2715AE6D744D107DC1232DC0234E803CEFB01360000CEFB0BE7
:2028710000B1D7441500DC0832EA00340A00EFE732DC05CEFB02B1D7C7FC582900FC003E6E
:2028910000EE9B00AF7CFB6168DF26AF7EFB6168DF1FAF9CF96168DF18AF9EF9085CF00815
:2028B1006168DF0D51F05FA1F9D1DD05D5BEF9DD06FCD32F00EF5CFC9E33009800FCC33554
:2028D10000738801708800615063615891D1DD270CFED1DD264C04DF3AFC383E00FCB93E14
:2028F10000125100318E1413329E27FC69270061FDFC0B3E00EF1861EDEF18FCB93E0012F7
:202911005100318E1413329E27FC69270061EDFC892700FCAC2900FCB63900FC372400FCE3
:202931007D3D009801FC6E2E009800FCFB2E00738801708800615063615898018F7DFB314C
:202951007303EE3FFFC0D730013CFCC14100300300C1340400F73060EAFCAF4200C034053F
:2029710000F73060EAFCF74200320300300303FC2543005400F7F6FCD84300F1FC8C4500BB
:202991003064F9BF84FB3080F9BF80FB300001FCAF3C00FC422F00717AFAD78FBCF9318E34
:2029B100311EDC0E510F5FA1F9D1DD079161F8FE9C00D7FE1400D7F6BF9CF9BF9EF9BFA07C
:2029D100F9510F5FA1F99FA1F9D78FC0F973318E311EDE0A63718B9FC0F9F5A0F9D78FA088
:2029F100F94C02DC350CFED1DD3991D1DD3F91D1DD4591D1DD4E91DF2063718B9FC0F97136
:202A1100389FF9E16FA1F95CF19FA1F9F5A0F951106FA1F95C1F9FA1F9D7E5AAF9CFA0F9F2
:202A310002EF1CCFAAF902CFA0F903EF12CFAAF903CFA0F904EF08CFAAF904CFA0F905716C
:202A510000BCF9D7CFAAF905CFA0F906EFF18F9CF97031051DAF9CF9440100DF04FE5F0064
:202A7100D7E16FA1F95CF19FA1F9E6F5A0F9BF9CF9D7311504FE9000D7312504FE4301D73D
:202A910031351AAF9CF9440800DF04FE9E01D7E16FA1F95CF19FA1F9300800EFCE315504CF
:202AB100FEEF01D7316504FE6B02D78F9DF9310506718B9F9DF9D760317503FE2503D78F66
:202AD100C0F973318E311EDE1363718B9FC0F971309FF971089CF9F5A1F9EF1C8FA0F9D129
:202AF100DD1A4C0ADF1571089CF971389FF951106FA1F95C1F9FA1F9F5A0F9D7E5AAF9CF5B
:202B1100A0F90A7100BCF9D78FC0F973318E311EDE1363718B9FC0F971309FF971189CF93C
:202B3100F5A1F9EF3C8FA0F9D1DD3A0CECD1DD3F91D1DD4591D1DD4B91D1DD5191D1DD57A1
:202B510091D1DD5D91D1DD6391D1DD6C91DF1571189CF971389FF951206FA1F95C2F9FA152
:202B7100F9F5A0F9D7CFAAF902CFA0F914EF44CFAAF903CFA0F915EF3ACFAAF904CFA0F9CA
:202B910016EF30CFAAF905CFA0F917EF26CFAAF907CFA0F918EF1CCFAAF908CFA0F919EFF6
:202BB10012CFAAF909CFA0F91AEF08CFAAF90ACFA0F91B7100BCF9D7CFAAF911CFA0F91CFB
:202BD100EFF18FC0F973318E311EDE1363718B9FC0F971309FF971289CF9F5A1F9EF1E8F01
:202BF100A0F9D1DD1C0CE2D1DD2191D1DD2791D1DD3091DF0B71289CF971389FF9F5A0F957
:202C1100D7CFAAF907CFA0F91EEF12CFAAF908CFA0F91FEF08CFAAF909CFA0F9207100BCA4
:202C3100F9D7CFAAF90ACFA0F921EFF18FC0F973318E311EDE1563718B9FC0F971309FF922
:202C510071389CF9F5A1F9F5A0F9D78FA0F9D1DD1E0CD8D1DD3391DF1571389CF971389F6D
:202C7100F9F5A0F951106FA1F95C1F9FA1F9D7FCB541006168DF045105EF0251149FAAF93B
:202C9100CFA0F9287100BCF9D7E5AAF9CFA0F929EFF28FC0F973318E311EDE1563718B9FE2
:202CB100C0F971309FF971589CF9F5A1F9F5A0F9D78FA0F9D1DD2A0CCED1DD2E91D1DD3496
:202CD10091D1DD3A91D1DD4391DF1571589CF971389FF9F5A0F951106FA1F95C1F9FA1F918
:202CF100D7E5AAF9CFA0F932EF1CCFAAF902CFA0F933EF12CFAAF903CFA0F934EF08CFAA2E
:202D1100F904CFA0F9357100BCF9D7CFAAF914CFA0F936EFF18FC0F973318E311EDE1563E8
:202D3100718B9FC0F971309FF971689CF9F5A1F9F5A0F9D78FA0F9D1DD2E0CD9D1DD339138
:202D5100D1DD3991D1DD3F91D1DD4591D1DD4E91DF1571689CF971389FF9F5A0F951306F3A
:202D7100A1F95C3F9FA1F9D7CFAAF915CFA0F927EF26CFAAF90BCFA0F928EF1CCFAAF90C3C
:202D9100CFA0F929EF12CFAAF90DCFA0F92AEF08CFAAF90ECFA0F92B7100BCF9D7CFAAF906
:202DB10010CFA0F92CEFF18FC0F973318E311EDE1363718B9FC0F971309FF971089DF9F5D0
:202DD100A1F9EF0E8FA0F9D1DD0C4C32DF0771089DF9F5A0F9D7CFAAF90FCFA0F932710005
:202DF100BCF9D7C78FC0F973318E311EDE1363718B9FC0F971309FF971789CF9F5A1F9EFC9
:202E11003E8FA0F9D1DD3D0CC4D1DD4691DF33FCB13E00B800880031051DAEF816319517D2
:202E310051FD5F9EF973AFA2F9F05C604400406361F8719A9F9EF971789CF971389FF9F59F
:202E5100A0F9C0D7CFAAF913CFA0F93C7100BCF9EFF0CFAAF912CFA0F93DEFF0D78FAEF9EE
:202E7100310505712308EF1731150E712308F5AFF95109FC044500EF0C31250971220851F2
:202E910009FC144500F5AEF9320A005109FC2445004C02DF238FAFF9819FAFF9318E4432A8
:202EB10000DC0F8D0871AC8D0871A97C049D08F5AFF95109FC044500320A005109FC244559
:202ED10000D1E161F85107D7FCF626005100318E14321E2F5107FC5C3C00711208711A28C2
:202EF100710BE5F5B0F9F5B1F9D740B0F9018FB1F9DF08D1DF0BF5B0F9EF06D161E8E5B045
:202F1100F9FC052800D1510361F85107D7FCAE41005100318E1432322F30E803FCA227004F
:202F3100D731140803F1EF01E19FB1F9FC2D2800D7716301716B21717301717B217100559C
:202F510000710205710B2571105500711205711B25711307711B27713307713B27710058B3
:202F710000710208710B2871205800712208712B283653008CA9719A9CA9718271020371F1
:202F91000B237192711203711B2371A2712203712B23F6BFB2F9F5B4F9F5B5F9F5B6F9F514
:202FB100B8F9F5B9F9FC402700FC642700FCC82900FC723900FC052400FC6D2E00FCD92E6B
:202FD10000D72006FCB13E00B8008F7EFB310303EE8C00AEF816318523711307FC813500B5
:202FF1008800719C8FAEF9DE04718AEF02719A9FAEF971087EFBF5B5F9EE6D02D5B5F9DF82
:2030110028F5B4F97120AEF95108FC144500F5B8F9F5B9F98F7CFB31133E5108FC0445007C
:20303100711207E5B5F9EE40025103FCAC3A00317503EE34027C80442083DC10328A025151
:2030510008FC2445004C0261E8EE1D025108FC144500F5B5F971130771087EFBEE0A023155
:203071001519AEF8168FAEF9319504718AEF02719A9FAEF971187EFBEEEE0131250471ABC3
:20309100EF0C31350471BBEF0531450871CB9F7EFBEED50131550471DBEFF3316303EE8C3B
:2030B1000151C05F87FB4C4061E8EE7A01EB84FBA9B802EB84FBAA02B804AEF8040300166C
:2030D10031F303EE540188025C1F4C02DF58A8044400FFDF51AF86FB5C01440400DF47AE23
:2030F100F81631A506AEF81631E53BAEF816EB80FB31E5053042A0EF03304280B9EB80FB76
:203111003000FFBA02EB80FBF6BA04303412EB80FBBA06AF82FB086C085C08085CFEBF824E
:20313100FB512FEEFC0088025C1F4C03DF40A804443412DF39AF86FB5C01440400DF2FAEC7
:20315100F81631A506AEF81631E523AEF816EB80FB31E5053043A0EF03304380B9EB80FB2B
:20317100303412BA02EB80FBE6BA04F6EFA088025C1F4C04DF32A804443412DF2BAF86FBA7
:203191005C01440400DF21AEF81631A31B5108FC044500E5B8F98800EB80FB31650530449D
:2031B100A0EF40304480EF3B88025C1F4C05DF47A804443412DF40AF86FB5C01440400DF8C
:2031D10036AEF81631A3305108FC144500F5B8F9F5B9F98800EB80FB3165053045A0EF035D
:2031F100304580B9303412EB80FBBA02AF82FB086C045C04EE24FF880271FA71EB980288F0
:203211000071ECEB80FBAEF8DE05040200EF0304040016ABB93000FFEFCDAEF81631E50713
:203231005110F0FCF93E0071687EFBEF3C8F7FFB73313518AEF8163195056371BBEF27AFA7
:203251009CF96168DF2371609CF9EFEE31250471ABEF1331450471CBEF0C31550471DBEFCC
:203271000531650571EB9F7FFB8F7CFB7331750D71630171730171787CFBEE0D013165153B
:20329100AEF81631B505716201EF0371720171687CFBEEF500311551D5B5F9DF0A71009C89
:2032B100F9E5B5F9EEE3008F9FF931350771BB9F9FF9EF145103FCAC3A0012317503EEC9FE
:2032D100007C80442183DE0D71130771187CFBF5B5F9EEB500137C80447D9561C8EEAA0017
:2032F100713307711207EEA10031451CAEF816318508FCB54100616861F871330771309CF1
:20331100F971487CFBEE8200310514AF9CF96168DF7871320771109CF971087CFBEF6B311A
:203331002513AF9CF96168DF6171209CF96371AB9F7CFBEF55313514AF9CF96168DF4B71D6
:20335100320771509CF971387CFBEF3E315510AF9CF96168DF3471609CF96371DBEFD18F66
:203371007DFB310507718B9F7DFBEF1E369FF931B50D300062FCF93E0071389FF9EF0BAFF7
:203391009EF96168DD04F6BF9EF91006D7200AFCB13E00B808E1FCAC3A00B8025104FCAC53
:2033B1003A00B8008808311303F1EF35FC804500D1DFF6AEF80409001631F5EDFCB54100E9
:2033D100325500CEFB01360000346400CEFB0B0014A80031FF43A80061F845DECCF5B4F928
:2033F100E19807AEF804080016318303F1EF1DAEF8040800163193F4A80031FF440000A87C
:203411000061F844D959DCE4F5B4F9E19806A8020161D373A80244ED0ADC0530EC0AEF0BB3
:2034310044A700DC05510673EF5AF6BFB2F9EF57318F01B800049C2016A80261490061D31F
:203451004163318F0104AC2014A9B8041504020016A800049C20B80014A914ABFBF8FF618D
:20347100290412A80225CEFB01B802AB04020016AB2514A802360000CEFB0B0012A8040389
:20349100EFA993633175A9AFB2F9445100DC0BF5B4F9E19801C80003EF10443D00F1980177
:2034B100DE05E19800EF03C80002AEF8040800163183088801D161F8FEDD008FB2F974889B
:2034D10000738806728801708807FCD84300AEF804080016319509AEF80409001631F31A2B
:2034F1008806318E12F623148801318E128807318E0345DF055107100AD7F1EFFAC7FCB1C4
:203511003E00B800880171FC8FB4F9DE49D1DF55AEF816EB80FB31E5053001A0EF03300115
:2035310080B9AEF81631E30CAEF816319533AEF81631A52DEB80FB3000FFBA02AF82FB086C
:203551006C045C04085CFEBF82FB30002FFCF93E00E5B4F9EF0F91DF0CFC7C41004C0861E0
:20357100E8CFB4F902510740B4F90161F8F1C2D75100318E1432B935510DFC5C3C00CB6644
:20359100B32D34B201AA046C10BA04715BE2715BE6A9086C0808B9D734B401A9086C080838
:2035B100B9715BE2715AE6D7E1FC793A00FCAE4100D7C7FCB13E00B8008FB4F9D1DF6840BB
:2035D100B8F901DF763288135108FC2445004C02DF695108FC144500AEF8A11631F55CAE77
:2035F100F816EB80FB31E5053006A0EF03300680B9EB80FB303412BA02E17FB9F99FB9F9F9
:20361100EB80FB318EBA04EB80FBF6BA06AF82FB086C085C08085CFEBF82FB30002FFCF99C
:203631003E00E5B4F9EF1491DF11FC7C41004C08DD095108FC044500F5B4F9F1D5B4F9611E
:20365100F85107C2D7F5BAF9F5BBF9D78FBAF90C7FD1DD0891D1DD084C7EDF16FE1400D7D6
:203671008F58F94C06DD084C08DD044C1861F8FED302D7D558F9DD05CFBAF981D7F55AF95C
:203691007108C0F9309002FCE32400FE0500CFBAF982D7200AF6B8088FAAF99175318E125B
:2036B100654C15DE0E131249E620311C9EFC79BC2061CBF3EE6902300068B808533DEE5FEA
:2036D10002300080B808534CEE5502F6B808534EEE4D02FCB54100326500CEFB01B80013D1
:2036F100B804A800360000346400CEFB0B00B80213B806A802360000340C00CEFB0B00151F
:2037110007A80412A80036000034B004CEFB0B00320C00CEFB02B804A802DF08DC0614A845
:203731000612EF0A040C0014A8061261D8A315360000340C00CEFB0B00FBF8FF320C00CE4A
:20375100FB0212A8023323BBF661D8B1612906141361290416A8061261D8B14517FBF8FF5B
:2037710061F861490061D30AA802040C00B80261D8A3A802360000340C00CEFB0B00313D45
:20379100B8085349EE9901FCB94100B800FC80450075A800320A00CEFB02B80265D1F7DFDB
:2037B10014A802327800CEFB01360000346400CEFB0B00B802A8025C036168A80214DF04F7
:2037D100C3C6EF0C040004B8001361D8A116A800F05CFC25B8001761D8B12316655C037551
:2037F100F647FBF8FF1561F861490061D30AA802040004B80261D8A331DCA802313E0308BA
:203811005C8008B808534AEE1601300013B808BFA2F95348EE0901305C12B8085314EEFFAF
:203831000030482CB8085315EEF50030E803EFEAFCB94100B800FC80450075A800320A000C
:20385100CEFB02B80265D1F7DF14A802327800CEFB01360000346400CEFB0B00B802A8028E
:203871005C036168A80214DF04C3C6EF0C040004B8001361D8A116A800F05CFC25B8001743
:2038910061D8B12316655C0375F647FBF8FF1561F861490061D30AA802040004B80261D891
:2038B100A331DCA802313E03085C8008B8085347EF6EF1FC8D4400316C31AE035C03320AB0
:2038D10000CEFB02446400DE03F6EF11320A00CEFB010418FC313E5C1F085CFC08B808530A
:2038F1003FEF3D300300EEE3FDFCB941006168DF05300640EF03300240B808533CEF21303F
:203911000648EFF5533AF1EF18534DF1EF13FCB941006168DF03F6EF03300300B808533944
:20393100E1718CE6C1300200C1DE0AAEF8040C00145008EF0534A2F9500963320002FCEC59
:203951002400100ED74058F918DF0A7100C0F98F5AF99FC1F9FCB02500F5BAF97108BCF99F
:20397100D7C7F5BCF9F5BDF9F5BEF9F5BFF9F5C0F9F5C1F9F1EF2388005004D61604042199
:2039910014AA0212A90361F8DE0D17040421148A029EFCA91661FA8800819800318E440814
:2039B10000DCD4C0D7C78FBDF972D1DD28F173EF1A63318E04FC2016625DD1DD0C09FC20F8
:2039D1007CFF5FBDF9729FBDF98363318E440800DCDFEE8000D5BEF9DD26F173EF1B6331D4
:2039F1008E04FC20168FBEF9705DD1DD0A09FC207CFF61589FBEF98363318E440800DCDECD
:203A1100D5BCF9DD50F1EF448801318E04FC20168FBCF998005DD1DD3088015004D6160458
:203A3100442114AA0212A90361F8DE0F17044421148A029EFCA91661FAEF0EC2C3FBF8FF04
:203A510009FC207CFF5D9FBCF98801819801318E440800DCB3C0D7F612EF02A3137C804441
:203A71000880DCF7F1D7E1D7708F7BFB735C30E1DF1B6091DF108F620031150A6371AA71FB
:203A9100BB9F7BFBF1D7604C02DD035102D78F62003125F76371BA71ABEFE673D1DF04AF32
:203AB10070FBD74C03DF04AF72FBD74C04DF04AF74FBD78F7BFB312A5C0370636140DF0450
:203AD100F6B1EF124C01DF04AF76FBD74C0230FEFF61F8AF78FBD7F6143206003070FBFC60
:203AF10096AD00710BE7CE3181717AFA3630FF32160071820071F261ED61ED710AE7AD1EDE
:203B1100316E14F6163000A8CEFB0B00BF70FB717BFAFE2E0151CF5F7BFB9F7BFBD78F7B01
:203B3100FB7071FB739F7BFB314A5C0391DD689161F8EE8F00605C4070DD128E3031030AA7
:203B5100636C9071DB9F7BFBEF39D0DF1FAF7CFB6168DF18367EFB318312AF72FB442103BF
:203B7100DE0A8E30310505FED900EF178E30310512FE9E00BF74FB311E12AF72FB311E03D7
:203B9100BF72FB8F7BFB705C0CDD5DFEB50051906F7BFB71DBEF4D605C0CDF08CE310860BA
:203BB1005C4FEF0E63312A71BA5C0B9E316371DA5C6F9F7BFB3630FF518071820071F26FA4
:203BD1007BFBEF2063312A5C0391DF08FE3300BF76FBEF06FE2B00BF78FBFE660051906F55
:203BF1007BFB5CD3709F7BFB60317503F1EF1271EC5103DC0CAF72FB44210330070361D8FF
:203C110060D7DB70FBAD1E316ECEFB01316C31AE03D7C7AD1E316E12AF70FBCEFB01C3C4DE
:203C3100327300CEFB0116C0C315327300CEFB0212A8003303121736000034003CCEFB0B53
:203C510000C6D73630FF71F37183D7C3774C16C5C2DE0E675004D60400F91413BA02A800FA
:203C7100B9C6D75004D6120400F914AA026168A961F8616861F8D7130400F914AA02609E52
:203C9100FCA91661FAD7F1735004D60400F914F6BA02B983634C16DFEED7301C12D7C1FC3E
:203CB100973C00F177318E120431001413CA00000441001467CA00FF81774C08DFE7CE3820
:203CD100FFCE39FF51FC6FE4FF9EE4710AE5714AD4710A2236620071828801D1DD05711ACF
:203CF10022719288004C0ADD05712A2271A23630FF719371A371B371C271D371E3710A24F3
:203D1100FE7004FCE8AB00FC07A000FCE83A00FC389A00FC424600FC115600FC607700FC4C
:203D3100FB45008F2A205080D6128F2520318E31FD168F2920318E31BDB8008F2B20318EF4
:203D510031AD148F2620318E31ED616F08616E08FBF8FF6E01086D616C08616D616B086151
:203D71006A08FE23088F2420C6EE3908CFD5FE07FC2F3B00FE6C08FC3D9A00FE6508FCCB49
:203D9100A000FE5E08FC4D4700FE5708FC2D5600FE5008FC947700FE4908FCB79B00FE4268
:203DB10008363EFE718436D0FE7191FC5A4B007051B35FD0FE7360718C6371A9363EFE710B
:203DD100A471B940C6FE0261F871EA71FB40C7FE0261F871FA9FD0FE8FD5FE7391DF0BAFA7
:203DF100B00160310304F5D5FEF3CEABAC63D7E53AFE343E06A96C01B9D734F005A95CFBEB
:203E1100B95104FC8CAC0061ED5104FCB5AC00FC6AAC00FC07A000363FFE718461C8CF3A00
:203E3100FE05717040FED7FEA607DD1934A405A95CFC085CFC08B9AA4C6C04BA4C13086CE5
:203E5100015CE3081213BF8605EC6AAC00FE8007DD0613086C010812AFC4F9F05CC04400D2
:203E710040DF0AAFC4F9F05C026168DD0613085CFE0812348605AA1E5CFC085CFC08BA1EF4
:203E9100AA6A6C04BA6A13085CE308B9EC6AAC00AFF005F05C04616861E8FE5DFFEEFD02FF
:203EB100C7AFD0FEB800C6D78FD5FE4C03DF15D53BFE30FA00DF3051805FC9FE323C00E621
:203ED10061E813D74C07F6DF1E36C9FE30190031F31531E30F51085FC8FE32320030110192
:203EF10061E813D7301101D7C1C77398008FD3FE70312A5C0F4C08DF031004D7605CFC98CB
:203F1100019FD3FE630C7F7088004C8C61F8EE54014C8E61F8EE4D014C8361F8EE46016099
:203F31004C0261D8EE3E0188004C2FDF094056FA1D61F8EE2F014C6261F8EEBE014C60DF6E
:203F510021364BFA319303EEDD0136D1FE31E303EED40151F05F46FA4C5061E8EE2101EE7F
:203F7100C5018F3BFE70D161F8EED50136D1FE318503EECC0188004C21DF1E604C2161E8C3
:203F9100EEBE01FC189400D161E8EE9A014056FA3761F8EE9101EEA8010CFD4C02DC068820
:203FB100004C0CDF0F36CBFE31F5094046FA1161F8EE730188004C22DF0F36CDFE31F5091C
:203FD1004046FA2161F8EE32014C10DF158F56FA730CB34C0261D8EE4D01634C4161F8EE5A
:203FF100450188004C04DF094056FA4D61F8EE0A014C2FDF094056FA4D61F8EE33014C254F
:20401100DF174056FA4361E8EE3601AF48FE44840061F8EE1101EE28014C45DF174056FA14
:204031004361E8EE1B01AF48FE44830061F8EEF600EE0D014C48DF0C365FFA31B303EE0001
:2040510001EEED004C49DF224056FA4E61E8EEF000AF48FE44880061E8EEE500365FFA313B
:20407100B303EEDC008800EEC7004C53DF0C365FFA31C303EECA00EEB7003649FA31D30781
:20409100CFD2FEFFEEBA004C02DF0B604C2161F8EE9400EEAB000CF94C0261D8EE880088C6
:2040B100004C09DF0936C9FE31D350EE93004C0ADF0936C9FE31E343EE86004C0BDF083666
:2040D100C9FE318336EF7A4C0DDD664C22DD354C2FDD5E4C61DF0FFC5A4B0091DF63363E60
:2040F100FE319343EF5B40C6FE01DD554C11DF07604C11DF1FEF304C12DF059FD2FEEF412B
:204111004C14DF07604C11DD1EEF364C16DF0D604C21DD1336C9FE31E30DEF250CBD4C0217
:20413100DE098802D1DF1A8800EFD088004C46DF109FD2FE88017088025C036160609FD3FF
:20415100FE8FD2FE7081DF0CF5D2FE51106FD3FE5CD3EF0C51C35FD3FE73D0DF096371BA88
:204171009FD3FEEE93FD6371DAEFF58FD3FE312A5C0FD734FC00896C0399DB3C04FBA00535
:2041910013086C075CE708BF3C04176C915C91BFA005301E1EBF9C05895CFC99D7F5D5FEEC
:2041B100EC35AC00AFD8FED7AFDAFED78F44FED7C171FB318EBFC8FE51F05FC9FE708800EF
:2041D1005C0F6168709FC9FE880071FC8FC8FE7271F9739FC8FE6231250D633133046031A5
:2041F10035056071FAEF036071FB7370639FC9FE51305FC8FE4C306071DB70DF0371DA7064
:204211009FC9FE510C5FC8FE4C0CDD0B36C8FE31E3056071EBEF036071EA739FC9FEAF3E21
:2042310006F05C016168DD748F3BFE75D1DF0D363FFE318307F6BF8005BF8E05AFC4F95C84
:2042510001BFC4F963313508AFC4F96C02BFC4F963311508AFC4F96C08BFC4F963312508DB
:20427100AFC4F96C04BFC4F9AFC8FE31CD12AFC4F9616B08616A08BFC4F9AFC4F9BF9605FB
:2042910065D1E061F8F08F3FFE310310D0DF0DAFC4F9F05CFE616861E8E53AFEC6D7C5FE9D
:2042B1002003AFCAFEF05CFC03BFCAFE880631595C60708801718C6071F970880031295C3F
:2042D1001C7351035FCBFE616B6160609FCBFEFC4B8C00403BFE21DF0836D1FE318302C698
:2042F100D7C6ECF5AA00C5FED802AFCCFEF05CFC03BFCCFE880031295C1C708801718C60EB
:2043110071F97051635FCDFE7360616B9FCDFEC6EC298900C3C7C1FBF8FF758FCFFE9804BD
:20433100311A5C0198018FCEFE73617D5C03D1AFCEFEB802DD0851FC5F49FA9F49FA6331D0
:204351002A7D5C03DD08513F5F49FA9F49FA655C0370635CF0738B31295C0C6168616B9F76
:20437100CEFE51E05FCFFE7062718C60718970625C1E61689FCFFE88059FD7FEFCD18D00FE
:20439100FBF8FF8FCFFE735C0270DF178801D1DF28637E0431332236CFFE31B50331431942
:2043B100D0DD218801D1DD11A8027FCFFE087FCEFE08F05C056168DD0B36D0FE718461D851
:2043D100715052FA1006D7758FD4FE313A775C03614BDD1267615B5C03DD0B36D0FE7184BD
:2043F10061D8714052FA511F5FCFFE7765718C6771D9756031797062718C6071E9616D9FDB
:20441100CFFE3138635C187051E75FD4FE61689FD4FE649FDCFEAFCEFEF05CE0616861F8C5
:20443100D75105FCB5AC007178D1FED7C1758FD4FE746101706561706071BC61D871405276
:20445100FA65311A5C0770645CF861689FD4FE88009FD6FE13BF68FAC6D71251BF5FCEFEC3
:2044710075623105046571EA7513F05C8061686571FBDF049FCEFED771FAEFF8D1DF07DB63
:20449100C8F9AFC6F9D791DF07DBD0F9AFCEF9D7F7F6D7C773604C02DE3ED3DD3B9363985C
:2044B10000624C01DF1A60318E120442FA1688004DDE25FEFC00040C0014AA0212A9C6D7C2
:2044D100D1DF1560318E120444FA1688004DDE08FEDF00044400EFE1F7F6C6D7734C026022
:2044F100DE0F4C01DF040942FAD7D1DF040944FAD7F1D7700CF94C03DC02E1D760FC8CACEA
:2045110000F1D7700CF94C03DC02E1D760FCB5AC00F1D7700CF94C03DC035103D760ECEDDC
:20453100AC00D1DF1F3649FA31C51331D5104056FA41DF0A715849FA5105FC8CAC0071484E
:2045510049FAF1D73649FA31D302E1D7714049FAF1D78F49FA314A5C01D7D951FA6140DD29
:2045710007D161E8711052FA6160609F51FAD751C05FCDF94CC0E161E8F1D75C3C36DDFE7D
:20459100719471999FDDFED7C1FE210075A800085C80081265318E03BF54FAC6D7AF54FAE1
:2045B100085C8008D7718C3654FA7181D7E15F54FAD75004D61413321C00CEFB0204C6F94B
:2045D10005D736000034FA00CEFB0B005C0312D7348005AA0612F6B9BA0EAFC4F9F05C4084
:2045F1006168D75FD5FE9FD5FED7201AAEF8040600B80434140032D021FCA12300F6B8020E
:20461100C8000088004C10DE17880073A8041661C9318E12A80203B8028800819800EFE356
:20463100AEF804190016A802604DDF03101AD7EFFE5400328200FEF70E5100318E1432AE5A
:2046510041510FFC5C3C00E547FE8F10209FC6FE9FC7FED734FC0089718A99300111BF0837
:2046710004714BE7AF38046C80BF3804FE3200FE200C5104ECB5AC00343804A95C7FB9EE19
:204691006C0CF6BF0804FE090CFE320C6168DD0300EFF6FE0B00714AE734FC0089718B99FA
:2046B100D78F10209FC6FE9FC7FEFED00EE1EF0073D3DF2560318E12312D16340C04316C10
:2046D100AA285C7F085CF3616E08616FBA28A9085C3F616A08616BB9D760318E1231EC343F
:2046F1000C04A95C3F03B9D7D134C6FE61E834C7FE89D7C773AF3404B80063FEEAFF73A819
:20471100005C7F085CCF0893DF09086C3008BF3404C6D7086C20EFF573D38FC7FEDF136152
:204731004861D304609FC7FE604FC6FEDE0D9FC6FED7614861D304609FC7FED7200EAF042F
:2047510004B804880575314503EE6E02FEA50EDF06E547FEEE6F02AF0604F05C4061686121
:20477100E8EE360265310303EE5B02AF000460316503EE5102AEF80404001631E503EE4536
:20479100024059FA0461F8EE3C02655C0EAF1004B808E761F8F760980371DC629802E761D5
:2047B100C8F788035C1F7065311A5C07BF48FE8802318E160450FE14A80831CE605C0798CC
:2047D1000699A808F05C806168629807DF2C8806D1DD1B716048FE895002D61417321C0040
:2047F100CEFB020454FE12301404FC60AD00CF59FA0251806F4FFEEEF000717048FE341228
:2048110004A931FE607088005CC073606163A931AE605C1E616B73A9315E6071DC6371D96D
:204831009800A912317CA800319D319E03B800AEF81631831FA80012317E441B00DC15130C
:20485100BF6AFAFECD0CFEBE0CDEA3AF3004B9A5A5A7EFF28800755C0173DD2888005C20C0
:2048710072DD21AF48FE424AFEDF19655C1E7051C05F6AFA616B616A61689F6AFA51406FBA
:204891004FFEEF6665FE950C311E12A800317E441B00DC05300D00EF04A1311EF11413F140
:2048B10001046CFA12301404FC60AD00A80014BF6AFA8800FE660C041A001215317E4361AA
:2048D100D31D40C6FE01DF05FE8E0CDD1240C7FE01DF05FE830CDF0751206F4FFEEF0BCF14
:2048F10059FA0251806F4FFE71DB9F4FFEAF48FE1204BFFF440200DC1C13444F02DF06FEFB
:20491100C201D1DF10AF48FE440302DF44AF4AFE440D02DF3C8803316A9803880291DF2959
:204931007140D0FEAF48FE444F02DF1DFEB101D1DD17AF80FEB80AAF82FEB80CAEF8040A56
:20495100001671B436D0FE71D18803708802FEC7FD8802D1DF0A510A6F4FFE9F4FFEEF1D2B
:204971004047FE02DF17FE410AD1DF0E364FFE31A30BFE480CF559FAEF03FE250C8802D12A
:20499100DF13FEC401FBF8FF4E07DF09F546FECF59FA06EF2B300001EF29AF0C04603155B9
:2049B1000ECF59FA0271704FFE300500BF48FE300040BF0604F6B804EF0CF546FEE559FAF5
:2049D100300051BF04048F59FA724C0161F8EEBB004C0661F8EEB400880473314503EEA583
:2049F10000AEF80404001631E515D2DF126371FC510961C851049F59FA304000EE8A008FE3
:204A110046FE734C07DF0FFEBF0B6C1008B9F559FAF546FEEF764C08DF13AF0004603163B5
:204A31000CF546FEFEA20B6C4008B9EF5F624C02DF3EAF48FE440D00DF1AFECF00CF59FABF
:204A510002300D00BF48FEF546FECF47FE0271704FFEEF38624C02DF17AF48FE444F00DF50
:204A71000FFED408D1DD25CF59FA08F546FEEF1C93DF19FE9600300D00BF4AFECF47FE0282
:204A9100CF46FE06EF06305100BF04048F59FA4C01DD094C06DD05A804FEF2008FFC0071CE
:204AB1008C5107DE194047FE02DF168F46FE6F59FADF0E3000205F4FFE510361E860100EF5
:204AD100D7F1EFFA2004FE5C0A8800705C1F91DF0C605CC04C40E161E8F11004D7F1EFFAB5
:204AF1002004AF74FEB800AF76FEB8024051FE05DC178803313A5C07704C03DF031004D75F
:204B11004C04F161E87060EFF4F1EFF1FE8307FEAC076168DD0300EFF6E1EEB107AF0C0469
:204B310060314308FE1D0A6C1008B9D7FE150A5CEFEFF6AF0C0460315308FE070A6C2008B4
:204B5100B9D7FEFF095CDFEFF651EF0F56FA4C06DE058F3EFEEF06AF0C0460314A5C01D72C
:204B7100120476FF440200DC2213448900DD1C448800DD17444F00DD12F05C036168DF0B38
:204B9100E15F4FFE30111061E860D75113D72004B802AF0604B8008F47FE91DD5891DD64B0
:204BB1009161F8EEE7019161F8EE26030CF361F8EE4E039161F8EEF4039161E8EE3D04FEB6
:204BD100000A61E8EE3504880270310303EE2C04311A5C074C02DD044C06DF064059FA0252
:204BF10061F871584FFE605C0E61E8FEB409CF47FE02EEAB03FEFC0961F8EEFF03CF47FE55
:204C110002EEF803FE6E0961E8EE6A0140C6FE02DF2F363EFE318329D546FEDD24364FFE81
:204C310031851EAF4AFE441000DD16FC5DAA00D1DF0F4059FA02DD1B364FFE31D315EE3543
:204C5100018F59FA4C02DD06364FFE31D511D546FEDD0CF546FEFE4E099F4EFEEE170136DE
:204C71004FFE31D503EEFA008F46FE700CF04C02DE76FE8508E1FE7AFAAF4AFEF05C03FEE2
:204C910074068F4AFE705CC04C80DF0BFE5109DC19CF47FE11EF13605C1F318E148F53FE6E
:204CB100FE2C0930A8FEFC60AD00F54EFED9C7FEE1FEFCF9FE12095CF108B9AF4AFEF05CB4
:204CD10003440002DF08AF0004086C05EF06AF0004086C0708BF00044047FE1161F8EE9507
:204CF10000CF47FE03EE8E00600CFC4C0361C8EE8400FE0508F1FEFAF9FEA608AF4AFE121C
:204D110060705CC04C80DF16364FFE31C30BFECF08DC2BCF47FE11EF25FE5B07EF204C4043
:204D3100DF15605C1F318E148F52FEFEA108308CFEFC60AD00EF07F552FE13BF1004FE88D0
:204D5100085CF108B9D9C6FEF1FE64F9FE7A086C0108B94047FE1161E8CF47FE03F54EFE5E
:204D7100EF144C02DF0671584FFEEF0AFE4B07FE1108CF47FE138F47FE4C03DD074C11618A
:204D9100E8EE7802AF48FEBF4CFEEE6F02FE320861E8EE6702880270310303EE5E02CF47E8
:204DB100FE025C0EDF74AF4AFE12F05C036168DF08510A6F4FFE9F4FFE4059FA02DF0BAFEC
:204DD10048FE44050061F8F559FAAF48FE440D00DF1213440300DF0CCF59FA03FEDE07F519
:204DF10046FEEF2C8F46FE4C04DD044C10DF14F546FE364FFE31A318FE6805D1DF12FEA17C
:204E110007EF0D5104FC8CAC00FEB107CF47FE0471084FFEE54EFEEE860160311A5C07733A
:204E31004C02DD044C06DF4C364FFE318546AF4AFE14F05C036168DF3BAF48FE16F05C039F
:204E5100616861E8EE2D0117444F00DF0E15444F00DD0844100061E8EE190117448800DF88
:204E71001315444F00DD0D448800DD0844100061E8EE0001AF4CFE440D00DF0EAF4AFE44CD
:204E91000300DF06CF59FA05EF32634C02DD044C06DF1E364FFE318313AF4AFE16F05C034A
:204EB1001417444F00DD05156168DD05FEF806EF0593DD1251109F4EFEFEE60671084FFE13
:204ED100F546FEEEDA00343404A90400016C08B9EFE24059FA02DF09FEC006FE6401EEF620
:204EF10000FECA0661E8EE1301FEAF068F46FE4C11DD044C05DF055112EEDB005107EED647
:204F110000FEBE0661E8EEF300880270310303EEEA008F4FFE7371EB9F4FFECF47FE02607E
:204F31005C0EDF248F6AFAFEF305041A0012AF6AFA317E4361D30C5104FC8CAC00CF47FEF8
:204F510012EF45E54EFEEF4060311A5C074C02DD044C06DF2F63310523AF4AFEF05C03619A
:204F710068DF19AF48FE12F05C036168DF0613444F00DF08F559FAFE4306EF24FE28069FC2
:204F91004EFEEF04CF4EFE104047FE02DF128F4FFE71AC718B9F4FFEF546FE61C8FE0206D5
:204FB100FEDA05E1FE09F7E6BF0404EF4FFEC505DF4A364FFE31E32BFEF305DD06FE140596
:204FD100D1DD39FED5054059FA02DD08FE0505D1511061E8FED0059F4EFEF546FEFEC20548
:204FF100EE1AFC4059FA02DF0671684FFEEF0DFEA905FEE503FE8B05CF47FE11A800BFC490
:20501100FE1004D7C1AFC4FEF05C806168DF0FFE6305DD0AFE6605E1FE95F6E1C6D7FEB392
:2050310004D1DF1BAFC4FEF05C806168DD11FE4405DF0CD9C6FEF1FE76F6D9C7FEEFD8F11C
:20505100C6D7AF4AFE1204F9FF61F8EEBA0004FFFF61F8EED100B144030061D8EEF7000468
:20507100FCFFDD7F04FCFF61F8EE280104FFFF61F8EEA10104FEFF61F8EEA90104FEFF611A
:20509100F8EE230104D5FF61F8EEBA0004FFFF61F8EEE20004F3FF61F8EEED0004CCFF6197
:2050B100F8EE160104FFFF61F8EE1E0104FEFF61F8EE26010479FEDD3F04BEFF61F8EEC8A4
:2050D1000004C9FF61F8EE21010479FFDD3204BEFF61F8EEB30044370061F8EE230151808D
:2050F100EE5401AF48FE44030030030061E8300500609F59FA5180D7AF48FE440302EF4CFC
:20511100AF48FE440303EF44AF48FE44410061F8EE220144040061F8EE1A01441000DFBE8D
:20513100FE4A0461E860D7AF48FE44440061F8EE030144040061F8EEFB00441000DF9FFE70
:205151002B0461E860D7AF48FE44420030030061E830100060D7FE090461D8EED7001344C1
:205171000C0061F8EECE0044100061E8EE6FFFFEFB0361E860D7FEE90361D8EEB700134469
:205191000C0030800361E860D7134248FE30130361E860D7F2308100FEB90361E8EE950035
:2051B100FEA70361E860D7F2308F00FEA60361E8EE8200FE940361E860D7F2308500FE9358
:2051D10003DF72FE840361E860D7F2304500FE8303DF62FE740361E860D7F2308700FE732A
:2051F10003DF52FE640361E860D7FE6C03DF045113EF44E2308700FE5A0330031061E860BE
:20521100D7FE5503DDE95202308700FE460330031061E860D7F2308200FE3803DF17FE297B
:205231000361E860D7F2308C00FE2803DF07FE190361E860D75103D7C7C16291DD1191302E
:205251001000DF14A8006C03B800301003EF09A8006C02B800301002B80262FE8AF44C023A
:20527100FBF8FFDF16AF48FE614902E361E8F3614900E161E8F1616B1004D7F11004D773AB
:20529100FEC1025CCF08B9D361F8D7A9086C3008B9D7C7510A5F4FFE9800340E04327E000C
:2052B100A96C80B95400FE8702F559FAE547FEC0C151F55F4FFE6160609F4FFEC6D7AF0E68
:2052D10004F05C80D7AF0004F1085C1008D7D1DF0D340C04A95CFC085CFE08B9EF10340CBB
:2052F10004AA326CC0BA32A9086C0108B9D7343E04A95C3FB9D7440000DF08340C04A95C31
:20531100FCB9D7440003DF08340C04A96C02B9D7340C04A96C01B9D7D1DF08340004A95CF8
:20533100FBB9D7340004A95C0FB9A96C54B9D7AF000431AE605C01D72004AF54FEB800AF21
:2053510056FEB802445B04DF178801317312314A5C074C05DF0A8800D1E161E8F11004D7DF
:20537100F1EFFA2004AFA8FEB800AFAAFEB802445B04DF33880131732E314A5C074C05DFE2
:205391002688004C11DD144C13DD104C15DD0C4C21DD084C22DD044C25DF03E1EF065C3014
:2053B100E161F8F11004D7F1EFFA2004FE7601445B04DF23880131731E314A5C074C05DF55
:2053D1001688004C23DD044C24DF03E1EF064C26E161E8F11004D7F1EFFA20048F6AFA75C8
:2053F100FE3A0112AF6AFA317E2312441B0061C8321A0065718A71DB9F6AFA13A1B800A1CA
:20541100312EF1146298020C025C0361E8A5AF4AFE31BD31BE16644C08320070DE05318EDA
:205431001231CC17616B08616A086C80FEC0001231BCAF6AFA317E036C80BF1204FEBA00A7
:205451008F6AFAFED700311E6077880231051167318E12A800311E0301046BFA14CA000002
:20547100675002D612A800311E1413046CFA3214041004EC60AD0051C05F6AFA9F6AFAAF15
:205491004AFE6C805C80085C1F08BF1004AF6AFA317EBF1204441B00DC12FE7600FE6700D0
:2054B100DE09A9BF3004A5A5A7EFF2D7A1311E14321404306CFAEC60AD00FE3D00AF48FEA2
:2054D1006C905C90085C1F08FE2400A131BD6C84BF1204D74059FA02DF08AF48FE44050041
:2054F100DF0B8F4FFE316305315A5C01D7E1D7BF10048F6AFA311A318ED7F614320E0030A4
:205511001404FC96AD00D7AF6AFA317EA1311E121743D7F616BF320400346CFAD7311A5C3E
:205531000F501AD6D7AF70FEB804AF72FEB806D73046FEFC82AD005400320601306AFAFCEB
:2055510082AD00D7340C04A908D7AF48FE440400308003D7FEE1FCD1D7AF48FEF05C036179
:2055710068D7AF48FE1204FDFF440200D730800340C6FE02D7A804F05C806168D7E6FE2FFC
:20559100F1E0D7D9C6FEF1FE26F1D9C7FEE1FE1FF1340004A9086C0108B9D75104FCB5AC82
:2055B10000D7F6FE50FDD7AF4AFEFEB3F5D78FB121318E125104FCEDAC004C02D7F6BF4839
:2055D100FED7A804FE3DFAD1D7340004A908D7318E1231CD05BF1004311CC3C4321404D700
:2055F10051E15F6AFA9F6AFAFEEFFDAF6AFA317E441B00D7AF0C045C03085C01086168D795
:2056110054003209003056FAFC82AD00F6BFD0F9BFCEF9CF56FA1171483EFED7C78F58FA97
:2056310070818F59FA9801DF06CF56FA16EF568F59FA734C01DF0951035F57FA91DD05632A
:205651004C06DF05FEF41BEF3C4C01DD0D4C05DD09604C11DD044C22DF114056FA1ADD0BCF
:20567100404CFA0BDD05FE701BEF1A604CFEDF09FEC51FCF56FA1CEF0C634C08DF07FEB718
:205691001FCF4CFAF08F56FA735CF098004C10DF05FE6601EF5F4C60DF05FE5418EF564C21
:2056B10050DF08FE921FFE2B18EF4A4059FA02DF29AF48FE440D00DF21634C26DD084C3957
:2056D100DD044C3ADF05FE101BEF0FFEFF1E5103FEB31ACF56FA1BFEE01E88000CE0DD0D79
:2056F1000CF0DD0E4C10DF0DFE7F0FEF08FEDB02EF03FE4305D559FA61E8EEA00088014C00
:205711000261E8EE970051C15F87FB73AF48FE14607061015C3E616B9F87FB603173473104
:205731006310FEEB1FBF86FB513F5F87FB9F87FBEF6B15F05C036168DF0FFED31F128F50B5
:20575100FEFED31F3054FEEF0DFEC41F128F51FEFEC41F3070FEFC60AD0051406F87FB7180
:20577100FB9F87FBEF37AF6AFA317E12FEA11F03BF86FB51806F87FB71EB9F87FBDB9A202D
:20579100C0C3AF86FB5C0143DB84FB61D304A800EF01A1311E14306CFAFC60AD004056FA48
:2057B10041DD0A5105FCB5AC00715849FA8F56FA0CEFDD420CFEDD3E0CF0DD1D0CE2DD19F9
:2057D1004C10F1DF128FA821318E125102FCEDAC00D1300103DF1CC6D78F59FA6F58FAF138
:2057F100DFF536D1FE51033183ED3003205F49FAE1DDE460EFE15107EFDD8F56FA0CEFDD28
:20581100580CFE61F8EE28019161F8EE98009161F8EEAE019161F8EE8B010CFC61F8EEAD4E
:20583100009161F8EE0E019161F8EE3F019161E8EE9701D546FE61E8EE8F014058FA0F6116
:20585100E8EE8601F558FAFECC1DFC60AD00304F00FEBA1DCF56FA1CD78F58FA4C01DF0828
:20587100F558FACF56FA13D74C02DF1BFC654600FCFF5200E15F3EFEFC905200F558FAFEEC
:20589100551DCF56FA14D74C19DF0BFC654600E1FCDF5200EFCA4CF261E8EE2D0171584012
:2058B100FEF1EC40A600E7FE4C1D61E8EE1B01FE081DFE291DDC12CF56FA21FE211E9161B1
:2058D100F8FE131DF1ECB5AC00CF56FA31D7FCD65200616861E8EEF1004046FE0761F8EE45
:2058F100E800FEF91CDE144058FA22DD0E8FAA21318E12FE001D61E8EECF00E15F3EFEFC47
:20591100905200F6BFD0F9BFCEF9BF5CFA8F3BFE4C21DD044C11DF05F1FC8CAC00FE9A1C4B
:2059310071483EFEF558FACF4CFA0BCF56FA11D7CF47FA03D7D546FE61E8EE8D004059FA99
:2059510003DF18F6BF5CFACF4CFA0AFE901C30210061D8303100609F56FAD78F3FFE312A30
:205971005C034C0361F8EED218EE6D184059FA02DF58AF48FE444F00DF1BFE1D1A91DF0CC5
:2059910071084FFE304F00FE841CEF15FE0B1A4C03DD07EF0C448A00DF07FE091CCF56FAC8
:2059B1001DF559FAD7FE58FCFE221CFE191CFE091CD53BFE61F8FE081CFC894600CF56FA43
:2059D10015D7FC934600CF56FA11D7C78F56FA0CDFDD4891DD5C9161F8EE90009161F8EE2E
:2059F100E1009161F8EE59019161E8EE1C024059FA0261E8EE2702FE051C61E8EE3502FE1D
:205A1100B81BFC28A80051C05FCDF94CC061E8EEFA018FCBF95064D6EEF401FCCF52006124
:205A31006861E8EEE401E1FCDF5200CF56FA22EED801363EFE31B318DB9C21FEB81B61E89B
:205A5100EEC701FE741B715840FEF1C6EC40A600FE841B3640FE71D461D8CF4CFA287158CD
:205A710040FEFE5C1BCF56FA23EE9E014059FA02DF2EAF48FE44410061E8EE8501FE3A1B67
:205A91003002F35F3FFE9F3FFE8F50FE9F45FAFEEE1BCF4CFA06CF56FA24F559FAEE6A0197
:205AB100DB9821FE501B61E8EE5F01FE0C1B8F3FFE312A5C034C0361E8EE7801CF4CFA2959
:205AD100EE47014059FA02DF1D4058FA0461E8EE3001FC189400D161F8EE2601CF5AFA42A4
:205AF100F54EFEEE3401D546FE61E8EE1C014058FA04DD09405AFA4261E8EE0D01E552FEF8
:205B1100AFCEF9BF8CFEAFD0F9BF8EFE304200BF4AFECF46FE06CF56FA25FEE81B04C6F958
:205B310012045F001413045C00B800895CC04CC061E8EED500C4C5A5506489D6C6EC68A8E0
:205B510000D546FE61E8EEC1008F4EFE4C0361E8EE8600FEE21AF55AFAAF48FE440300DFDE
:205B710022FE731AFE9E1B0425FA14895CC04CC0DD07308813FC68A800E54CFACF56FA269D
:205B9100EE870051705FC9F9308813DD1451C05FCDF94CC0DF088FCBF95064D6EF03FE4F9C
:205BB1001BFC68A800AF48FE440400DF06CF4CFA02EF14CF4CFA0351705FC9F9DD068FAD58
:205BD10021FEC91AFE101A51705FC9F9DF4CCF56FA235102C6EC8CAC004C11DF1DFC1894FD
:205BF10000D1DD1E40D2FE2261E8CF5AFA42F54EFECF4CFA18F558FAEF204C10DD044C801B
:205C1100DF04C6EEC2154C07DD2AC6D7FEE11AFC68A800F559FACF4CFA07C6EE4816DB9622
:205C310021FED219DFE4FE91198F3FFE312A5C034C03DDD6C6EEA1158F56FA0CCF75318EFE
:205C510012654C0E61C8EE7D011312490022311C9EFC79E42161CBFCCF5200616861E8EE8F
:205C71006401E1FCDF5200FE57198F3EFE705CE04C80DD283649FA31A522363EFE31C30D06
:205C91006071DA5C3F9F3EFECF56FA3BD7CF46FE11300D02BF4AFECF56FA3DD76071FA5CDD
:205CB1009F9F3EFECF56FA32D7D546FE61E8EE1501404EFE03DF13FE1D1951206F3EFE5C9E
:205CD1002F9F3EFECF56FA3BEF3C4059FA02DF0FAF48FEF05C036168DF05FEEB14EF27514C
:205CF100806F3EFE5C9F9F3EFEFC5A4B0091DF12CF46FE0871483EFECF56FA3ECF4CFA0EDF
:205D1100EF04CF56FA32F559FAD78F59FA4C04DD074C0961E8EEAE00F559FACF56FA32D74F
:205D31004059FA0261F8EE9F148FAE21318E125102FCEDAC009161F8EE8B00FE7C18FEA712
:205D51001961E8EE80008F45FE4FBD21DE16FE3E15304F02FE6B19CF56FA3CFE8A19DF66DA
:205D7100A045FED7EEF014D546FEDF5A51E05F3EFE4C80DF06CF56FA32EF364C60DD324C1A
:205D9100A0DD2E4059FA02DF1A404EFE03DF14AF48FE444F02DF0CFE2018FC379400F55977
:205DB100FAEF0E8F4EFE4C04DD044C1261F8FEA6144059FA0261F8EE0E14FE2B19DF07FE3C
:205DD1001518CF56FA3BD74059FA02DF1AFC189400D161F8EEF1134058FA0361F8CF5AFAF1
:205DF10041F558FAEE7F14D546FEDFDAFEE618CF56FA34D7D546FE8F4EFE61E8EE83004C97
:205E11000761F8EED3134C10DF25364FFE31B31CFEC4178F57FA735C0370635CFC0C046133
:205E3100689F57FAF558FACF56FA35D7EE99134C11DF1FFC189400D161F8EE8B134058FAA2
:205E510003DF06CF5AFA41EF04CF4CFA1BF54EFEEF8F4C03DD144059FA0261E8EE67FFAFE2
:205E710048FE44420061E8EE5CFFAF54FEBFCEF9AF56FEBFD0F9CF4CFA04F559FACF56FA21
:205E910036D791DF2251F35F3FFE9F3FFE51035F57FA9F57FAF54EFEF558FACF4CFA10F500
:205EB1005AFAF1ECB5AC00FE35184C0261E8EE15FFFE13178F3FFE312A5C034C0361F8EE17
:205ED1005813EE14134059FA0261F8EEFA128FAC21318E12FE1F17DF13FEDE168F57FA31F3
:205EF1002A4FBC2161E3EE8900EE2E13FEF0174C0261E8EED0FEFECE168F3FFE312A5C0391
:205F11004C0361F8EE1313EECF124059FA0261F8EEB5124058FA03DF08F558FACF5AFA411B
:205F3100D7D546FE61E8EE9DFED54CFA61E8EE95FE51F85F4AFA4C18DF0AD55AFADF053033
:205F51000300EF0A4C2030040061E8300C00BF4AFECF46FE04CF56FA38D74059FA0261F8D5
:205F7100EE6512405AFA41DD094058FA0361E8EE54FECF56FA33D7D546FE61E8EE47FE8F85
:205F91004EFE7391DF28AF4AFE440300DF0AE54CFACF56FA39EE92006391DF12AF4AFE444F
:205FB1000200DF0ACF4CFA1ECF56FA39EF7C630CF04C02DE2CAF4AFE14440200DF1E634C3B
:205FD10011DF0CF54EFE300702FC427700EF5815440200DF07300102FC427700FEE911EF2E
:205FF10049FC189400D1DF15CF56FA37FE6116DF06CF4CFA02EF33CF4CFA03EF2DAFC8F94D
:20601100BFD0F9AFC6F9BFCEF9FE4416DF0DFC228E004C04DF05FEC011EF0FFE3216510269
:2060310061E851039F4CFAFE3C12F558FAD74059FA0261F8EEA211D546FE61E8EE87FD40C0
:2060510058FA0661E8EE7EFD300600FEC015CF56FA3AD74059FA0261F8EE7D11D546FE6108
:20607100E8EE62FD404EFE01DF0AF558FAFC28A800EEF211EE6211AF48FE1204FEFF61F89E
:20609100EEEB00B144020061D8EECB0104FDFF61F8EEC30104FFFF61F8EEE60004FFFF618F
:2060B100F8EEF60004FFFF61F8EE010104FFFF61F8EE280104FFFF61F8EE3F0104FFFF614A
:2060D100F8EE930104FCFF61F8EE8E0104FFFF61F8EEB60104FFFF61F8EE660204FEFF614D
:2060F100F8EE830104FEFF61F8EEC70104D5FFDD6504FFFFDD6E04FFFF61F8EE110104FF50
:20611100FF61F8EE510104FEFF61F8EE1B0204F7FF61F8EE210104CCFF61F8EEE40104FF10
:20613100FF61F8EEE40104FEFF61F8EEAD0104FEFF61F8EE260204FFFF61F8EE48024401E5
:206151000061F8EE5D0213F05C03616861E8EE12015110EEA701FE8514DCF6CF56FA23CFA2
:206171004CFA19D7FE7714DEE8CF56FA34D7FE6D14DCDECF4CFA17FE5D14F559FACF56FA24
:2061910026D7FE5914DC0E36C9FE31E5C45141FE340FEEC201FE3D15EFCFFE4114DE0636C6
:2061B100C9FE31E5AC5144FE1C0FEEAA0136C9FE511031D514FCA1930091DF0BD55AFA5151
:2061D10003DD06510CEF025104FEBA0F36CEFE31F303EE820171607EFBEE7B01D54CFA6194
:2061F100E8EED701F559FA36CEFE71F461D871607EFBCF4CFA09CF56FA43D7D54CFA61E8F3
:20621100EEB801F559FACF4CFA08CF56FA43D78FC9F9314A5C0791DF4AAF56FEF05CF044BC
:206231000080DD0D440050DF3AFEAB13E1FC295300CF56FA51EF2CFE60114C01DF0C304F70
:2062510000FECA13CF56FA44EF194C02DF15FE8613CF56FA4DEF0CEE6E0F40C6FE0161F8DE
:20627100EEEEFEF559FAD7D5142061F8EEE2FE40C6FE0161F8EED9FEFE631361C8EED1FE67
:20629100FC329600308C00EEC700FE5113DC0936C9FE31E303EEB9FED5112061F8EEB1FEBC
:2062B10040C6FE0161F8EEA8FEFC849400308100EE9E00FE2813DE0936C9FE31E303EE90D8
:2062D100FED5162061F8EE88FE40C6FE0161F8EE7FFEFCF19400308F00EF76D5152061F806
:2062F100EE6EFE40C6FE0161F8EE65FED56CFADF06FC3C9500EF04FCE395005187FE860EC6
:20631100EF55D51220DF0BEE47FED5132061F8EE3FFE40C6FE0161F8EE36FEFEB912FE85AC
:2063310012F559FACF56FA43D740C6FE0161F8EE1FFED54CFA61E8EE8100F559FA71607EE6
:20635100FBD740C6FE015110DDB3FC589200308200BF4AFEFE8D12CF56FA44D740C6FE01E9
:2063710061F8EEECFD365FFA31B303EEE3FDF559FAFE3212FE6712DE08F1FC2AAA00FE569C
:2063910012CF56FA4ED740C6FE01DD0E365FFA31B508F559FAFE0E12EF095110FEE70DCFA9
:2063B10056FA4440C6FE0161F8EEA5FD365FFA31C303EE9CFDF559FAFEEB11D72008F55EA9
:2063D100FA8F5AFA704C4161F8EE26028F58FA734C0361F8EE1B024C04DF17FED912DD0B45
:2063F100AF4AFE44420061F8EE2D02CF56FA24EE2602604C42DF07CF4CFA16EE1A02634C88
:206411000BDF06300A00EE2C014C0CDF06300900EE22014C0DDF06300B00EE18014C05DFEF
:2064310006300700EE0E014C0ADF06300800EE04014C13DF06FE900DEEDD014C0EDF25E6BC
:20645100A1FECA11CF56FA3840C6FE0261E8EEC701FE8A1161C8EEBF01CF5EFA38CF56FA67
:2064710045EEB4014C14DF06301000EE76014C23DF19FEBD1191300D0261E8300D03FE416E
:2064910012CF56FA4AF553FEEE8D014C0F61E8EE8900FE9D114C01DF0D304F02BF4AFECF57
:2064B10046FE10E3EF0E4C02304F03DDEF304F00FE5B11F3AF82FB14312E6071FB1852FE4C
:2064D10063318E321C00CEFB021215311EF1085CFE0814130446FEB800044600B80612AFAF
:2064F10080FBFC60AD00A80614A9B802A80004480014A9B8048802735CC061E8EE1901AE5D
:20651100F80403001631F303EE0D01635C1F4C0661F8EE0301A046FEEEFD004C12DF06FEA7
:206531001D11EEF3004C15DF05301100EF074C1FDF08301600BF4AFEEF5A4C1ADF123083CD
:2065510000BF4AFE51806F6AFA318EFE7C11EF444C1BDF05308400EFE84C16DF2AAF6AFAAE
:206571006C015C01085C7F08FE5F11FEC4104C01DF09308602FE4A11EE9D004C023086033D
:20659100DDF3308600EFAE4C18DF0F301200BF4AFEF552FECF46FE05EF7E4C1CDF053014D2
:2065B10000EFEB4C17DF1B40C6FE02DF65F6BF8CFED951FA8F52FABF8EFEE552FE30460015
:2065D100EF224C30DF23FE69104C01DF10308802BF4AFECF46FE1071204FFEEF3B4C02DD51
:2065F10037308800FE2710EF2F4C32308B00DDF4EF26CF56FA3340C6FE02DF1CFEDF0FDE0C
:2066110017F1FC2AAA00FECE0F8F56FA9F5EFAEE4BFEF552FAF558FA1008D7F55EFAAF4AEC
:20663100FE04F7FFDD1E04FFFFDD1304FFFFDD1A443700DF34CF58FA04CF56FA24D7CF5877
:20665100FA0BEF0ACF58FA0CEF04CF58FA0DCF46FE05CF56FA4240C6FE02DF0DFE7F0FDE08
:2066710008CF5EFA42CF56FA46D78F56FA0CBFDD759161F8EE5F029161F8EE14059161F84C
:20669100EEC5059161F8EEAE019161F8EE13020CFC61F8EEAD069161F8EE12079161F8EEF2
:2066B10027049161F8EE2A079161F8EE90079161E8EE1F084059FA0261E8EE0908AF48FE65
:2066D100125CFC44890061E8EED20740C7FE0261E8EEE607365FFA31B303EEDD07FEC60E1D
:2066F100F559FAEED4074059FA02DF76FEC80FDF32D558FADD0BD55AFADD06CF56FA45EF3A
:206711002DFE73F98F49FA705C0391DF07605CFC709F49FA605CC04C40DF13605C3F9F49D2
:20673100FAEF0BFE940EF6BF5CFACF4CFA1571084FFE8FD2FE4C2161E8FE2E0FFC405300DA
:20675100D161E8EE80008F56FA4C26DD794C1ADD754C43DD714C4DDD6D4C4EDD69FE5A0E3B
:20677100EF64D546FEDF5FFE52FC8F46FE70D18F56FADF0A4C45DF4A71084FFEEF484C1B18
:20679100DD1A4C4ADD164C4BDD1240C6FE02DF0CFE4B0EDE0760FE120FFE3B0E4056FA411E
:2067B100DF2440C6FE02DF0BFE330EDE06CF56FA45EFC5FE7C0EDF06CF56FA42EF04CF56B4
:2067D100FA4C71004FFE4056FA41DF43DB5CFAFE240EDF3BF6BF5CFAFE40FED546FEDD1ADF
:2067F100F54CFAFED40D40C6FE02DF0EFEEF0DDE098F46FEFEB40EFEDD0D8F56FA4C41DDD6
:206811000E4C46DF0671084FFEEF0471004FFE8FB821318E125105FCEDAC004C0261E8EEC2
:20683100B106AF5CFA616861E8EEA7065105FCB5AC00715049FAD7FCE55400D1DF348FB2F6
:2068510021318E12FEAF0D61E8EE8706FE6B0D8F5BFA9F46FEF55BFAFED70DDF0C8F5EFA7C
:20687100D1DF63CF56FA42EF04CF56FA4C71004FFED7FE450D8F58FA4C03DF06CF5AFA41D7
:20689100EF0A0CF54C0361D8CF4CFA188FD2FE4C2161E8FED40DF558FAF546FEF55BFAEE8C
:2068B100C409FCE55400D1DF228FB221318E12FE440D61E8EE1C06FE000D8F5BFA9F46FE46
:2068D100F55BFA8F5EFA9F56FAEFA2FEEC0CF546FEF55BFAEF36D546FE61E8EEF505F558C1
:2068F100FA8F4EFE4C8061F8EE4D044C1061F8EE46044C11DD044C13DF1FAF4AFE1204F6C3
:20691100FF440200DC061344090061F8CF4CFA188FD2FEFE540DEE4D094C12DF1EFE7C0D75
:2069310061D8713049FA13440B0030050BDD058FD2FE5005FC427700EE2B094C0361E8EE94
:206951001A01D54CFA61E8EE1201F559FAAF48FE440300DF18E54CFA51030F4AFEFEF70C54
:2069710061E8EEEB00E1FC40A600EEE300440400DD05441000DF1DFE220D61D8713049FA8C
:2069910013440B0030030B61F8EEC0008FD2FE5003EEB800440C00DF108FAF21FEEE0CFE53
:2069B100350CCF4CFA03EEA700444100DF1E8F50FE9F45FA5002FEC70CFE220CDC08CF4C4D
:2069D100FA06CF56FA24300007EE8000444400DF198F50FE9F44FA5002D614320AFA30548E
:2069F100FEFC60AD00300008EF62444F00DF19F1FE590BD1DF0D30072FFC427700CF59FA1E
:206A110002EF4D30002FEF44448100DF05300011EF3A448F00DF05300016EF30448500DFBE
:206A310005300043EF26444500DF05300044EF1C448700DF05300046EF12448200DF0530CC
:206A51000012EF08448C00DF07300014FC4277004056FA4261E8EE7A04EE0A084C01DF3B7F
:206A7100AF4AFE444F00DF0AF0512FFC427700EEF407444600DF1871504BFA8F8FFE9F4FF3
:206A9100FA7CFF5F52FA9F52FAF551FAEED707448800DF04FEDA0BD7EECB074C1361E8EE0F
:206AB1003104AF4AFE444F00DF0730072FEC42770044880061E8EE1A04300748FC427700C0
:206AD10051076F5FFA9F5FFAD7D546FE61E8EE0204F558FA8F4EFE7391DF25AF4AFE444FAC
:206AF10002DD05444F03DF0AF0512FFC427700EE8E0044880261E8EE8600FE740BEE80000B
:206B11008FD2FE704C46DD044C2FDF49634C11DD044C13DF0660FE510BEF654C12DF0960E6
:206B31005005FC427700EF584C03DF1D604C2FDF0EE1FE170AD15007DDAFF559FAEFA9F557
:206B510059FAF0FC427700EF374C10DF3360E0FC427700EF2B4C48DF27634C11DD044C13EF
:206B7100DF0B60FE040B51076F5FFAEF104C10DF0F60E0FC427700E16F5FFA5CF99F5FFA59
:206B91004056FA4F61F8EE4A03FEDA06F6EC0753004059FA02DF16300745FC427700300765
:206BB10025FC427700FE2006715848FAD7320C00FE430A61F8EE7B02D546FE61E8EE130331
:206BD100D55AFADD2351F85F4AFA4C20DD1A4C80DD16AF48FE440A00DF0E715848FA510CD5
:206BF100FEA305CF56FA44D78F58FA4C1DDF26308500FE190AAF6AFA6C04086C80085C04A0
:206C1100BF6AFAAF80FB340500326CFAFC60AD00F575FAEF194C1EDF1D304500FEEF09EB14
:206C310080FBA9BF8CFEAA02BF8EFEE552FEFE8909CF56FA44D74C1061E8EE9602715848A4
:206C5100FA8F4AFA313AEF98D546FE61E8EE83028F58FA4C1DDD1C4C0FDD184C08DD144C6B
:206C710014DD104C1EDD0C4C10DD084C31DD044C3261F8F558FA8F4EFE4C0161E8EE9800FB
:206C9100300045FC427700300025FC427700300010FC427700300004FC42770030002FFC76
:206CB100427700300049FC427700300032FC427700AF4AFE12440300AF48FE14DF17440929
:206CD1000061E8E54CFA600C03FE8B09DF26E1FC40A600EF1F13440C00DF0C15440900DDCB
:206CF10013CF4CFA03EF0D1504F6FF44020061D8CF4CFA024056FA6161E8FE690530F7FFEC
:206D11000248FE44020061C8EEC801FE420961E8EEC001713049FAD74C13DF1CAF4AFE4463
:206D31004F00DF0530072FEF08448900DF07300789FC427700EE2E058FD2FEE0FC42770075
:206D5100EE8504D546FE61E8EE8801404EFE03DF1AFEDE089161F871483EFE30000DFC420C
:206D71007700F559FAF558FAEE53014059FA02DF0FAF48FEF05C036168DF05FEE804EF1E4F
:206D9100363EFE319306CF4CFA14EFEFFC5A4B0091DF08FEA908F559FAEF03FE3B0430012F
:206DB1000DFC427700F6FC075300F558FAD78F59FA4C04DD074C0961E8EE17014C04F0613B
:206DD100E8E05161FC427700FE6D08FE9804F54CFAD78F4DFA318E12FE1B08DD564059FAC6
:206DF10002DD508F58FA4C08DF12FECD07300400FE1B08CF56FA4471084FFED74C14DF08BF
:206E1100FEB707301000EFE84C0F61E8EEC400FEA807FE1D08DF15304F00FEF10771084F37
:206E3100FECF56FA44FEEE07EC60AD00F558FAE0EE36FCFE8407FE2D04715848FAD7FCE532
:206E51005400D1DF448FB221318E12FEA807DF05FE8B07DC05FE8607DC798F58FA4C31DF87
:206E710012FE5607308900FEA40771004FFECF56FA44D74C14DF5CFE4007301000FE8E0787
:206E910071084FFECF56FA44D7FE2E07FED703300749FC427700300710EC42770051F85F0D
:206EB1005FFA7513441000DF0B656C039F5FFAF559FAEF06656C079F5FFA71284FFEF6FCF1
:206ED100075300EEA0038F5FFA705C07DD05605CF8EFE4D74056FA51DF168FA821318E12BC
:206EF100FE1307DF0BFED206F1FC295300EE7603D78F56FA0C9F75318E12654C0D61C8EE5D
:206F1100C3011312492822311C9EFC790E2261CB51035F57FA4C01DF12FEC206DC08FEB688
:206F310006CF56FA6AD7CF56FA67D74C02DF133649FA31A305CF56FA63D7FE9A06CF56FAD5
:206F510066D7FC2E4B00300009FC42770071207EFB71084BFAF545FEEF6B4059FA0261F838
:206F7100EE76024058FA0661E8EE5901300600FE9C06CF56FA64D7D546FE61E8EE4601FEAC
:206F91008406DD41EE52024059FA02DF1CD54CFADF17FE2506F559FAFE6406DF09CF4CFA7F
:206FB10007CF56FA65D7EE30028FA921318E12FE440661E8EE0E01FE0006EE1C02D54CFA5B
:206FD10061E8EE000151FC5F57FA9F57FAEE96024059FA02DF2AD54CFADF25FE2106DF1D17
:206FF100FCDCA900D161F8EEDB00FECD05FCBBA500F559FACF4CFA07CF56FA6BD7EE3B02F0
:20701100DB9221FEF00561E8EEBA00EE2D024059FA0261F8EE24024058FA0661E8EEA5005A
:20703100FC444B00300600FEE405CF56FA6CD7D546FE61E8EE8E00FECC05DF0BFE5F01FE42
:207051009505CF56FA6DD7EEF1018FB021318E12FEA305DF70FE6205CF56FA31D74059FAFD
:207071000261F8EED5014058FA06DF59FC444B00FCBBA500300600FE9405CF56FA68D7D529
:2070910046FEDF41FE7F05DF08FE4B05CF56FA69D7EEA7014059FA02DF20D54CFADF1BFE28
:2070B1001805FE5A05DF10FEF400FCFF5200CF4CFA07CF56FA21D7EE8101DB9421FE3605AB
:2070D10061F8EE7601D720064C419800E661E8F6607391DF48FE0605DC43308CFEFC7B8A2C
:2070F100009F52FEAF8CFE12B802AF8EFEB804AEF80404001440C6FE02DF0AAEF804050034
:20711100167182EF0EAEF80405001671838F4EFA9F52FE13BF8CFEA9BF8EFEEF5C0942FAF9
:20713100759F52FE63318E1640C6FE02DF1D93DF067100F1F9EF2CFEB204128F3320318E4B
:20715100317D5C01085C800803EF157108F1F993DF0B8F4EFA614DDE049F52FE75FE8C04E7
:20717100BFD4F9655002D61417321C00CEFB0204D2F9328CFEFC60AD008800318EBF4AFEBF
:20719100FE61041006D74C10DF0840C6FE0161F85104318EBF4AFEF552FEFE4704D7FCA3CE
:2071B10052008F10209FC7FEE0E1FCC14600FE1004F61432060030C6F9FC96AD0051FC5F57
:2071D10057FA9F57FAD7EF11F559FAFEFF03E546FEFEE603CF56FA1BD7FE0204DC11FED955
:2071F10003E1FC40A600308813FC68A800EF03FEE5034059FA01DD17CF46FE078F3FFE7328
:207211005CF370635CFC0C045C0C61689F3FFEFEBB03F559FACF56FA1AD7364FFE31930665
:20723100CF4CFA29EF02EF13FCA35200FE8B03FE9503CF47FA03CF56FA13D7FCA35200FCF0
:20725100FF5200FE7B03FE7103F1FCB5AC00CF4CFA0DCF56FA12D751A06F3EFE71EB9F3E91
:20727100FECF56FA32D7E1FC2AAA004059FA0261F8714849FA3649FA31C3085105FC8CAC3D
:2072910000EF04715049FAF54EFECF56FA41D7E553FE40C7FE0130018061E83001A0BFA800
:2072B100FE3000FFBFAAFED714AF54FA125C03085C80086168DD2613317E605C074C04DE65
:2072D1001C8F2F20318EB98F2C203169318E128F2E20F06C20F05C2703BA02E1D7F1D7C317
:2072F100200414F6B802B800AF54FAF05CFC12B802AEF8A1A11640C6FE02DF20AF54FA5C70
:2073110003085C80616A08616BBB8F2C2031595C607088025C9F61689802EF108803703177
:207331003A5C074C03DC05605CC79803AF1820B9ABBA02AF1C20BA04AF1E20BA06AF202005
:20735100BA08AF1A20BA0A88044C02DF488803313A5C074C01DD044C02DF2EAF30205C0768
:20737100BA0C8F2C203169318E128F2D20F06C40F05C4F03BA0EF6BA10BA1215041400FE5B
:2073910026FF0C05718B1006D715040C00FE18FF0C031006D751031006D72006AF54FEB867
:2073B10000AF56FE12B802AEF8A1A11488017731735B13445B04DF4F67314A5C074C05DF99
:2073D1000D8800FEE900D1E161F8F11006D74C06DD03F1EFF68800D1DF19365FFA31C51346
:2073F100AF3E06F05C026168DDE8343E06A96C08B9EFDF4C01DD044C02DFD73003105F5F5E
:20741100FAF1DDC760EFC4FE9C01EE9C0088005C1F4C04DD094C05DD05675CF8980188004C
:2074310098045CC0DF5C88045C1F7391DF46A94400FFDF40FC5A4B00D1DD1140C6FE02DDCA
:207451000B880471FA71EBFE6501EF16880471EA71FBFE5A01F9C6FE3090FEFE81FE819F90
:2074710052FE36CEFEE131F303EE5FFF71607EFBE1EE57FF3655FA31A313634C0661F8EE7E
:2074910050FF880471FA71EBFE2401EFE3FE1601634C04DD044C05DF09CF4DFA165102EEF5
:2074B10029FF4C0661F8EE29FFCF4DFA0CEFEE20040CFEDD170CD1DD4091DD2991DD3091F1
:2074D100DF1FAF3C06B802AF3E06EF35AF3E06F05C026168DD0B71707DFB343E06A96C08FB
:2074F100B9F11004D7F6B800AF7C06B802EF14AF7006B802AF6C06EF08AF8C06B802AF8E1B
:2075110006B800FE9300CF52FE02302450BF8CFE305B04BF8EFEA802BF90FEA800BF92FE35
:20753100E11004D72004B80013B802FE6B0088015C9F40C6FE0161E871DA9801E552FEA8C9
:2075510000BF8CFEA802BF8EFE1004D72008501CD60446FE12040E0014A9B804130410007B
:2075710014A9B8061304460014A9B8001304480014A9B8028804735CC0DD1B8801317A7020
:207591008805317A6148DF0EAEF816637D5C1FE161E8F11008D7F1EFFAF614320E00308C0B
:2075B100FEFC96AD00D771607EFB715048FAD79804A80612A804FE6BFFD75102FCB5AC008B
:2075D100D7F1FC40A600D7F1FCB5AC00D7E16F5FFA5CF99F5FFAD75102FC8CAC00D7363E55
:2075F100FE7184D7F559FACF46FE04D7AFD4F95CFE085C7F08D75102FCEDAC004C02D7AF26
:2076110048FE440600D7F558FA404EFE01D7BF4AFECF46FE04D7AF82FB12312E6071FB9F4A
:2076310052FE13311EF1085CFE0814AF80FB328CFED751035FD3FED7F558FAF559FAD7CFCB
:2076510046FE0871483EFECF56FA4BCF4CFA0ED7AF4AFE440400D75C037051FC5F57FA6131
:20767100689F57FACF56FA6190D75007FC427700D7F559FA300048FC427700CF56FA4FD71D
:20769100D6143226FA3054FEFC60AD00D7318E12AF20FE31DD31DE03BF5CFAD7CF4CFA027A
:2076B100AF4AFE1204F7FF440200D79F5BFAF546FEF1FC2AAA00D7DB5CFA5102FCEDAC00BB
:2076D100D1D7BF4AFECF46FE11D7BF6AFAEB80FBA9BF6CFAD75141FEECF9CF46FE06D7DB81
:2076F1009021F1FCEDAC00D751E05F3EFE4C20D7AFCCF9316D12AFCAF931AE035C03323221
:2077110000CEFB02D78FD1F9314A5C075004D6D7AF86FBF05CFED7318E312D5C01085CFC53
:207731000803BF86FB311EF1085CFE0814DB84FBD7734FD2FEDF03D361F8D7F5D2FE603131
:20775100295C3C7051C35FD3FE61689FD3FED75400328A0030C6F9FC82AD008F3BFE4C2134
:20777100DD044C08DF0A403AFE0461E8712049FA40D2FE8261E8F5D2FEFECE15FE1722E5A4
:2077910046FAD7FE2F0C51F05F46FA0C80DD290C70DD1B0CF0DD1C0CE0DD094C10DD0AFE9A
:2077B1006A00EF17FE3208EF12FE4C0AEF0DFE2A06EF08FEAB04EF03FE0003513F5FD1FE3C
:2077D100708F49FA7371DC6071F9724047FA02DF1270629FD1FE8F46FA91DD2C914C02DC82
:2077F10007F1D771EA72EFE98F50FA6F4CFA6F58FA6F52FAF1DF1060718C5103DC09635CC5
:207811002030030161E860D75107EFFB8F46FA91DD1D9161F8EEC7009161E8EEC0008F4CE5
:20783100FA4C2861E8EEBE01CF66FA02EE1C02D566FA61E8EEA7003650FA31830636DFFE36
:2078510031D56836DFFE31E3628F3BFE4C11DF0DCF66FA02FEF314CF46FA81EF314C21DFDD
:2078710005FE9C21EFEE4C08DF0CFEDD14FEA51BCF46FA81EF184C02DD144C04DF06CF583C
:20789100FA19EF0AD1DD07E558FACF3AFE043650FA31850C7100D0FE71007EFB710850FAA6
:2078B100515F5FDFFE9FDFFEEE3501DB9C21FEF320DD09363EFE31B303EEB50136DFFE315B
:2078D100D503EEAC013640FE31D303EEA301403BFE1161E8EE9A01FEBC20CF58FAF2D7FEF9
:2078F100F01EDF138FCBF9505CD64274FB61D307CF58FA22EEE0008F4CFA4C04DF1E8FD222
:20791100FE4C21DD055004FE27FE36CBFE71F461D871507EFBCF46FA11EEBB004C10DF0DAA
:20793100300021FE8E20717048FAEEAA004C29DF05FED820EF044C02DF06F54CFAEE970049
:207951006F58FA6F5AFA6F59FA61E8EE890040D2FE21DF06CF58FA03EF7DDB9E21FE44206E
:20797100DF18364BFA31A30971204BFAFE3E20EF66FE2220CF58FA11EF5D4047FA02DF57A9
:20799100D559FADF528F48FA31734CD552FADF3B3649FA31D31131553ED5D2FEDD39FEE88E
:2079B1001C715848FAEF30FE991991DF05FEC619EF09FE051A91DF09FE5A20715849FAEF6D
:2079D1000ED5D2FEDD11FEC01CEF0CCF58FA178FD2FE5004FE5AFD4046FA0261F8EEFEFE1B
:2079F1005103ECB5AC004C15DF08300122FE41FDEF594C06DF1ACF46FA218FD2FE5004FE8A
:207A11002FFD36CDFE31F303EED3FE71407EFBD74C16DF0CF54CFACF58FA04CF46FA22D78C
:207A31004C17DF14714047FA716048FA71007DFBF54CFACF46FA26D74C29DF0BF54CFAFC14
:207A5100E1AA00FEC61FD74C02DF04F54CFAD76F58FA6F59FA6F5AFA61E8EE81FE4047FA10
:207A71000261E8EE78FED552FADF4A3649FA31D3193648FA31D303EE64FED5D2FE61F8EEAB
:207A91005CFEFE041C715848FAD7FEB61891DF05FEE318EF09FE221991DF0FFE771F715834
:207AB10049FA8FD2FE5004EE87FCD5D2FE61F8EE2CFEEED41BCF58FA17EFE7C78F46FA0CAB
:207AD1007FDD389161F8EE82009161F8EE94009161F8EEFB009161F8EE1C014C0261E8EEEE
:207AF1007D018FB421FED31E61F8EE7201FEA61ECF58FA02CF46FA85EE6401D566FA61E8A0
:207B1100EE5C01F547FA36C8FE31F32C8F3BFE4C11DF0ACF46FA03CF58FA02EF284C21DFE1
:207B310009FE891ECF46FA87EF1B4C08DF17CF58FA19CF46FA02EF0DFED11E403BFE11DFFF
:207B5100F1CF46FA03F54CFAEE1401DB9A21FE531E61E8EE0901FE3D1E715840FEFEA01E71
:207B7100EE8600D566FA61E8EEF400D53AFE61E8EEEC00404CFAF0DD3A40D2FE8CDD343680
:207B910050FA318505D53BFEDF328F3BFE4C11DF0AFE191ECF46FA84EEC40036DFFE31F3F1
:207BB1001B4C21DD044C08DF13FE011ECF46FA82EEAC0030008CFEFB1DFE9C1AE546FA30E2
:207BD1000082FE6CFB71184FFE715840FEEE8F00AF72FB442103DC08DBA021FEC61DDF7F10
:207BF100FEB31D36DFFE31F306CF46FA81EF70FEBB1DE546FAEF688F3EFE315A4C03DC5F48
:207C1100FE371051FD5FDDFE98009FDDFE8F4EFA4C02DC395004D604302014A9165C034446
:207C31002D01DC29AA0212316C1731AE035C03449001DF19AFCAFE5C0344F100DC0FAF4299
:207C5100FE44F401DD078800719A9FDDFE51806F3EFE5C9F9F3EFECF58FA03CF46FA02C69E
:207C7100D7C78F46FA98000CDFDD309161F8EE98009161F8EE39010CFE61F8EE48019161E8
:207C9100E8EE5501404CFA0761E8EE4C01F54CFA716848FACF47FA02EE3001D558FA61E89F
:207CB100EE360136CDFE31F305FE060AEF1540D2FE2261E8EE2201EB80FBA9BFCEF9AA0285
:207CD100BFD0F936F1F931851440C6FE01DF0E7178D0F971484FFE7108F1F9EF1840C6FE09
:207CF10002DF127170D0F97100F1F93629FA7184364FFE71C1404CFA0661F8F54CFACF5831
:207D1100FA04CF46FA22EED000D558FA61E8EEC8008F4CFA4C01DF43F54CFA300022FE1060
:207D3100FA714047FA8FC9F9705C70DF096071CA5C9F709FC9F9607FD1F95C7061E87140FB
:207D51007CFBFEA01C045E0014C80023A9BFCCF913045C0014A9BFCAF9EF3E4C02DF16F53C
:207D71004CFAC80003300322FEC6F971607FFB7120D1FEEF244C15DD044C18DF0BF54CFA46
:207D9100300722FEABF9EF0E4C03DF1251EF5F47FA9F47FADF08C8000388009F46FA880039
:207DB1004C22DD3536D1F931A3277118D1FEEF29404CFA07DF23F54CFAFE1F15CF46FA2597
:207DD100CF66FA03EF13D566FADF0ECF46FA03EF0871607FFB7110D1FEC6D78F46FA0CEF31
:207DF100DD419161F8EE15019161F8EEBB019161F8EEC3019161F8EEEC009161E8EED801D1
:207E11008FAB21318E12FE9B1B61E8EECA01FE851B3648FA31E503EE9401CF66FA06CF4673
:207E3100FA13D7D558FA61E8EEAD01404CFA0461E8EEA40136CBFE31F30FFED40F313970EE
:207E510051075F4AFA6168EF258FD2FE730CFDDD0E91DD114C08DD0D51075F4AFAEF0F8F2E
:207E7100D1F9FE561A313851075F4AFA616B9F4AFA5CF861F8EE6001FE1B1B8FD1F9314AA2
:207E9100708F64FA313A61785C07DF0E605C07FE461A4CC061F871404BFA51F85F4AFA4C2C
:207EB10018DF30364BFA31C52A30327F5FCEF9D642DAFE61D31DAFD0F9BFC8F9AFCEF9BF7A
:207ED100C6F9CF66FA06FEE41A51159F46FA717848FAD7F54CFA4058FA03DF045112EFEB6A
:207EF100CF58FA10EFF6320500FEB81A61E8EEE700F54CFACF58FA10CF46FA12D7D558FAAB
:207F110061E8EED3008F4CFA4C1EDF17716048FA300002FE1BF8CF46FA16FE901A714047F6
:207F3100FAEF4A91DF39FEBC1A04260014364BFAA9BFCCF91304240014A9BFCAF971404728
:207F5100FA31C309FE661ACF46FA16EF20320500FE511A61E8CF66FA06CF46FA13EF0E40EA
:207F710047FA0161F8CF47FA02CF46FA02404CFA02DF0871607FFB7120D1FE36D1F931A344
:207F91000751FD5FD1FEEF0971607FFB51026FD1FE9FD1FEF54CFA300003FE94F7300004E0
:207FB100FE8EF730000CEE88F7D566FADF2ACF58FA06CF46FA14D7D558FADF1CFE1C13FED8
:207FD1001018DF05FEE619EF03FECA1951EB5F4BFA9F4BFACF46FA02D78F46FA0CBFDD6C25
:207FF1000CFE61F8EEB3009161F8EEF2009161F8EE57019161F8EE85019161F8EE9001911A
:2080110061F8EE94019161F8EEBE019161F8EECF019161E8EEE001D558FA61E8EED80171E3
:20803100184BFA71107EFB513F5F49FA9F49FAF6BFD0F9BFCEF9F547FA51E05F3EFE4C80F2
:2080510061E8EEAE01CF58FA03EEFA0036C9FE31E30C51806F4AFA5C879F4AFAEF30FEBEDB
:2080710012D1DF0C51206F4AFA5C279F4AFAEF1EFE8012D1300C0061F83003006073313825
:2080910051075F4AFA616B9F4AFA71104BFAF54CFACF58FA10CF46FA43D7D558FA61E8EE6C
:2080B10055018F4CFA4C01DF0FFE2519DC05FEE518EF28FEF718EF234C03DF10D55AFADFB5
:2080D1000BFE2F12D1DD14FEFF16EF0FFEF71861E85007510AFE59F6FEC218F54CFAD7D55E
:2080F10058FA61E8EE10018F4CFA704C01DF14F54CFAFEDC18DC065103ECB5AC005103EC60
:208111008CAC004C0361F8EEED008F49FA725CC04C40DF14604C02E6A161E8F660733168D4
:20813100625C3F616B9F49FAFE9B1861E85007510AFEFDF58F4CFA4C15DD084C02DD044C51
:208151001861F8F54CFAFE5418D7D566FA61E8EEA5008FAB21FE631861F8EE9A00FE36180F
:2081710071284BFA8F3EFE718C30460461C83049019F66FA609F46FA300421EEB3F58F581B
:20819100FA6F66FADF71CF58FA06CF46FA47D7D558FADF63CF46FA48D7404CFA07DF58F511
:2081B1004CFA71184BFAF547FA513F5F49FA9F49FA71107EFBCF66FA02F6BFD0F9BFCEF921
:2081D100300421FE6BF5EE7DFF404CFA07DF28D566FADF23F54CFACF66FA05CF46FA4AD707
:2081F100D558FADF12D566FADF0DCF58FA06CF46FA4BD7CF46FA85D78F46FA0CAF4C02DCBE
:20821100660CFE61F8EECF009161F8EEE7009161F8EE0E019161F8EE3F019161F8EE5A01D6
:2082310091DF43D558FADF3E8F4CFA704C01DD304C03DD328F49FA735C0391DF14604C0263
:20825100E6A161E8F6605C0370635CFC61689F49FA8F4CFA4C15DD084C02DD044C1861F8AB
:20827100F54CFAFE3717D7D558FADFFA8F4CFA4C01DF11714047FACF46FA53F54CFA3000BE
:208291000BEEADF44C03DDDE8F4BFA31330640D2FE61DF0B71BB9F4BFA300761FE92F48FD5
:2082B1004CFA4C02DF0FF54CFA71004BFA30000BFE7EF4EF184C15DD044C18DF0C30070BB5
:2082D100FE6EF430070AFEEB1671184BFAFECD164C44DF92EEC2003649FA31A310D566FAFB
:2082F100DF84FE3011FEC516CF46FA54D7FEBD16CF46FA55D7D558FA61E8EE69FFD566FAB1
:2083110061E8EE61FF8FBB21318E12FE961661E8EE53FFFE8016CF58FA06CF46FA57F54CE4
:20833100FAD7404CFA07DF18D566FADF13FE6616F54CFA712849FACF66FA08CF46FA56D7AC
:20835100329600FE5E1661E8EE1BFFFE4816714847FACF58FA11EE0AFFD566FA61E8EE0591
:20837100FF714847FA71084BFAFE31164C4461E8EEF3FED558FADFC3EF1FD558FA61E8EE03
:20839100E4FE714847FA71403EFE51F65F4BFA9F4BFAFE08164C44DF0EFEA70F9161F8FEFF
:2083B1006014CF58FA0BD740D2FE6161E8EEB6FECF58FA12D78FDFFE735C1070DD23403B99
:2083D100FE11DF1D3640FE31D3176331731351EE5FDEFE9FDEFE6371FA5CEE9FDFFEEE4A17
:2083F100018F4CFA724C0BDF173640FE31D51151F05F46FA4C8061E8CF58FA02F54CFAD722
:208411008F50FA75310508D53BFE61F8EE8E018F3FFE745C0273DD0CD0E061F8F06531252D
:2084310003EE7901D061E8EE7301624C0B61F8EE6B014C0D61F8EE64014C0ADF62403BFEC4
:208451001130030061E83002039F58FA609F46FA8F49FA705C0391DF07605CFC709F49FAF7
:20847100605CC04C40DF06605C3F9F49FA8FD2FE704C0DDF0C51035FD3FEDF0530000DEF7A
:2084910006604C60DE04E0FEA7F2FE0915E547FAF54BFAF54CFA71507FFB717848FAD74C20
:2084B10008DF3151075F4AFA36C9FE31830471FAEF026C189F4AFACF58FA10F54CFACF469F
:2084D100FA528FD2FE700CF64C02DC07405AFA4160DF16D74C09DF16CF46FA418FD2FE4CF7
:2084F1000ADDF0405AFA41DDEA5004EE43F24CF0DD0640D2FE8CDF204046FA83DD1ACF58A6
:20851100FAFEFE080F51385F64FA61E8CF66FA14FE8314CF46FA83D78FD2FE4C60DF1B3632
:2085310040FE31D30B4058FA11DDA8CF58FA11D771407FFB300060EEF7F14C62DF0C645CC2
:20855100F04C90DD8ECF4CFA0DD74C81DF0E64310306300081EED9F1E53AFED74C82DF1860
:20857100D3E061F8F06431050460310505CF3AFE02D7300082EEB9F14C8361E8EE54FFD35F
:20859100DF15403BFE21DF09CF3AFE03CF58FAFFD7300283EE9AF1300083EE94F1624C0D44
:2085B10061F8CF3AFE048FD2FE704C60DF0971407FFB300060EF15624C0B61F871407FFBE7
:2085D100604C82DF06367FFB31C504E0FE62F1367FFB31C510715040FE51F85FD1FE9FD100
:2085F100FE7118DDFE8F4FFE7571BB9F4FFE8F3FFE725C0270DF0E3650FA318505D53BFE5D
:20861100DD4BD1DD0B3650FA31A505D53BFEDD3D404CFA0DDD378FDEFE71BC61D87120528A
:20863100FA71FC61D8716052FA8FDFFE7071BC61D8713052FA36DFFE31C54F51EE5FDEFE6B
:208651009FDEFE6071FA5CEE9FDFFEEF39F552FA8F50FA73718B9F50FAD0DD0C635CFA9F52
:2086710050FA62719B9F3FFE7118DDFE655CF59F4FFEF6BFD0FE71007EFBAFDEFE5C0808EB
:208691005C8808BFDEFECF58FAFF4046FA83DD1AFE7A0D8F64FA705C38DF0B605C07DD0A1E
:2086B100CF66FA11EF04CF66FA14FEA2F0CF46FA83D7200C8F45FA318EC18F42FA318EC175
:2086D1003026FAC1AEF8040C001234D2F9A1A1FE33081006A808B800317503EE21014400BB
:2086F10000DF134042FA0261C8EE13016168DF06FE3412EE5801A806B80A312DB8040429DE
:20871100FA14895CC0734C40DF29A800312D16FE7A12DD1F1704D2F914A8040428FA16A961
:208731005C0312AB314E5C03CEFB0136000034F401EF44D3DF24A800312D16FE4E12DF1A89
:208751001704D2F914321027A95C03FE1E12CEFB0B00360000341300EF1D634C80DF39A823
:2087710000312D12FE2512DF2F1304D2F91432F401A95C03FEF511CEFB0B001431AD12AF85
:20879100CEF95C03031615316D31CE12AFD0F9085CF00803B802EF24AFD0F9085CF0081637
:2087B100A800312D04D2F914A95C0312316E07B802AFCEF95C031431AC13051617BFCEF9B4
:2087D100A802BFD0F9A8040426FA14A95C0312AFCEF9F05CFC03BFCEF951835FD1F973A8F9
:2087F1000A608131495C70616B9FD1F951F85F48FA73A80060815C07616B9F48FAEF4F8F3F
:20881100C9F9705C70DD3460314A5C074F45FA61C329FEAC00D1DD238FC9F9314A5C075025
:2088310004D60422FA14A95C036168DD0EAFC8F9BFD0F9AFC6F9BFCEF9EF03FEE9108FD128
:20885100F9314A5C07318EB1B8067120D1F9AFD0F9B802316D16A806312D0426FA14A95C78
:2088710003B80012AFCEF9B80431AE075C034361D320A8045C03161331AD07BFCEF9A802C3
:20889100085CF00812A800316E616B08616A08BFD0F9A95C0312AFCEF9145C034361D30762
:2088B10015FE3F10BFCEF93628208FD1F9718471899FD1F93654FA718471999FD1F9100C88
:2088D100D7C78FCDF975316A748FC9F9314A5C0791318E12312CC0C34929FA316A614CDF0C
:2088F10034655CC0DF0AFE1C106168E1DF24C6D74C80DD044C40DF1DFE0A106168DF16C288
:20891100C37928FA7FCDF9087FCCF95CF0085C3FEFD7F1EFD9F1EFD62008AF5220BFD8F95A
:20893100AF5020BFD6F9AF5620BFDCF9AF5420BFDAF9AF5A20BFE0F9AF5820BFDEF9AF5E80
:2089510020BFE4F9AF5C20BFE2F9AF6220BFE8F9AF6020BFE6F9AF6620BFECF9AF6420BF1C
:20897100EAF98FCDFE312A5C079F42FAAF36205C0312AFD2F9F05CFC03BFD2F96C905C9360
:20899100BFD2F9AFD4F9FE480FBFD4F940C6FE02DF14FE660F128F3320318E317D5C0108AD
:2089B1005C800803EF03FE520FBFD4F936C9FE8FD5F971D471999FD5F93654FA718471A939
:2089D1009FD5F9FE050F8FD5F971B99FD5F95C0F704042FA02E13C00718C6071C936C9FE09
:2089F10071E471D99FD5F9F198024F42FADE78318E12312CC0C349D5F9316AD1DD044C028B
:208A1100DF3EAFCCFE5C0332F401CEFB0116A80004D2F9B80014AA02316DB806A9B8043168
:208A3100AE14A80635055C031417360000CEFB0B0014A8045C03121543DE275C0312EF1ADF
:208A510091DF1FAFCCFE5C0312A80004D2F9B80014A9B8045C034361D308C4C5A804FE8251
:208A71000EB9880281EF811008D7200AC1AFCAFEB802F6B804A800340000320E00FC96AD8B
:208A910000AF34205C0312C4C5A9F05CFC03B96C905C93B9AA02FE380EBA028F3220314970
:208AB1005C30708A025CCF61689A0236C9FE8A0371D471999A033654FA718471A99A03FEE9
:208AD100090EC4C58A0371B99A0336272032F401718471C99A0336C9FE71E471D9775C3F73
:208AF1009A03A8025C03CEFB01B80A13B808675C3E40C6FE0261F8718A9A03150404001437
:208B1100AF3A20BA02AF3820B9A8001204080014AF3E20BA02AF3C20B913040C0014AF4230
:208B310020BA02AF4020B91304100014AF4620BA02AF4420B91304140014AF4A20BA02AFE5
:208B51004820B91304180014AF4E20BA02AF4C20B9F198028FCBFE312A5C07980370518076
:208B710012A8047C804361C8EEC500A80014040300168B5CC04CC0DF3C15A1A114A9311E01
:208B9100F1FE690D1613B806C4C589980371FB318E12A8064400001761F843A806440000F7
:208BB1001761F843DC02C3C6880371FC66FBF8FF71F999EF70AA0212316CA9B80631AE0334
:208BD1005C03FE280D14A8065C0316F6431761F84561C306C4C5A95C0314155C0316C4C5EB
:208BF100A9F05CFC07B806B9AA0212316CA80631AE035C03B80644900130F4011261D83276
:208C11002C0117FBF8FF4361D30FA80644900132F401DE09322C01EF04A95C0312A9FEC221
:208C31000CB9615902AB040400BB617904EE24FF88029F4EFA8803100CD7200C30EEF9B85B
:208C51000430EEF9FE23FE98009F43FAF7D943FA518014137C8045DE53A80416FED30B4CF4
:208C7100C0DF28AF42FE340500CEFB0300B8028B980171FB318E14A80245DC0315B80288E6
:208C91000171FCA8026071F99BEF17EB42FEABB8025C034561E314155C0314A802F05CFC3A
:208CB10005BBA804040400B804A3EFA140C6FE02DF71C0C18F4EFA776140DD67FE190CDF34
:208CD10062675004D604EAF9B8028800318E1614B515B80617312D04EAF9B804D94EFA516C
:208CF1008016157C8047DC3BA8041450058971FBD6B808A80216ABB80A5C0314A8084561C8
:208D1100C8155C0314A80AF05CFC05BBA80404FCFFB804A80204FCFFB802A80614B515B82A
:208D310006EFB913312D04EEF9B802C0C1518014137C8045DE11A80214F6B9BA02A80204DE
:208D51000400B802A3EFE4100CD7F614320E0030D2F9FC96AD005400E7A33042FAFC82ADE2
:208D7100008F3BFE4C08DF2EE543FAAFEEF9F05CFCBFEEF96C905C93BFEEF9AFF0F9FE509C
:208D91000BBFF0F9513E5FF1F940C6FE0261F8718A9FF1F9EF144C21DD0D36C9FE31E307E2
:208DB10036C8FE71B461D8FE90FE36C8FE31A30D36C9FE31E307403BFE1161E8D7EE58FBDC
:208DD100FE080B36D5F971B1FE000B36F1F971B1D78FC8FE7031251951DD5FD5F9728FC9D0
:208DF100FE7371DC627199726371EC6271D99FD5F96071BC61C8D751DD5FF1F9738FC9FE20
:208E11007071DC637199736071EC6371D99FF1F9D720048FD1F9314A5C0791728FF1F97093
:208E31003105128FC6FE7391DF0B7108F1F951EF5F4FFEEF188FC6FE734C02DF1360718AE1
:208E51009FF1F936D0F98F4FFE71F471C99F4FFE624F43FA61C8EEA700318E312DB800048D
:208E7100C6F916042B001417042800B802895CC04CC0DF5593DF0CFEC0FDCF58FA03510C2D
:208E91001004D7A802148971FB70517F5FCEF9614861C36CA5500589D612AFD0F9317D14DF
:208EB100AFCEF9319E055C071443DC54C2C379F0F9311EF112312D0312154361C3428FD1A3
:208ED100F9FEF70951031004D78FD1F99802EBCEF931330636D1F931A50DAFD0F9316D1231
:208EF100AFCEF931AE0314C2C379EEF95C0312155C034361C30A4242FE61C3048802EFC1D6
:208F110051041004D7C5C32006C1168812318E12B313B802C3C415BB13FBF8FF3173363129
:208F31002D1261090AFE0A094C40DF218814318EC1FE7809B806A1A116AB12A80616ABFEF5
:208F51002F021271FCC6A8081413B9DE08C6C7ABB11412EFC1A800A1B8041631F545A80225
:208F710012C3C4FBF8FFAB35B913317336312D1261090AFEBC084C80DF218814318EC1FE43
:208F91002A09B808A1A116AB12A80816ABFE3B011271FCC6A8081413B9DE08C4C5A9B1145B
:208FB10012EFC0A8041631F543A80212FBF8FFAB14A802B913317334312D1261090AFE71A6
:208FD10008DF218814318EC1FEE108B804A1A116AB12A80416ABFE17001271FCC6A8081419
:208FF10013B9DE08C4C5A9B1B802EFBFE1100CD7C5C1200E316CA80E31AE03B80A5C03166F
:20901100321500FE8008B80617FBF8FF321300FE7408B8088816318EB80412312DB80C617E
:20903100091004FCFFBB13EF33317335ABFE02084C40DF21ABFEED0712A8084361C316AB78
:20905100FED90714A80645DC0CA80EFE4308FBF8FF4361D30CAB04FCFFBBA802B1B802EF55
:20907100C8A802317562A81061090C04FCFFBBA804B1B81031734FABFEB707DF2CAB14AA8A
:209091000212316CA931AE037E0B087E0A085C036168DF0CA95C0312A80E5C034361D32683
:2090B100AB04FCFFBBA810EFC84C80DFF3ABFE740712A8084361C3E8ABFE600712A80643E5
:2090D100DCDEAB14EFCEA8101012D7C5200CFE9D07EF2C31732EA800FE57074C40DF1BFE90
:2090F1006F0761C315A800FE320714FE270745DC09A802FE9B074361D30AFE1007A806B128
:20911100B806EFCFA806FBF8FF317562FE2B07B1B80C317357ABFE1907DF17ABFE060716EF
:20913100321500FE6007B80617321300FE570716EF0F4C80DF2DABFEEB061615FEDD06B8B2
:2091510006A80412316CA80231AE035C0347FBF8FF61C30FFEBE06614906DC07ABFEE6065C
:2091710061D309AB04FCFFBBA80CEFA3A80C100ED7C5200CFEF706EF2B31732DA800FEB11F
:20919100064C40DF1AFEC90661C314A800FE8C0612FE810643DC08A800FEAA0661D30AFEA6
:2091B1006B06A806B1B806EFD0A806FBF8FF317303EE9000FE8306B1B80C317503EE820077
:2091D100A800FE6D06DF27A800FE590616321500CEFB02341400CEFB0300B8061732130004
:2091F100CEFB02341400CEFB0300B808EF114C80DF48A800FE2E06B80815FE1F06B806FB41
:20921100F8FFA80412316CA80814A80231AE035C034561C325FEFD05614906DC1DA8025CFF
:209231000332F401CEFB01360000CEFB0B0016C4C5A95C0312174361D308FED005A80CEE5B
:2092510075FFA80C100ED78FDCFE9F6CFAF56DFA8FD7FE9F6EFAF56FFA8FD4FE70312A5CC5
:20927100069F70FAE572FA403BFE21F161F88FDDFE9F71FA8FCFFE31131536CFFE31B51671
:2092910031C306CF6DFA08EF0DCF6DFA10EF07719A5C069F6DFA364FFAF131A506CF6FFA56
:2092B1000251027331B50671AA739F6FFA31E50671BA739F6FFA603125066371CA9F6FFA2F
:2092D100AF6AFA6C03086C80085C03BF6AFAD78FCFFE70311A6150605C01D7CF47FA0271C7
:2092F10028D1FE3648FA71E461C871307EFB716848FAD7363EFE3183247184F11C00364999
:20931100FA31A319D1DF16364BFA31831036C9FE31850A8FCEFE316A5C017C01D7F1D78F95
:20933100CEFE312A5C034C03DD174C01DF06363EFE31830D4C02DF07E15F3EFE7C01D7F1F9
:20935100D7E1D736C9FE31E52B51C05F49FADF243649FA31C31E8FCEFE312A5C034C01DFAD
:2093710008363EFE318502E1D74C02DF07E15F3EFE7C01D7F1D771104BFAFE76FFD1DF0C31
:20939100FE7F04CF58FA0BCF46FA44D7FE3A04D751035FCEFE4C03DD1F4C02DF07FC5A4B33
:2093B10000D1DD1451035FCEFE91DF0AFC5A4B0091E161E8F1D7F1D7E1D736C9FE31D53109
:2093D10051035F49FADF2A3649FA31C32451035FCEFE4C02DF09FC5A4B00D1DF02E1D751DB
:2093F100035FCEFE91DF0AFC5A4B0091E161E8F1D7F1D7364BFA31930BE15F3EFE300203CD
:2094110061E860D75144D7510F5F47FAD7CF66FA18ECB79B0036C9FE718461C8D7CF66FAD2
:2094310007712049FAD7200451A06F3EFE71EB9F3EFEFCD54A00D1DD37F545FEFCF14A0003
:20945100D1DD2DAF80FEB800AF82FEB8028800315A5C034C01DF05302C01EF074C02DF0629
:2094710030F401BF42FE51606F3EFE71FB9F3EFE1004D7AF6AFA6C0C5C0C085C7F08FE59F4
:20949100038F68209F76FA8F69209F77FA8F6A209F78FA8F6B209F79FAAF6C20BF7AFAAFF7
:2094B1006E20BF7CFAAF7020BF7EFA8F72209F80FA8FCFFE70311A5C0173DD0660718C639E
:2094D10071999F81FA36CFFE31B50831C30571AA9F81FA8F73209F82FA8F74209F83FAD7E5
:2094F100AF6AFA6C0A086C80085C0AFEEC028F75209F76FA8F76209F77FAAF7820BF78FAA4
:209511008F7A209F7AFA8F7B209F7BFA8F7C209F7CFA8F7D209F7DFA8F7E209F7EFA8F7FEC
:20953100209F7FFA8F80209F80FAD78F8120318E04040012317CAF6AFA319D319E03BF6A31
:20955100FAAF1820BF6CFAAF1A20BF6EFA8F82209F70FA8F83209F71FA8F84209F72FA8FA1
:2095710085209F73FA8F86209F74FA8F87209F75FA8F88209F76FA8F89209F77FA8F8A20DC
:209591009F78FA8F8B209F79FA8F8C209F7AFA8F8D209F7BFA8F8E209F7CFA8F8F209F7D13
:2095B100FA8F90209F7EFA8F91209F7FFA8F92209F80FA8F93209F81FA8F94209F82FA8F4F
:2095D10095209F83FA8F96209F84FA8F97209F85FAD7AF6AFA6C095C09085C7F08BF6AFA11
:2095F100F6B1BF6CFAF6BF6EFACF70FA4ECF71FA6FCF72FA74CF73FA20CF74FA53CF75FA68
:2096110075CF76FA70CF77FA70CF78FA6FCF79FA72CF7AFA74CF7BFA65CF7CFA64F57DFA8C
:20963100D7AF6AFA6C025C02085C7F08BF6AFAFEA001DF17AF68FABF6CFA8FD6FE9F6EFA20
:209651008FD4FE3159314A9F6FFAD7F6B1BF6CFACF6EFAFFF56FFAD7FCAB3C00343E0641E1
:2096710000BA2E11AF0A20BA3211AFFA00F05C0F16510F5F2320318E128F1020318E31CDA1
:209691000703BA3EA96C02B9D78FD2FE0CFE61F8EE98000CFE61F8EEDA000CFD61F8EE93BA
:2096B100009161F8EE92009161F8EE91009161F8EE94009161F8EEA6000CFE61F8EEA300E8
:2096D1000CFD61F8EEB2009161F8EEB1009161F8EEB0000CFE61F8EEAE000CFE61F8EEAC6A
:2096F100000CF461F8EEAA000CFD61F8EEB7000CF661F8EEA1000CEC61F8EE9F009161F8AF
:20971100EE9E009161F8EEA2009161F8EEA1000CFE61F8EEA4009161F8EEA3000CF661F8EE
:20973100EEA1004C0E61F8EE8B00D7CF58FA0ECF46FA12D7CF58FA05D7CF58FA0AD7CF5839
:20975100FA0CCF46FA58D7FEA9FBD130440B61E830510D9F58FA609F46FA71104BFAD7FE20
:209771006700D751035FD3FEDF05CF58FA13D7CF58FA23D7CF58FA08D7CF58FA14D7CF58D9
:20979100FA15D7CF58FA18D7CF58FA1CD7CF58FA1FD7CF46FA21D7CF58FA0FD7CF58FA1A4E
:2097B100D7CF58FA1BD7CF58FA1ED7CF58FA1DD7CF58FA16D7CF58FA12D7CF58FA30D7CF74
:2097D10058FA31D7CF58FA32D7CF58FA0DCF46FA51D751C05FCDF94CC0D7BF6AFAAF18206C
:2097F100BF6CFAAF1A20BF6EFAAF1C20BF70FAAF1E20BF72FA8F22209F74FA8F23209F7533
:20981100FAD751406F49FA71FB9F49FAD7A80404FCFFB804D7A808314E5C03D7A1A114A95C
:20983100314E5C03D714AA0212316CA931AE035C03D704030014895CC0D7A81061090A046B
:20985100FCFFBBA80CD714A95C0312A8065C0343D7A80812316CA80414AA02316D16A93108
:20987100AE075C0314A80631AE035C0345D7B80613B8088816318EB80C12312DB80E0504B3
:20989100FCFFB80413D7CEFB02341400CEFB0300D75C031215CEFB0136000034F401CEFBE8
:2098B1000B0016A80414A95C031217D7A81614FBF8FFA7A7A7A71361090CD7314A5C0770A0
:2098D10051F85F48FA61689F48FAD7FE01FA718CD7086C015CF108D75004D604EDF91489ED
:2098F1005CC0D7F05CFC616B08616A08D714A80C12A80E360000CEFB0B00D7AFD4F95CFE57
:20991100085C7F08D7A8040426FA14AA027FCDF9087FCCF90812316CA97FCBF9087FCAF966
:209931000831AE035C03D7AFCEF95C0312AF36201431AD03BFCEF9AFD0F9085CF008121594
:20995100316D31CE03BFD0F9AF26FA5C0312AFCEF9F05CFC03BFCEF951106FD1F95C979F1B
:20997100D1F9E16F48FA5CF99F48FAD7CEFB0116A8080426FA14AA02316DB806A931AE1401
:20999100A80635055C031417360000D704D5F914895CC04C40D75103FCB5AC00D7FE53FA76
:2099B1009F46FAD75103FCEDAC004C02D75103FC8CAC00D7FE7ADDF54CFAD7318E125103E7
:2099D100FCEDAC0091D771184BFA404CFA025003D730000AFE5ADD714047FACF46FA458FB5
:2099F1003EFE718CD7AFD0F9BFC8F9AFCEF9BFC6F98FC9F9314A5C075004D604C6F912D755
:209A1100FE12FAFCB79B00CF66FA05D771307FFB7100D1FED7CF58FA0CE16F49FA719B9F35
:209A310049FACF46FA58D7F6BFDEFED72004FBF8FF8FDEFE9B314A708FDFFE736D61685CB4
:209A51000198018B70311A7263311A7560315A616A616D5C01748F3BFE724C21DF2F36CF71
:209A7100FE31D51D8800313315718B75718A709FDEFE8800719C60DE12656C05EF0A31D3A4
:209A91000C8800313507719A9FDEFE9800624C11DF2A36CFFE31E51A880031731271CB70B1
:209AB10071CA9FDEFE8800315512606C50EF0A31E30A880031750571DA9FDEFE624C21DDE7
:209AD100044C11DF2D51805FCFFE70DD1B63313314718B72718A709FDFFE63719C60DE11B4
:209AF100626C05EF09D0DF0A63313506719A9FDFFE738FDEFE98025C77708FCFFE9800715B
:209B1100DC6071B970880071EC6071F99FDEFE880270312A7263312A7560316A616A616DA6
:209B3100718C6371E973880071FC6371B9759FDFFE60311A7263311A7760315A616A616FAC
:209B51005C0172880170D0DF1B880270314A77636168616FFBF8FF5C014E01DD076571CA58
:209B7100759FDFFE6571EC6471E9D1E061F8F0D2DD0B603103076571DA759FDFFE65314A93
:209B910073880070315A7260316A708800317A7465315A616B616A61685C01616C30000789
:209BB10061E8601004D720088F66FA7031430F8F67FAD1DD146148DD109F66FAEF0B7148FC
:209BD10066FAFECE03710865FA8F66FAD1DF07710865FAEEA9033665FA318503EEB10291D5
:209BF100DD3F9161F8EE620291DD6B9161F8EE00019161F8EE1B019161F8EE4C019161F847
:209C1100EE21029161E8EE6A0236C9FE31850B363EFE719461D871707CFB712849FAEE0955
:209C31000271407CFBF6BFD8FEBFDAFE51F85F64FA9F64FAD53BFE61E8EE370271EA5C7817
:209C51009F64FA302003BF62FAAFC021BF60FA710065FAEE1D0271507CFB8FCDF9316A9149
:209C7100DD1191DD6991DD43AFCCF9FE5C03323200EF74AFCCF916FE50031417314E5C03E1
:209C910005321900CEFB02B800BFD8FEAFCAF95C0332F401CEFB01360000CEFB0B0012BFAE
:209CB100DAFEAF42FE4361C30AEF0BFE3303B800FE2303BFDAFEA800BF62FAFED5025107CA
:209CD1005F48FA7051F85F64FA6168EEA201AFCCF914316D1215314E5C0314AFCAF931AE72
:209CF100035C0305321900CEFB02B800FECC02EFC271107CFBF6BFD8FEBFDAFE302003BF75
:209D110062FA308A02BF60FA51406F64FA5C47EE090171007CFB308813BFD8FEAFEEF95CCE
:209D310003320A00CEFB02BFDAFE308E12BF62FAAFC221BF60FAE16F48FA5CF99F48FA51C2
:209D5100886F64FA5C8FEED20071207CFB51C05FCDF9754CC0DF09FE870216FE7802EF1037
:209D7100AFCCF9FE6402323200CEFB0216FE4B021217B80213BFDAFED948FA6098018F64D6
:209D9100FA9800313A61785C07DF58654CC0DF42A80212EB62FA154361D30F04F40143DCFA
:209DB10009FE0E0271EA71FBEF211547DE131704F40112154361C309FEF70171FA71EBEF04
:209DD1000AAFCE21BF60FA88005C3F7317BF62FAEF3DAFCE21BF60FAA802BF62FA88005C5D
:209DF1003FEF2BFECC015C3F9800A8024262FA61D30F325F00FEA001BF62FA880071FAEF43
:209E11000D326900FE9101BF62FA880071EA73635CC77088013159312A61689F64FA7100ED
:209E310065FAEF4F36C9FE31830671183EFEEF143649FA8F3EFE71A471999F3EFE719C3674
:209E51007CFB71E1FCE2A500EF2971307CFB308813BFD8FEBF62FA30F401BFDAFEFE33010C
:209E7100E1706F48FA5CF99F48FA606F64FA5CF99F64FA3665FA318309F566FAF567FAEE2F
:209E9100FD008F66FA9F67FAE1FC8CAC00EEEF00DB60FAE1FCEDAC009161E8EEBB008F65B1
:209EB100FA9800310303EED6008F64FA98015CC061F8EECA004C40DF3CAF62FAB806325C53
:209ED10000FED4001413440000DB72FB13B8041561F843DE74FECE00DE6FA806326C00FEB7
:209EF100B600FBF8FF14134400001561F8614904DE45EE8A004C8061E8EE8300AF62FAB83E
:209F110006326C00FE91001413440000DB72FB13B8041561F84361D330FE8A00DE2BA80627
:209F3100325C00FE7200FBF8FF14134400001561F861490461C3488B5CC1708802816101A8
:209F51005C3E61689F65FAEF36AFCC21BF60FA88015C3F9F64FAEE2FFFE1FCB5AC00FE320A
:209F710000F566FAF567FA51C05F65FA70513F5F64FA9F64FA609F65FAAFD8FEBF62FA3668
:209F910065FA510731850951C05F64FAE161E8F11008D7F6BF60FAD7CEFB013600003464E4
:209FB10000CEFB0B00D78804311A98065C1F4FBF21D7AFC621BF60FA8804D7BFD8FEAFCACF
:209FD100F95C03320A00CEFB02D7316D12AFCAF931AE035C03D7BFD8FE30327F5FC6F9D696
:209FF100D7AFC8F9317D12AFC6F9319E035C07321400CEFB02D7E6A1BFC4F936C8FE30107F
:20A011000071A461C8F612086C01081436C9FE31B50EAFC4F96C02BFC4F913086C0308146B
:20A0310031950EAFC4F96C08BFC4F915086C08081431A50DAFC4F96C04BFC4F915086C046A
:20A05100086C80086C2008BF8A05717BE7300300BFC2F9AFC8FE31CD12AFC4F9616B08616B
:20A071006AFE6A0B6C40FE650B6C80FE600B6C02FEAD0ADF08AFC4F9086C18EF0A4C02DF5B
:20A091000AAFC4F9086C0808BFC4F936C8FE31A30B31B512AF8605085CFEEF06AF86050893
:20A0B1006C0108BF8605349405AFC2F9B9AFC4F9BA02300303BA10EE4207C78F3AFE4C01A6
:20A0D100DD074C0561E8EEA30034A805301800BA02A9086C0408B9FE7909FECE0ADF12AFA3
:20A0F100C4F9F05C806168DD12AF8605085CFEEF06AF8605086C0108BF8605403AFE01DF24
:20A1110010FE2A0A71083FFE300081FC427700EF0F348405A9085CFE08B9A9086C0108B96A
:20A13100FE880ADF0FAFC4F9F05C806168301000DF05EF06300800BF8E05302111FE2F0A53
:20A151005100318E14321EA95112FC5C3C00363FFE319512712850FA301100FE1B09510DEB
:20A171005F3FFE9F3FFEFE0D0AEED0004C04DF47AF9805B800FE9108F53BFEA800F112FE9B
:20A19100DD0934B62161F834B72189F003BF9805FEC008FE040AFE1B0AFEE609FEC608FED4
:20A1B100FF0971687BFB716040FE51906F3FFE5C9D9F3FFEEE85004C02DF39E16F3FFE9FC1
:20A1D1003FFED53BFEDF0C311309300082FC427700EF04710050FAFE2F08F53BFEFED40998
:20A1F10071687BFB716040FEFE7A08FEB30971183FFEEF484C03DF2AF6BF8005FE2F09E110
:20A211006F50FA71AB9F50FA3000716F3FFE71FB9F3FFEF53BFE71103FFE5183FC42770065
:20A23100EF1A3650FA318314FE5009DC0C51F05F3FFEDD05FEB501EF03FE0604FBF8FFF529
:20A251003AFE717BFAFE330961C8EE380151F05F3FFEAF8E056061E88F40FE5C1F9B511F2A
:20A271005F40FE704DDD388B4C0CDF08AFA405086C04EF0B604C0CDF0AAFA405085CFB086A
:20A29100BFA4058B4C0B8F41FEDF0A71FA9F41FEFE0709EF0A317507FEEF08717841FE5141
:20A2B1001FFBF8FF5F40FE734D61F8EE8B008B7063FECD07D161E8EE7F00511F5F40FE4C3D
:20A2D1000CDD084C14DD044C1CDF14716040FE88004C0ADD0771687BFBFE8907FEC20888E2
:20A2F100004C11DD084C19DD044C09DF1271607BFB300300BFC2F9AFC2F9BF9405EF3A4C54
:20A311000CDD084C1CDD044C14DF1E71607BFBFE8F08363EFE32200071A461D8323000A99C
:20A33100616B08616A08B9EF104C10DD044C08DF0871687BFBFC6AAC008800FEE104FBF876
:20A35100FF8F41FE735C1FDF11AF8805605C0FDF0951E05F40FE6D9F40FE633175278FB5C6
:20A3710021318E12AF9A05312D5C03085CFC080312FE1D08DF0FFE1108717841FECF3AFEFB
:20A3910004716040FE717AFA8F40FE73316355367BFB31E34551F05F3FFEDF3E6331733B4A
:20A3B100FE0808DD27635C1F4C08DD20FEB9074C08DD19FEB207DD14AFB0016031030AFCA1
:20A3D10035AC005104FC8CAC00E1C6D75104FCB5AC00717040FE5107C6D76371FB9F40FE12
:20A3F1005103C6D75C3F9F40FEF1C6D7C78F3FFE314A980091DD600CFE61F8EE95000CFDF2
:20A4110061F8EE1A019161F8EE44019161F8EE52019161E8EE8001AF9805318E12FE7107A5
:20A4310061E8EE7201FE6207FC6AAC00AFC4F9F05CC0440080DD1AAFC4F9F05CC04400C039
:20A4510061E8EE3A0151035FC8FE4C0261E8EE2E01301000EE2B01AF8605F0128FCBFE312D
:20A471005A5C034C03DF0613086C9CEF0E4C02DF0613086C4CEF0413086C0408348605B9BA
:20A49100AA026C10BA02FE110751306F3FFE5C3FEE0101AF9205F05CC06168DF2BAF92058E
:20A4B100605C0791DF0AAF9205605C384C08DF13AF9205605C0791DD0FAF9205605C384CC2
:20A4D10008DF05301400EF1EDBA621FEC306DD13AF72FB44E502DE19AFA005318E12FEB0C4
:20A4F10006DF0E300A00FE9005510F5F3FFE9F3FFE51F05F3FFE61E8EE9C00FE8C068F41A3
:20A51100FE705CE09F41FE60316307AF84055CFDEF05AF84056C02BF8405FE5906EF78D59B
:20A531003BFEDD07710050FAF53BFE8FB621318E125106FCEDAC0091DD5DFE4D06FC6AACB3
:20A5510000FE3E06FE5A06301000FE2C05EF3DAF72FB442103DE40FE400651806F3FFE5CF0
:20A571008FEF3132F401FE2806DF09FE1C06712050FAEF1BFE7A04D1DF1DFE1D06EF18303A
:20A591000800FEF404300062FC427700FEE705510F5F3FFE9F3FFEC0C18F3FFE314A61403A
:20A5B100DF02C6D7716040FEEFF88F3EFE718C718B735011DC05718A735021639F3EFE6020
:20A5D1009F3BFEFE0D03F1FE4F04300008BF8205D7363EFE319320FE8505DD19AFC4F9F0BD
:20A5F1005CC0440080DF0E3641FE31D307FEAA05715041FED7EF2A3484053641FEA96C0415
:20A61100B931D507FE8305715841FE363EFE31A30834A405A95CFDB9D734A405A95CFEB97F
:20A63100D7348405A95CFBB9AA206C03BA20D791DF08348405A96C02B9D7348405A95CFD37
:20A65100B9D72004DB8805C0C3AF8E05315E6071BC8F3EFE71B9759F3EFE51F05F3FFE6169
:20A67100E8EE5801625C0F61F8EE0201A800314D31CEB802FE0405DC14511F5F41FE4C143F
:20A69100DF0B65718A9F3EFEE6B802EF16A80031CE60718C6571899F3EFE34AA05A9086CA1
:20A6B1000808B98F3BFE318E12A80243DD08716040FE710050FA6168DD19A80212B1440219
:20A6D10000DC2504FDFFDD20440400DD1BCF3BFEFFEF3DF53BFE348A05A9085C3F08B9FCFE
:20A6F1006AAC00FE6D03EF288F3BFED1DD044CFFDF06629F3BFEEF04710850FA91DF11365D
:20A711003EFE302100718461C8301100609F3BFEFEC001FEA900AF8805B80031BE6071AC3E
:20A73100363EFE8F3BFE71A14C21DD424C11DD3E4C08DD3AFE31044C10DF30511F5F40FEA2
:20A751004C0CDF27348005A9085CFE08B9E6A1BA0E8F41FE73315310FE0404DD0BFEE90309
:20A77100CF3BFE11710850FAFED303FE9B02403BFE11DF25A80031EE12AF9205F05CC06163
:20A791006862DF184F44FEDD0B36D1FE718461D871207FFB9F44FEEF03F544FEA800BF8837
:20A7B100053641FE31D5118FB621318E12FEE103DF06FED503FECA031004EF031004D7FE69
:20A7D100B903DC378F41FE705C1F4C14DF2D605CE09F41FE34AA05A9085CF708B93014000E
:20A7F100FE96023641FE31E307AF84055CFDEF05AF84056C02BF8405FE7B03D7302C01BF40
:20A8110042FE511F5F3EFE9F3EFEF545FE348405A95CFEB9EECD02348405A96C01B9D770C0
:20A83100511F735F40FE6148DD2C635F41FEDF26600CF74C03DC130CFDDD0A0CFB4C02DC0D
:20A85100104C0ADF1130470DEF03302111FE1F03D730E502EFF7D712FE0D034C0CDF1F1365
:20A87100448813DF0730470DFE0403D7321400CEFB01360000341B00CEFB0B00EFEAD7C7C2
:20A89100C1AF70FBB802327300CEFB01360000343075CEFB0B0014C3C6A8002532003CCE1A
:20A8B100FB0114C0C3F661D8B127FBF8FF32003CCEFB026109001215360000347300CEFB8B
:20A8D1000B0016A8021417360000CEFB0B00316D1004D7AFC4F9F05C20616861F8D75103B9
:20A8F1005FC8FE4C02DF0D403BFE21DF11AFC4F96C10EF0F4C03DF0E403BFE21DFEFAFC461
:20A91100F95CEFBFC4F9AFC4F9BF9605D7AF88056071DC61C8D7FE4F027051E05F41FE61F1
:20A9310068739F41FE600CFEDD400CF9DD640CF8DD6B4C08DD72AF8405F05C026168E661FB
:20A95100F8F660718C6371E99F41FE348405A96C02B9300C00BA0A635C1F4C13DF5B51109B
:20A971006F3FFE5C1F9F3FFEEF4F63315308FEEE0161E8FED301FE9000FED70051E05F415A
:20A99100FE9F41FEFEB701348805A9085C0108B9EF27348005AA285CFDBA28EF14348005EC
:20A9B100AA2A085CFD08EF07348005AA2A5CFDBA2AE6B9635CE09F41FE716040FEFCAE4173
:20A9D10000348805A9085C2008B9D751045F3EFE73DF11AF8C05605C074C03DF02E1D7D3CF
:20A9F100DF02F1D7AF8C05605C384C18E161E8F1D7AF8C05605C0791DF02F1D7AF8C056036
:20AA11005C384C08E161F8F1D7FEF0FD71083EFE51F35F3FFE9F3FFED77340C6FE02DF2B85
:20AA3100363EFE318525AF8405F05C016168DD1B93DF08AFC4F9086C40EF06AFC4F9085C13
:20AA5100BF08BFC4F9AFC4F9BF9605D7AF880531FE60D734A805A96C02B9AA026C02086C24
:20AA71000208BA02D7F6BFC2F9349405AFC2F9B9AA10085CCF08BA10D712FEB10013BA0A9A
:20AA9100D7C17388004C10DF05634C08DD3F88004C08DF05634C10DD3488004C14DF056340
:20AAB1004C0CDD2988004C0CDF05634C14DD1E88004C08DF05634C18DD13634C08E061E84E
:20AAD100F088004C18E161E8F16158C6D7E1C6D7348805A9086CC05CC008B9AA02086CC03F
:20AAF10008BA02D7AFC4F9085CE7FE3300DF08AFC4F9086C18EF0A4C02DF0AAFC4F9086CD3
:20AB11000808BFC4F9AF80056168DF07AFC4F9BF9605D7348005F6B9AFC4F9BA16E6B9D7FE
:20AB310008BFC4F98FCBFE315A5C034C03D7348405A9085CFC08B9A9086C0308B9D7516028
:20AB51006F3FFE5C6F9F3FFED734A405A9086C2008B96371DA9F41FE5106FC8CAC00D7AF42
:20AB71008405F05C046168D7AF8E05605C1FD7FE0DFDBFA205D7E6BF8005D7AF800560710C
:20AB91008CD7715841FEFE98FAD75106FCB5AC00D75106FCEDAC004C02D75106FC8CAC00AB
:20ABB100D734A405A9085CCF08B9D7AFC4F9F05C406168D7348005A9085CFE08B9AA060887
:20ABD1005CE208BA06F6BA0E30FF00BA08D708BFC4F9AFC4F908D736F000300F0A71823473
:20ABF100F000BAC4F6BAC6716AE5716BE1713AE6713BE2711AE6711BE2714AE6714BE27135
:20AC11005AE6715BE2712AE6712BE2716AED716AE9BAA0AAC8085CFE08BAC8AACA085CFE1C
:20AC310008BACAD7AFB0016031032DF6BF20FE5100318E143285AC5108FC5C3C0034B20151
:20AC5100AA04086C0408BA04C918DB05716BE1716BE5A9086C0108B9D7AF38FE6168DF1065
:20AC7100AFB0016031050934B401A9086C0108B9716BE1D7A220FECEABACD7C79800FEA3AC
:20AC9100FF8800735002D60422FE14AF20FEB9E6D3DD040193DFFC6F39FE086F38FE08BFA0
:20ACB10038FEC6D7C774DB38FEC0C364D1C3C66475DD0817311E169512DFF864318E1462D2
:20ACD100310515E764D1DD05311C91DFFBA800617B08617A08BF38FEC6EE7DFFC79800C3AC
:20ACF100C4FB38FE8800D173DD0717311E1693DFF98800318E1266718CF6B800FB20FEF143
:20AD1100DE29311C7922FE121743DE0A04FFFF16F661D8A1B800172312A80061D8B144001F
:20AD3100001361F84530010261E360C6D7C1C7C3C6C5C2F6B800A80043DD11A80214899BDC
:20AD5100A800A1B800A7A515B802EFEA1004D7C1C7C3C6C5C2F6EF1243DD13A80214A9BB1E
:20AD7100A7A7A5A515B802A800A1B800EFEA1004D7C716F6B80043DD0A649BA800A1B800E1
:20AD9100A7EFF3C6D7C716F6EF0A43DD0B15BBA7A7A800A1B800EFF2C6D720061662318E8B
:20ADB100B8020714B5F7C0C3A802311EB80413F112A8043343DE0F8B70899B6099B5C2C352
:09ADD100A3C0C3A7EFE21006D7EE
:20ADDA00000000000000000000000000000000000000000000000000000000000000000059
:20ADFA00000000000000000000000000000000000000000000000000000000000000000039
:20AE1A00000000000000000000000000000000000000000000000000000000000000000018
:20AE3A000000000000000000000000000000000000000000000000000000000000000000F8
:20AE5A000000000000000000000000000000000000000000000000000000000000000000D8
:20AE7A000000000000000000000000000000000000000000000000000000000000000000B8
:20AE9A00000000000000000000000000000000000000000000000000000000000000000098
:20AEBA00000000000000000000000000000000000000000000000000000000000000000078
:20AEDA00000000000000000000000000000000000000000000000000000000000000000058
:20AEFA00000000000000000000000000000000000000000000000000000000000000000038
:20AF1A00000000000000000000000000000000000000000000000000000000000000000017
:20AF3A000000000000000000000000000000000000000000000000000000000000000000F7
:20AF5A000000000000000000000000000000000000000000000000000000000000000000D7
:20AF7A000000000000000000000000000000000000000000000000000000000000000000B7
:20AF9A00000000000000000000000000000000000000000000000000000000000000000097
:20AFBA00000000000000000000000000000000000000000000000000000000000000000077
:20AFDA00000000000000000000000000000000000000000000000000000000000000000057
:20AFFA00000000000000000000000000000000000000000000000000000000000000000037
:20B01A00000000000000000000000000000000000000000000000000000000000000000016
:20B03A000000000000000000000000000000000000000000000000000000000000000000F6
:20B05A000000000000000000000000000000000000000000000000000000000000000000D6
:20B07A000000000000000000000000000000000000000000000000000000000000000000B6
:20B09A00000000000000000000000000000000000000000000000000000000000000000096
:20B0BA00000000000000000000000000000000000000000000000000000000000000000076
:20B0DA00000000000000000000000000000000000000000000000000000000000000000056
:20B0FA00000000000000000000000000000000000000000000000000000000000000000036
:20B11A00000000000000000000000000000000000000000000000000000000000000000015
:20B13A000000000000000000000000000000000000000000000000000000000000000000F5
:20B15A000000000000000000000000000000000000000000000000000000000000000000D5
:20B17A000000000000000000000000000000000000000000000000000000000000000000B5
:20B19A00000000000000000000000000000000000000000000000000000000000000000095
:20B1BA00000000000000000000000000000000000000000000000000000000000000000075
:20B1DA00000000000000000000000000000000000000000000000000000000000000000055
:20B1FA00000000000000000000000000000000000000000000000000000000000000000035
:20B21A00000000000000000000000000000000000000000000000000000000000000000014
:20B23A000000000000000000000000000000000000000000000000000000000000000000F4
:20B25A000000000000000000000000000000000000000000000000000000000000000000D4
:20B27A000000000000000000000000000000000000000000000000000000000000000000B4
:20B29A00000000000000000000000000000000000000000000000000000000000000000094
:20B2BA00000000000000000000000000000000000000000000000000000000000000000074
:20B2DA00000000000000000000000000000000000000000000000000000000000000000054
:20B2FA00000000000000000000000000000000000000000000000000000000000000000034
:20B31A00000000000000000000000000000000000000000000000000000000000000000013
:20B33A000000000000000000000000000000000000000000000000000000000000000000F3
:20B35A000000000000000000000000000000000000000000000000000000000000000000D3
:20B37A000000000000000000000000000000000000000000000000000000000000000000B3
:20B39A00000000000000000000000000000000000000000000000000000000000000000093
:20B3BA00000000000000000000000000000000000000000000000000000000000000000073
:20B3DA00000000000000000000000000000000000000000000000000000000000000000053
:20B3FA00000000000000000000000000000000000000000000000000000000000000000033
:20B41A00000000000000000000000000000000000000000000000000000000000000000012
:20B43A000000000000000000000000000000000000000000000000000000000000000000F2
:20B45A000000000000000000000000000000000000000000000000000000000000000000D2
:20B47A000000000000000000000000000000000000000000000000000000000000000000B2
:20B49A00000000000000000000000000000000000000000000000000000000000000000092
:20B4BA00000000000000000000000000000000000000000000000000000000000000000072
:20B4DA00000000000000000000000000000000000000000000000000000000000000000052
:20B4FA00000000000000000000000000000000000000000000000000000000000000000032
:20B51A00000000000000000000000000000000000000000000000000000000000000000011
:20B53A000000000000000000000000000000000000000000000000000000000000000000F1
:20B55A000000000000000000000000000000000000000000000000000000000000000000D1
:20B57A000000000000000000000000000000000000000000000000000000000000000000B1
:20B59A00000000000000000000000000000000000000000000000000000000000000000091
:20B5BA00000000000000000000000000000000000000000000000000000000000000000071
:20B5DA00000000000000000000000000000000000000000000000000000000000000000051
:20B5FA00000000000000000000000000000000000000000000000000000000000000000031
:20B61A00000000000000000000000000000000000000000000000000000000000000000010
:20B63A000000000000000000000000000000000000000000000000000000000000000000F0
:20B65A000000000000000000000000000000000000000000000000000000000000000000D0
:20B67A000000000000000000000000000000000000000000000000000000000000000000B0
:20B69A00000000000000000000000000000000000000000000000000000000000000000090
:20B6BA00000000000000000000000000000000000000000000000000000000000000000070
:20B6DA00000000000000000000000000000000000000000000000000000000000000000050
:20B6FA00000000000000000000000000000000000000000000000000000000000000000030
:20B71A0000000000000000000000000000000000000000000000000000000000000000000F
:20B73A000000000000000000000000000000000000000000000000000000000000000000EF
:20B75A000000000000000000000000000000000000000000000000000000000000000000CF
:20B77A000000000000000000000000000000000000000000000000000000000000000000AF
:20B79A0000000000000000000000000000000000000000000000000000000000000000008F
:20B7BA0000000000000000000000000000000000000000000000000000000000000000006F
:20B7DA0000000000000000000000000000000000000000000000000000000000000000004F
:20B7FA0000000000000000000000000000000000000000000000000000000000000000002F
:20B81A0000000000000000000000000000000000000000000000000000000000000000000E
:20B83A000000000000000000000000000000000000000000000000000000000000000000EE
:20B85A000000000000000000000000000000000000000000000000000000000000000000CE
:20B87A000000000000000000000000000000000000000000000000000000000000000000AE
:20B89A0000000000000000000000000000000000000000000000000000000000000000008E
:20B8BA0000000000000000000000000000000000000000000000000000000000000000006E
:20B8DA0000000000000000000000000000000000000000000000000000000000000000004E
:20B8FA0000000000000000000000000000000000000000000000000000000000000000002E
:20B91A0000000000000000000000000000000000000000000000000000000000000000000D
:20B93A000000000000000000000000000000000000000000000000000000000000000000ED
:20B95A000000000000000000000000000000000000000000000000000000000000000000CD
:20B97A000000000000000000000000000000000000000000000000000000000000000000AD
:20B99A0000000000000000000000000000000000000000000000000000000000000000008D
:20B9BA0000000000000000000000000000000000000000000000000000000000000000006D
:20B9DA0000000000000000000000000000000000000000000000000000000000000000004D
:20B9FA0000000000000000000000000000000000000000000000000000000000000000002D
:20BA1A0000000000000000000000000000000000000000000000000000000000000000000C
:20BA3A000000000000000000000000000000000000000000000000000000000000000000EC
:20BA5A000000000000000000000000000000000000000000000000000000000000000000CC
:20BA7A000000000000000000000000000000000000000000000000000000000000000000AC
:20BA9A0000000000000000000000000000000000000000000000000000000000000000008C
:20BABA0000000000000000000000000000000000000000000000000000000000000000006C
:20BADA0000000000000000000000000000000000000000000000000000000000000000004C
:20BAFA0000000000000000000000000000000000000000000000000000000000000000002C
:20BB1A0000000000000000000000000000000000000000000000000000000000000000000B
:20BB3A000000000000000000000000000000000000000000000000000000000000000000EB
:20BB5A000000000000000000000000000000000000000000000000000000000000000000CB
:20BB7A000000000000000000000000000000000000000000000000000000000000000000AB
:20BB9A0000000000000000000000000000000000000000000000000000000000000000008B
:20BBBA0000000000000000000000000000000000000000000000000000000000000000006B
:20BBDA0000000000000000000000000000000000000000000000000000000000000000004B
:20BBFA0000000000000000000000000000000000000000000000000000000000000000002B
:20BC1A0000000000000000000000000000000000000000000000000000000000000000000A
:20BC3A000000000000000000000000000000000000000000000000000000000000000000EA
:20BC5A000000000000000000000000000000000000000000000000000000000000000000CA
:20BC7A000000000000000000000000000000000000000000000000000000000000000000AA
:20BC9A0000000000000000000000000000000000000000000000000000000000000000008A
:20BCBA0000000000000000000000000000000000000000000000000000000000000000006A
:20BCDA0000000000000000000000000000000000000000000000000000000000000000004A
:20BCFA0000000000000000000000000000000000000000000000000000000000000000002A
:20BD1A00000000000000000000000000000000000000000000000000000000000000000009
:20BD3A000000000000000000000000000000000000000000000000000000000000000000E9
:20BD5A000000000000000000000000000000000000000000000000000000000000000000C9
:20BD7A000000000000000000000000000000000000000000000000000000000000000000A9
:20BD9A00000000000000000000000000000000000000000000000000000000000000000089
:20BDBA00000000000000000000000000000000000000000000000000000000000000000069
:20BDDA00000000000000000000000000000000000000000000000000000000000000000049
:20BDFA00000000000000000000000000000000000000000000000000000000000000000029
:20BE1A00000000000000000000000000000000000000000000000000000000000000000008
:20BE3A000000000000000000000000000000000000000000000000000000000000000000E8
:20BE5A000000000000000000000000000000000000000000000000000000000000000000C8
:20BE7A000000000000000000000000000000000000000000000000000000000000000000A8
:20BE9A00000000000000000000000000000000000000000000000000000000000000000088
:20BEBA00000000000000000000000000000000000000000000000000000000000000000068
:20BEDA00000000000000000000000000000000000000000000000000000000000000000048
:20BEFA00000000000000000000000000000000000000000000000000000000000000000028
:20BF1A00000000000000000000000000000000000000000000000000000000000000000007
:20BF3A000000000000000000000000000000000000000000000000000000000000000000E7
:20BF5A000000000000000000000000000000000000000000000000000000000000000000C7
:20BF7A000000000000000000000000000000000000000000000000000000000000000000A7
:20BF9A00000000000000000000000000000000000000000000000000000000000000000087
:20BFBA00000000000000000000000000000000000000000000000000000000000000000067
:20BFDA00000000000000000000000000000000000000000000000000000000000000000047
:20BFFA00000000000000000000000000000000000000000000000000000000000000000027
:20C01A00000000000000000000000000000000000000000000000000000000000000000006
:20C03A000000000000000000000000000000000000000000000000000000000000000000E6
:20C05A000000000000000000000000000000000000000000000000000000000000000000C6
:20C07A000000000000000000000000000000000000000000000000000000000000000000A6
:20C09A00000000000000000000000000000000000000000000000000000000000000000086
:20C0BA00000000000000000000000000000000000000000000000000000000000000000066
:20C0DA00000000000000000000000000000000000000000000000000000000000000000046
:20C0FA00000000000000000000000000000000000000000000000000000000000000000026
:20C11A00000000000000000000000000000000000000000000000000000000000000000005
:20C13A000000000000000000000000000000000000000000000000000000000000000000E5
:20C15A000000000000000000000000000000000000000000000000000000000000000000C5
:20C17A000000000000000000000000000000000000000000000000000000000000000000A5
:20C19A00000000000000000000000000000000000000000000000000000000000000000085
:20C1BA00000000000000000000000000000000000000000000000000000000000000000065
:20C1DA00000000000000000000000000000000000000000000000000000000000000000045
:20C1FA00000000000000000000000000000000000000000000000000000000000000000025
:20C21A00000000000000000000000000000000000000000000000000000000000000000004
:20C23A000000000000000000000000000000000000000000000000000000000000000000E4
:20C25A000000000000000000000000000000000000000000000000000000000000000000C4
:20C27A000000000000000000000000000000000000000000000000000000000000000000A4
:20C29A00000000000000000000000000000000000000000000000000000000000000000084
:20C2BA00000000000000000000000000000000000000000000000000000000000000000064
:20C2DA00000000000000000000000000000000000000000000000000000000000000000044
:20C2FA00000000000000000000000000000000000000000000000000000000000000000024
:20C31A00000000000000000000000000000000000000000000000000000000000000000003
:20C33A000000000000000000000000000000000000000000000000000000000000000000E3
:20C35A000000000000000000000000000000000000000000000000000000000000000000C3
:20C37A000000000000000000000000000000000000000000000000000000000000000000A3
:20C39A00000000000000000000000000000000000000000000000000000000000000000083
:20C3BA00000000000000000000000000000000000000000000000000000000000000000063
:20C3DA00000000000000000000000000000000000000000000000000000000000000000043
:20C3FA00000000000000000000000000000000000000000000000000000000000000000023
:20C41A00000000000000000000000000000000000000000000000000000000000000000002
:20C43A000000000000000000000000000000000000000000000000000000000000000000E2
:20C45A000000000000000000000000000000000000000000000000000000000000000000C2
:20C47A000000000000000000000000000000000000000000000000000000000000000000A2
:20C49A00000000000000000000000000000000000000000000000000000000000000000082
:20C4BA00000000000000000000000000000000000000000000000000000000000000000062
:20C4DA00000000000000000000000000000000000000000000000000000000000000000042
:20C4FA00000000000000000000000000000000000000000000000000000000000000000022
:20C51A00000000000000000000000000000000000000000000000000000000000000000001
:20C53A000000000000000000000000000000000000000000000000000000000000000000E1
:20C55A000000000000000000000000000000000000000000000000000000000000000000C1
:20C57A000000000000000000000000000000000000000000000000000000000000000000A1
:20C59A00000000000000000000000000000000000000000000000000000000000000000081
:20C5BA00000000000000000000000000000000000000000000000000000000000000000061
:20C5DA00000000000000000000000000000000000000000000000000000000000000000041
:20C5FA00000000000000000000000000000000000000000000000000000000000000000021
:20C61A00000000000000000000000000000000000000000000000000000000000000000000
:20C63A000000000000000000000000000000000000000000000000000000000000000000E0
:20C65A000000000000000000000000000000000000000000000000000000000000000000C0
:20C67A000000000000000000000000000000000000000000000000000000000000000000A0
:20C69A00000000000000000000000000000000000000000000000000000000000000000080
:20C6BA00000000000000000000000000000000000000000000000000000000000000000060
:20C6DA00000000000000000000000000000000000000000000000000000000000000000040
:20C6FA00000000000000000000000000000000000000000000000000000000000000000020
:20C71A000000000000000000000000000000000000000000000000000000000000000000FF
:20C73A000000000000000000000000000000000000000000000000000000000000000000DF
:20C75A000000000000000000000000000000000000000000000000000000000000000000BF
:20C77A0000000000000000000000000000000000000000000000000000000000000000009F
:20C79A0000000000000000000000000000000000000000000000000000000000000000007F
:20C7BA0000000000000000000000000000000000000000000000000000000000000000005F
:20C7DA0000000000000000000000000000000000000000000000000000000000000000003F
:20C7FA0000000000000000000000000000000000000000000000000000000000000000001F
:20C81A000000000000000000000000000000000000000000000000000000000000000000FE
:20C83A000000000000000000000000000000000000000000000000000000000000000000DE
:20C85A000000000000000000000000000000000000000000000000000000000000000000BE
:20C87A0000000000000000000000000000000000000000000000000000000000000000009E
:20C89A0000000000000000000000000000000000000000000000000000000000000000007E
:20C8BA0000000000000000000000000000000000000000000000000000000000000000005E
:20C8DA0000000000000000000000000000000000000000000000000000000000000000003E
:20C8FA0000000000000000000000000000000000000000000000000000000000000000001E
:20C91A000000000000000000000000000000000000000000000000000000000000000000FD
:20C93A000000000000000000000000000000000000000000000000000000000000000000DD
:20C95A000000000000000000000000000000000000000000000000000000000000000000BD
:20C97A0000000000000000000000000000000000000000000000000000000000000000009D
:20C99A0000000000000000000000000000000000000000000000000000000000000000007D
:20C9BA0000000000000000000000000000000000000000000000000000000000000000005D
:20C9DA0000000000000000000000000000000000000000000000000000000000000000003D
:20C9FA0000000000000000000000000000000000000000000000000000000000000000001D
:20CA1A000000000000000000000000000000000000000000000000000000000000000000FC
:20CA3A000000000000000000000000000000000000000000000000000000000000000000DC
:20CA5A000000000000000000000000000000000000000000000000000000000000000000BC
:20CA7A0000000000000000000000000000000000000000000000000000000000000000009C
:20CA9A0000000000000000000000000000000000000000000000000000000000000000007C
:20CABA0000000000000000000000000000000000000000000000000000000000000000005C
:20CADA0000000000000000000000000000000000000000000000000000000000000000003C
:20CAFA0000000000000000000000000000000000000000000000000000000000000000001C
:20CB1A000000000000000000000000000000000000000000000000000000000000000000FB
:20CB3A000000000000000000000000000000000000000000000000000000000000000000DB
:20CB5A000000000000000000000000000000000000000000000000000000000000000000BB
:20CB7A0000000000000000000000000000000000000000000000000000000000000000009B
:20CB9A0000000000000000000000000000000000000000000000000000000000000000007B
:20CBBA0000000000000000000000000000000000000000000000000000000000000000005B
:20CBDA0000000000000000000000000000000000000000000000000000000000000000003B
:20CBFA0000000000000000000000000000000000000000000000000000000000000000001B
:20CC1A000000000000000000000000000000000000000000000000000000000000000000FA
:20CC3A000000000000000000000000000000000000000000000000000000000000000000DA
:20CC5A000000000000000000000000000000000000000000000000000000000000000000BA
:20CC7A0000000000000000000000000000000000000000000000000000000000000000009A
:20CC9A0000000000000000000000000000000000000000000000000000000000000000007A
:20CCBA0000000000000000000000000000000000000000000000000000000000000000005A
:20CCDA0000000000000000000000000000000000000000000000000000000000000000003A
:20CCFA0000000000000000000000000000000000000000000000000000000000000000001A
:20CD1A000000000000000000000000000000000000000000000000000000000000000000F9
:20CD3A000000000000000000000000000000000000000000000000000000000000000000D9
:20CD5A000000000000000000000000000000000000000000000000000000000000000000B9
:20CD7A00000000000000000000000000000000000000000000000000000000000000000099
:20CD9A00000000000000000000000000000000000000000000000000000000000000000079
:20CDBA00000000000000000000000000000000000000000000000000000000000000000059
:20CDDA00000000000000000000000000000000000000000000000000000000000000000039
:20CDFA00000000000000000000000000000000000000000000000000000000000000000019
:20CE1A000000000000000000000000000000000000000000000000000000000000000000F8
:20CE3A000000000000000000000000000000000000000000000000000000000000000000D8
:20CE5A000000000000000000000000000000000000000000000000000000000000000000B8
:20CE7A00000000000000000000000000000000000000000000000000000000000000000098
:20CE9A00000000000000000000000000000000000000000000000000000000000000000078
:20CEBA00000000000000000000000000000000000000000000000000000000000000000058
:20CEDA00000000000000000000000000000000000000000000000000000000000000000038
:20CEFA00000000000000000000000000000000000000000000000000000000000000000018
:20CF1A000000000000000000000000000000000000000000000000000000000000000000F7
:20CF3A000000000000000000000000000000000000000000000000000000000000000000D7
:20CF5A000000000000000000000000000000000000000000000000000000000000000000B7
:20CF7A00000000000000000000000000000000000000000000000000000000000000000097
:20CF9A00000000000000000000000000000000000000000000000000000000000000000077
:20CFBA00000000000000000000000000000000000000000000000000000000000000000057
:20CFDA00000000000000000000000000000000000000000000000000000000000000000037
:20CFFA00000000000000000000000000000000000000000000000000000000000000000017
:20D01A000000000000000000000000000000000000000000000000000000000000000000F6
:20D03A000000000000000000000000000000000000000000000000000000000000000000D6
:20D05A000000000000000000000000000000000000000000000000000000000000000000B6
:20D07A00000000000000000000000000000000000000000000000000000000000000000096
:20D09A00000000000000000000000000000000000000000000000000000000000000000076
:20D0BA00000000000000000000000000000000000000000000000000000000000000000056
:20D0DA00000000000000000000000000000000000000000000000000000000000000000036
:20D0FA00000000000000000000000000000000000000000000000000000000000000000016
:20D11A000000000000000000000000000000000000000000000000000000000000000000F5
:20D13A000000000000000000000000000000000000000000000000000000000000000000D5
:20D15A000000000000000000000000000000000000000000000000000000000000000000B5
:20D17A00000000000000000000000000000000000000000000000000000000000000000095
:20D19A00000000000000000000000000000000000000000000000000000000000000000075
:20D1BA00000000000000000000000000000000000000000000000000000000000000000055
:20D1DA00000000000000000000000000000000000000000000000000000000000000000035
:20D1FA00000000000000000000000000000000000000000000000000000000000000000015
:20D21A000000000000000000000000000000000000000000000000000000000000000000F4
:20D23A000000000000000000000000000000000000000000000000000000000000000000D4
:20D25A000000000000000000000000000000000000000000000000000000000000000000B4
:20D27A00000000000000000000000000000000000000000000000000000000000000000094
:20D29A00000000000000000000000000000000000000000000000000000000000000000074
:20D2BA00000000000000000000000000000000000000000000000000000000000000000054
:20D2DA00000000000000000000000000000000000000000000000000000000000000000034
:20D2FA00000000000000000000000000000000000000000000000000000000000000000014
:20D31A000000000000000000000000000000000000000000000000000000000000000000F3
:20D33A000000000000000000000000000000000000000000000000000000000000000000D3
:20D35A000000000000000000000000000000000000000000000000000000000000000000B3
:20D37A00000000000000000000000000000000000000000000000000000000000000000093
:20D39A00000000000000000000000000000000000000000000000000000000000000000073
:20D3BA00000000000000000000000000000000000000000000000000000000000000000053
:20D3DA00000000000000000000000000000000000000000000000000000000000000000033
:20D3FA00000000000000000000000000000000000000000000000000000000000000000013
:20D41A000000000000000000000000000000000000000000000000000000000000000000F2
:20D43A000000000000000000000000000000000000000000000000000000000000000000D2
:20D45A000000000000000000000000000000000000000000000000000000000000000000B2
:20D47A00000000000000000000000000000000000000000000000000000000000000000092
:20D49A00000000000000000000000000000000000000000000000000000000000000000072
:20D4BA00000000000000000000000000000000000000000000000000000000000000000052
:20D4DA00000000000000000000000000000000000000000000000000000000000000000032
:20D4FA00000000000000000000000000000000000000000000000000000000000000000012
:20D51A000000000000000000000000000000000000000000000000000000000000000000F1
:20D53A000000000000000000000000000000000000000000000000000000000000000000D1
:20D55A000000000000000000000000000000000000000000000000000000000000000000B1
:20D57A00000000000000000000000000000000000000000000000000000000000000000091
:20D59A00000000000000000000000000000000000000000000000000000000000000000071
:20D5BA00000000000000000000000000000000000000000000000000000000000000000051
:20D5DA00000000000000000000000000000000000000000000000000000000000000000031
:20D5FA00000000000000000000000000000000000000000000000000000000000000000011
:20D61A000000000000000000000000000000000000000000000000000000000000000000F0
:20D63A000000000000000000000000000000000000000000000000000000000000000000D0
:20D65A000000000000000000000000000000000000000000000000000000000000000000B0
:20D67A00000000000000000000000000000000000000000000000000000000000000000090
:20D69A00000000000000000000000000000000000000000000000000000000000000000070
:20D6BA00000000000000000000000000000000000000000000000000000000000000000050
:20D6DA00000000000000000000000000000000000000000000000000000000000000000030
:20D6FA00000000000000000000000000000000000000000000000000000000000000000010
:20D71A000000000000000000000000000000000000000000000000000000000000000000EF
:20D73A000000000000000000000000000000000000000000000000000000000000000000CF
:20D75A000000000000000000000000000000000000000000000000000000000000000000AF
:20D77A0000000000000000000000000000000000000000000000000000000000000000008F
:20D79A0000000000000000000000000000000000000000000000000000000000000000006F
:20D7BA0000000000000000000000000000000000000000000000000000000000000000004F
:20D7DA0000000000000000000000000000000000000000000000000000000000000000002F
:20D7FA0000000000000000000000000000000000000000000000000000000000000000000F
:20D81A000000000000000000000000000000000000000000000000000000000000000000EE
:20D83A000000000000000000000000000000000000000000000000000000000000000000CE
:20D85A000000000000000000000000000000000000000000000000000000000000000000AE
:20D87A0000000000000000000000000000000000000000000000000000000000000000008E
:20D89A0000000000000000000000000000000000000000000000000000000000000000006E
:20D8BA0000000000000000000000000000000000000000000000000000000000000000004E
:20D8DA0000000000000000000000000000000000000000000000000000000000000000002E
:20D8FA0000000000000000000000000000000000000000000000000000000000000000000E
:20D91A000000000000000000000000000000000000000000000000000000000000000000ED
:20D93A000000000000000000000000000000000000000000000000000000000000000000CD
:20D95A000000000000000000000000000000000000000000000000000000000000000000AD
:20D97A0000000000000000000000000000000000000000000000000000000000000000008D
:20D99A0000000000000000000000000000000000000000000000000000000000000000006D
:20D9BA0000000000000000000000000000000000000000000000000000000000000000004D
:20D9DA0000000000000000000000000000000000000000000000000000000000000000002D
:20D9FA0000000000000000000000000000000000000000000000000000000000000000000D
:20DA1A000000000000000000000000000000000000000000000000000000000000000000EC
:20DA3A000000000000000000000000000000000000000000000000000000000000000000CC
:20DA5A000000000000000000000000000000000000000000000000000000000000000000AC
:20DA7A0000000000000000000000000000000000000000000000000000000000000000008C
:20DA9A0000000000000000000000000000000000000000000000000000000000000000006C
:20DABA0000000000000000000000000000000000000000000000000000000000000000004C
:20DADA0000000000000000000000000000000000000000000000000000000000000000002C
:20DAFA0000000000000000000000000000000000000000000000000000000000000000000C
:20DB1A000000000000000000000000000000000000000000000000000000000000000000EB
:20DB3A000000000000000000000000000000000000000000000000000000000000000000CB
:20DB5A000000000000000000000000000000000000000000000000000000000000000000AB
:20DB7A0000000000000000000000000000000000000000000000000000000000000000008B
:20DB9A0000000000000000000000000000000000000000000000000000000000000000006B
:20DBBA0000000000000000000000000000000000000000000000000000000000000000004B
:20DBDA0000000000000000000000000000000000000000000000000000000000000000002B
:20DBFA0000000000000000000000000000000000000000000000000000000000000000000B
:20DC1A000000000000000000000000000000000000000000000000000000000000000000EA
:20DC3A000000000000000000000000000000000000000000000000000000000000000000CA
:20DC5A000000000000000000000000000000000000000000000000000000000000000000AA
:20DC7A0000000000000000000000000000000000000000000000000000000000000000008A
:20DC9A0000000000000000000000000000000000000000000000000000000000000000006A
:20DCBA0000000000000000000000000000000000000000000000000000000000000000004A
:20DCDA0000000000000000000000000000000000000000000000000000000000000000002A
:20DCFA0000000000000000000000000000000000000000000000000000000000000000000A
:20DD1A000000000000000000000000000000000000000000000000000000000000000000E9
:20DD3A000000000000000000000000000000000000000000000000000000000000000000C9
:20DD5A000000000000000000000000000000000000000000000000000000000000000000A9
:20DD7A00000000000000000000000000000000000000000000000000000000000000000089
:20DD9A00000000000000000000000000000000000000000000000000000000000000000069
:20DDBA00000000000000000000000000000000000000000000000000000000000000000049
:20DDDA00000000000000000000000000000000000000000000000000000000000000000029
:20DDFA00000000000000000000000000000000000000000000000000000000000000000009
:20DE1A000000000000000000000000000000000000000000000000000000000000000000E8
:20DE3A000000000000000000000000000000000000000000000000000000000000000000C8
:20DE5A000000000000000000000000000000000000000000000000000000000000000000A8
:20DE7A00000000000000000000000000000000000000000000000000000000000000000088
:20DE9A00000000000000000000000000000000000000000000000000000000000000000068
:20DEBA00000000000000000000000000000000000000000000000000000000000000000048
:20DEDA00000000000000000000000000000000000000000000000000000000000000000028
:20DEFA00000000000000000000000000000000000000000000000000000000000000000008
:20DF1A000000000000000000000000000000000000000000000000000000000000000000E7
:20DF3A000000000000000000000000000000000000000000000000000000000000000000C7
:20DF5A000000000000000000000000000000000000000000000000000000000000000000A7
:20DF7A00000000000000000000000000000000000000000000000000000000000000000087
:20DF9A00000000000000000000000000000000000000000000000000000000000000000067
:20DFBA00000000000000000000000000000000000000000000000000000000000000000047
:20DFDA00000000000000000000000000000000000000000000000000000000000000000027
:20DFFA00000000000000000000000000000000000000000000000000000000000000000007
:20E01A000000000000000000000000000000000000000000000000000000000000000000E6
:20E03A000000000000000000000000000000000000000000000000000000000000000000C6
:20E05A000000000000000000000000000000000000000000000000000000000000000000A6
:20E07A00000000000000000000000000000000000000000000000000000000000000000086
:20E09A00000000000000000000000000000000000000000000000000000000000000000066
:20E0BA00000000000000000000000000000000000000000000000000000000000000000046
:20E0DA00000000000000000000000000000000000000000000000000000000000000000026
:20E0FA00000000000000000000000000000000000000000000000000000000000000000006
:20E11A000000000000000000000000000000000000000000000000000000000000000000E5
:20E13A000000000000000000000000000000000000000000000000000000000000000000C5
:20E15A000000000000000000000000000000000000000000000000000000000000000000A5
:20E17A00000000000000000000000000000000000000000000000000000000000000000085
:20E19A00000000000000000000000000000000000000000000000000000000000000000065
:20E1BA00000000000000000000000000000000000000000000000000000000000000000045
:20E1DA00000000000000000000000000000000000000000000000000000000000000000025
:20E1FA00000000000000000000000000000000000000000000000000000000000000000005
:20E21A000000000000000000000000000000000000000000000000000000000000000000E4
:20E23A000000000000000000000000000000000000000000000000000000000000000000C4
:20E25A000000000000000000000000000000000000000000000000000000000000000000A4
:20E27A00000000000000000000000000000000000000000000000000000000000000000084
:20E29A00000000000000000000000000000000000000000000000000000000000000000064
:20E2BA00000000000000000000000000000000000000000000000000000000000000000044
:20E2DA00000000000000000000000000000000000000000000000000000000000000000024
:20E2FA00000000000000000000000000000000000000000000000000000000000000000004
:20E31A000000000000000000000000000000000000000000000000000000000000000000E3
:20E33A000000000000000000000000000000000000000000000000000000000000000000C3
:20E35A000000000000000000000000000000000000000000000000000000000000000000A3
:20E37A00000000000000000000000000000000000000000000000000000000000000000083
:20E39A00000000000000000000000000000000000000000000000000000000000000000063
:20E3BA00000000000000000000000000000000000000000000000000000000000000000043
:20E3DA00000000000000000000000000000000000000000000000000000000000000000023
:20E3FA00000000000000000000000000000000000000000000000000000000000000000003
:20E41A000000000000000000000000000000000000000000000000000000000000000000E2
:20E43A000000000000000000000000000000000000000000000000000000000000000000C2
:20E45A000000000000000000000000000000000000000000000000000000000000000000A2
:20E47A00000000000000000000000000000000000000000000000000000000000000000082
:20E49A00000000000000000000000000000000000000000000000000000000000000000062
:20E4BA00000000000000000000000000000000000000000000000000000000000000000042
:20E4DA00000000000000000000000000000000000000000000000000000000000000000022
:20E4FA00000000000000000000000000000000000000000000000000000000000000000002
:20E51A000000000000000000000000000000000000000000000000000000000000000000E1
:20E53A000000000000000000000000000000000000000000000000000000000000000000C1
:20E55A000000000000000000000000000000000000000000000000000000000000000000A1
:20E57A00000000000000000000000000000000000000000000000000000000000000000081
:20E59A00000000000000000000000000000000000000000000000000000000000000000061
:20E5BA00000000000000000000000000000000000000000000000000000000000000000041
:20E5DA00000000000000000000000000000000000000000000000000000000000000000021
:20E5FA00000000000000000000000000000000000000000000000000000000000000000001
:20E61A000000000000000000000000000000000000000000000000000000000000000000E0
:20E63A000000000000000000000000000000000000000000000000000000000000000000C0
:20E65A000000000000000000000000000000000000000000000000000000000000000000A0
:20E67A00000000000000000000000000000000000000000000000000000000000000000080
:20E69A00000000000000000000000000000000000000000000000000000000000000000060
:20E6BA00000000000000000000000000000000000000000000000000000000000000000040
:20E6DA00000000000000000000000000000000000000000000000000000000000000000020
:20E6FA00000000000000000000000000000000000000000000000000000000000000000000
:20E71A000000000000000000000000000000000000000000000000000000000000000000DF
:20E73A000000000000000000000000000000000000000000000000000000000000000000BF
:20E75A0000000000000000000000000000000000000000000000000000000000000000009F
:20E77A0000000000000000000000000000000000000000000000000000000000000000007F
:20E79A0000000000000000000000000000000000000000000000000000000000000000005F
:20E7BA0000000000000000000000000000000000000000000000000000000000000000003F
:20E7DA0000000000000000000000000000000000000000000000000000000000000000001F
:20E7FA000000000000000000000000000000000000000000000000000000000000000000FF
:20E81A000000000000000000000000000000000000000000000000000000000000000000DE
:20E83A000000000000000000000000000000000000000000000000000000000000000000BE
:20E85A0000000000000000000000000000000000000000000000000000000000000000009E
:20E87A0000000000000000000000000000000000000000000000000000000000000000007E
:20E89A0000000000000000000000000000000000000000000000000000000000000000005E
:20E8BA0000000000000000000000000000000000000000000000000000000000000000003E
:20E8DA0000000000000000000000000000000000000000000000000000000000000000001E
:20E8FA000000000000000000000000000000000000000000000000000000000000000000FE
:20E91A000000000000000000000000000000000000000000000000000000000000000000DD
:20E93A000000000000000000000000000000000000000000000000000000000000000000BD
:20E95A0000000000000000000000000000000000000000000000000000000000000000009D
:20E97A0000000000000000000000000000000000000000000000000000000000000000007D
:20E99A0000000000000000000000000000000000000000000000000000000000000000005D
:20E9BA0000000000000000000000000000000000000000000000000000000000000000003D
:20E9DA0000000000000000000000000000000000000000000000000000000000000000001D
:20E9FA000000000000000000000000000000000000000000000000000000000000000000FD
:20EA1A000000000000000000000000000000000000000000000000000000000000000000DC
:20EA3A000000000000000000000000000000000000000000000000000000000000000000BC
:20EA5A0000000000000000000000000000000000000000000000000000000000000000009C
:20EA7A0000000000000000000000000000000000000000000000000000000000000000007C
:20EA9A0000000000000000000000000000000000000000000000000000000000000000005C
:20EABA0000000000000000000000000000000000000000000000000000000000000000003C
:20EADA0000000000000000000000000000000000000000000000000000000000000000001C
:20EAFA000000000000000000000000000000000000000000000000000000000000000000FC
:20EB1A000000000000000000000000000000000000000000000000000000000000000000DB
:20EB3A000000000000000000000000000000000000000000000000000000000000000000BB
:20EB5A0000000000000000000000000000000000000000000000000000000000000000009B
:20EB7A0000000000000000000000000000000000000000000000000000000000000000007B
:20EB9A0000000000000000000000000000000000000000000000000000000000000000005B
:20EBBA0000000000000000000000000000000000000000000000000000000000000000003B
:20EBDA0000000000000000000000000000000000000000000000000000000000000000001B
:20EBFA000000000000000000000000000000000000000000000000000000000000000000FB
:20EC1A000000000000000000000000000000000000000000000000000000000000000000DA
:20EC3A000000000000000000000000000000000000000000000000000000000000000000BA
:20EC5A0000000000000000000000000000000000000000000000000000000000000000009A
:20EC7A0000000000000000000000000000000000000000000000000000000000000000007A
:20EC9A0000000000000000000000000000000000000000000000000000000000000000005A
:20ECBA0000000000000000000000000000000000000000000000000000000000000000003A
:20ECDA0000000000000000000000000000000000000000000000000000000000000000001A
:20ECFA000000000000000000000000000000000000000000000000000000000000000000FA
:20ED1A000000000000000000000000000000000000000000000000000000000000000000D9
:20ED3A000000000000000000000000000000000000000000000000000000000000000000B9
:20ED5A00000000000000000000000000000000000000000000000000000000000000000099
:20ED7A00000000000000000000000000000000000000000000000000000000000000000079
:20ED9A00000000000000000000000000000000000000000000000000000000000000000059
:20EDBA00000000000000000000000000000000000000000000000000000000000000000039
:20EDDA00000000000000000000000000000000000000000000000000000000000000000019
:20EDFA000000000000000000000000000000000000000000000000000000000000000000F9
:20EE1A000000000000000000000000000000000000000000000000000000000000000000D8
:20EE3A000000000000000000000000000000000000000000000000000000000000000000B8
:20EE5A00000000000000000000000000000000000000000000000000000000000000000098
:20EE7A00000000000000000000000000000000000000000000000000000000000000000078
:20EE9A00000000000000000000000000000000000000000000000000000000000000000058
:20EEBA00000000000000000000000000000000000000000000000000000000000000000038
:20EEDA00000000000000000000000000000000000000000000000000000000000000000018
:20EEFA000000000000000000000000000000000000000000000000000000000000000000F8
:20EF1A000000000000000000000000000000000000000000000000000000000000000000D7
:20EF3A000000000000000000000000000000000000000000000000000000000000000000B7
:20EF5A00000000000000000000000000000000000000000000000000000000000000000097
:20EF7A00000000000000000000000000000000000000000000000000000000000000000077
:20EF9A00000000000000000000000000000000000000000000000000000000000000000057
:20EFBA00000000000000000000000000000000000000000000000000000000000000000037
:20EFDA00000000000000000000000000000000000000000000000000000000000000000017
:20EFFA000000000000000000000000000000000000000000000000000000000000000000F7
:20F01A000000000000000000000000000000000000000000000000000000000000000000D6
:20F03A000000000000000000000000000000000000000000000000000000000000000000B6
:20F05A00000000000000000000000000000000000000000000000000000000000000000096
:20F07A00000000000000000000000000000000000000000000000000000000000000000076
:20F09A00000000000000000000000000000000000000000000000000000000000000000056
:20F0BA00000000000000000000000000000000000000000000000000000000000000000036
:20F0DA00000000000000000000000000000000000000000000000000000000000000000016
:20F0FA000000000000000000000000000000000000000000000000000000000000000000F6
:20F11A000000000000000000000000000000000000000000000000000000000000000000D5
:20F13A000000000000000000000000000000000000000000000000000000000000000000B5
:20F15A00000000000000000000000000000000000000000000000000000000000000000095
:20F17A00000000000000000000000000000000000000000000000000000000000000000075
:20F19A00000000000000000000000000000000000000000000000000000000000000000055
:20F1BA00000000000000000000000000000000000000000000000000000000000000000035
:20F1DA00000000000000000000000000000000000000000000000000000000000000000015
:20F1FA000000000000000000000000000000000000000000000000000000000000000000F5
:20F21A000000000000000000000000000000000000000000000000000000000000000000D4
:20F23A000000000000000000000000000000000000000000000000000000000000000000B4
:20F25A00000000000000000000000000000000000000000000000000000000000000000094
:20F27A00000000000000000000000000000000000000000000000000000000000000000074
:20F29A00000000000000000000000000000000000000000000000000000000000000000054
:20F2BA00000000000000000000000000000000000000000000000000000000000000000034
:20F2DA00000000000000000000000000000000000000000000000000000000000000000014
:20F2FA000000000000000000000000000000000000000000000000000000000000000000F4
:20F31A000000000000000000000000000000000000000000000000000000000000000000D3
:20F33A000000000000000000000000000000000000000000000000000000000000000000B3
:20F35A00000000000000000000000000000000000000000000000000000000000000000093
:20F37A00000000000000000000000000000000000000000000000000000000000000000073
:20F39A00000000000000000000000000000000000000000000000000000000000000000053
:20F3BA00000000000000000000000000000000000000000000000000000000000000000033
:20F3DA00000000000000000000000000000000000000000000000000000000000000000013
:20F3FA000000000000000000000000000000000000000000000000000000000000000000F3
:20F41A000000000000000000000000000000000000000000000000000000000000000000D2
:20F43A000000000000000000000000000000000000000000000000000000000000000000B2
:20F45A00000000000000000000000000000000000000000000000000000000000000000092
:20F47A00000000000000000000000000000000000000000000000000000000000000000072
:20F49A00000000000000000000000000000000000000000000000000000000000000000052
:20F4BA00000000000000000000000000000000000000000000000000000000000000000032
:20F4DA00000000000000000000000000000000000000000000000000000000000000000012
:20F4FA000000000000000000000000000000000000000000000000000000000000000000F2
:20F51A000000000000000000000000000000000000000000000000000000000000000000D1
:20F53A000000000000000000000000000000000000000000000000000000000000000000B1
:20F55A00000000000000000000000000000000000000000000000000000000000000000091
:20F57A00000000000000000000000000000000000000000000000000000000000000000071
:20F59A00000000000000000000000000000000000000000000000000000000000000000051
:20F5BA00000000000000000000000000000000000000000000000000000000000000000031
:20F5DA00000000000000000000000000000000000000000000000000000000000000000011
:20F5FA000000000000000000000000000000000000000000000000000000000000000000F1
:20F61A000000000000000000000000000000000000000000000000000000000000000000D0
:20F63A000000000000000000000000000000000000000000000000000000000000000000B0
:20F65A00000000000000000000000000000000000000000000000000000000000000000090
:20F67A00000000000000000000000000000000000000000000000000000000000000000070
:20F69A00000000000000000000000000000000000000000000000000000000000000000050
:20F6BA00000000000000000000000000000000000000000000000000000000000000000030
:20F6DA00000000000000000000000000000000000000000000000000000000000000000010
:20F6FA000000000000000000000000000000000000000000000000000000000000000000F0
:20F71A000000000000000000000000000000000000000000000000000000000000000000CF
:20F73A000000000000000000000000000000000000000000000000000000000000000000AF
:20F75A0000000000000000000000000000000000000000000000000000000000000000008F
:20F77A0000000000000000000000000000000000000000000000000000000000000000006F
:20F79A0000000000000000000000000000000000000000000000000000000000000000004F
:20F7BA0000000000000000000000000000000000000000000000000000000000000000002F
:20F7DA0000000000000000000000000000000000000000000000000000000000000000000F
:20F7FA000000000000000000000000000000000000000000000000000000000000000000EF
:20F81A000000000000000000000000000000000000000000000000000000000000000000CE
:20F83A000000000000000000000000000000000000000000000000000000000000000000AE
:20F85A0000000000000000000000000000000000000000000000000000000000000000008E
:20F87A0000000000000000000000000000000000000000000000000000000000000000006E
:20F89A0000000000000000000000000000000000000000000000000000000000000000004E
:20F8BA0000000000000000000000000000000000000000000000000000000000000000002E
:20F8DA0000000000000000000000000000000000000000000000000000000000000000000E
:20F8FA000000000000000000000000000000000000000000000000000000000000000000EE
:20F91A000000000000000000000000000000000000000000000000000000000000000000CD
:20F93A000000000000000000000000000000000000000000000000000000000000000000AD
:20F95A0000000000000000000000000000000000000000000000000000000000000000008D
:20F97A0000000000000000000000000000000000000000000000000000000000000000006D
:20F99A0000000000000000000000000000000000000000000000000000000000000000004D
:20F9BA0000000000000000000000000000000000000000000000000000000000000000002D
:20F9DA0000000000000000000000000000000000000000000000000000000000000000000D
:20F9FA000000000000000000000000000000000000000000000000000000000000000000ED
:20FA1A000000000000000000000000000000000000000000000000000000000000000000CC
:20FA3A000000000000000000000000000000000000000000000000000000000000000000AC
:20FA5A0000000000000000000000000000000000000000000000000000000000000000008C
:20FA7A0000000000000000000000000000000000000000000000000000000000000000006C
:20FA9A0000000000000000000000000000000000000000000000000000000000000000004C
:20FABA0000000000000000000000000000000000000000000000000000000000000000002C
:20FADA0000000000000000000000000000000000000000000000000000000000000000000C
:20FAFA000000000000000000000000000000000000000000000000000000000000000000EC
:20FB1A000000000000000000000000000000000000000000000000000000000000000000CB
:20FB3A000000000000000000000000000000000000000000000000000000000000000000AB
:20FB5A0000000000000000000000000000000000000000000000000000000000000000008B
:20FB7A0000000000000000000000000000000000000000000000000000000000000000006B
:20FB9A0000000000000000000000000000000000000000000000000000000000000000004B
:20FBBA0000000000000000000000000000000000000000000000000000000000000000002B
:20FBDA0000000000000000000000000000000000000000000000000000000000000000000B
:02FBFA00000009
:02FBFC00E9021C
:02FBFE003D6365
:00000001FF
