:0E200000EC35220000000000E90283400010D1
:02200E000000D0
:2020100002010000000101005B0451020000000000020101000000000003000002000000F0
:20203000000000002C012C012CD102002CB104002C410600000000000000000000000000E3
:202050002CD102002CC103002CB104002C4106003C2176C00000000000000000000000009A
:20207000000000003C0100000000000000070000011052656E657361732054657374204604
:2020900057000000000000001C001C00A700750130021F03CD07D108AC09EC0A03001400C1
:2020B0001E00280050005A0064007800A039663770377A37C839623782373638B938C638C6
:2020D000D038DA38DF38613992399839AE39B339B839C539BD3900000000000000000000D1
:2020F0000000000000000000000000000102040810204080F43600000000000000000000A7
:202110000000000000000000000000000000000000000000000000000000000000000000AF
:202130000000000000000000000000000000000000000000FB36000000000000000000005E
:2021500000000000000000000000000000000000000000000000000000000000000000006F
:202170000000000000000000000000000000000000000000320011011900FA003C000100BB
:2021900088134303B301F4013B01BC02FB046419AD022C01110158022D6E1919966E016EA7
:2021B000161B10FA6464FA28C8FA0F28320A051EFA00FA00FA00FA000A0072010A0014000F
:2021D0004A7D1ED414474E4033AC29CCB8653D9B0000066B065D1860765EA35E745FB95F78
:2021F00009602660DD600261CF5D165E585DB95D0000000000000000000000000000BF6FA7
:202210007471097026706C7036700C712E7143717F70BD70DE70F970000000000000000095
:052230000000000000A9
:20223500CBF820FE30A0FDFCC12300FCBA23003658F93086FBEF04CC0000A747DFF936200F
:20225500FE30E0FEEF04CC0000A747DFF94100320000EF08B3114978AE4858F9F643DFF496
:202275004100320000EF08B3114978AE4820FEF643DFF4FC892800ECF00000F6EFFEFD9938
:2022950023C1E1FC123D00C0ED9223FD9923C15102FC123D00C0ED9223FD9923C15103FC73
:2022B500123D00C0ED9223FD9923C15104FC123D00C0ED9223FD9923C15105FC123D00C001
:2022D500ED9223FD9923C15106FC123D00C0ED9223FD9923C15107FC123D00C0ED9223FD4D
:2022F5009923C15108FC123D00C0ED9223FD9923C1510BFC123D00C0ED9223FD9923C151F8
:202315000CFC123D00C0EF75FD9923C1510DFC123D00C0EF68FD9923C1510EFC123D00C00F
:20233500EF5BFD9923C1510FFC123D00C0EF4EFD9923C15110FC123D00C0EF41FD9923C18C
:202355005111FC123D00C0EF34FD9923C15112FC123D00C0EF27FD9923C15113FC123D00B1
:20237500C0EF1AFD9923C15114FC123D00C0EF0DFD9923C15115FC123D00C0EF009EFC60C5
:0C2395009EFD61FC61FF8EFD708EFCD788
:1023A10033053503164361F8D7B5B7899B17EFF5A8
:2023B100CFF00031CFFC009CD7717BFAFEF1FFD716C80300AEF82761D339315E12F643DD61
:2023D10027BBBC02BC04BC06BC08BC0ABC0CBC0EBC10BC12BC14BC16BC18BC1ABC1CBC1E16
:2023F1003704200037B3EFD6AEF847DD06F6BBA7A7EFF5D7F558F9F559F9F6BF5CF9BF6082
:20241100F9BF5EF9F562F9F55AF9F55BF934FC0089719A99F6BF0805340000F75110FCFA1A
:202431003C00715BE7D7FC153B00D1DD07AF0405318DDE15D5BCF9DF10D55BF9DF0BFC06CD
:202451003B00D161E8CFBCF9FF8F58F991D1DD1291D1DD224C05DF798F59F9D1DF4B510E1D
:20247100EF4F8F59F9D1DF045106EF4591DF045102EF3EE1EF3BAF5CF9440000DD53125113
:2024910007FCC245004C02DF485107FCB2450030FFFF025CF9BF5CF96168DF2FF6BF000537
:2024B100CF5AF908CF58F918D791DF04510AEF01F1CF58F902318E1230FFFF025EF9318DEA
:2024D10003BF0005AF5CF96168DD065107FCA24500D7D558F961F8BF0C05D7C5C3C7C177B5
:2024F100AF0805B8028F58F973D1DD08634C0661E8EEA800625080D6128800318E1467FBE1
:20251100F8FFF0616B08616A616C08616DBF1005A80CBF5EF9A8066168DD04530FEF01F346
:20253100A806BF60F9639F62F988059F59F98B318E311EDC2CE6025EF9311EB804301405B5
:20255100F7EF10130161090614A914AB35B9AB040200A3BB13614904DCE9510032EE25EF6C
:20257100055100325326318E145110FCFA3C004059F901880270DF0971BA9802606C09EFE5
:2025910002718A9802A802BF0805D558F9DF03E1EF0251079F58F9A80EBF5CF91008D78FB3
:2025B10058F94C18DD044C06DF04F6BF0005F558F9D7717BFA300F00BF0405F6BF08053485
:2025D1000000F75110FCFA3C008F58F9318E31FDDE04F6BF0005F558F9717AFAD7C7AF047B
:2025F10005B800AEF816319503F1EF07AEF81631A3F7E1D1880070DF168800311A5C0273D7
:2026110060719C6371A99F5AF9CF58F918EF13313506CF58F906EF0AAEF816318522CF584D
:20263100F9085107FCB24500300F00BF0405F6BF0805340000F75110FCFA3C00FC4C42002C
:20265100C0D7C7AF0405B800AEF816319503F1EF07AEF81631A3F7E1D1880070DF16880081
:20267100311A5C027360719C6371A99F5AF9CF58F918EF13313506CF58F906EF0AAEF816D0
:20269100318538CF58F9085107FCB245004058F918DD10E6025EF9311E14DB60F930140513
:2026B100FE1A00300F00BF0405F6BF0805340000F75110FCFA3C00FC4C4200C0D7C1C7C3FE
:2026D100F6EF1AA80416AB12C6C713BBA804040200B804A800040200B800A802A1B80245F2
:2026F100DCE11006D7713AEE713AEA3492013000C0B9AA26085CFD08BA26AA28085CFD082D
:20271100BA28AA24086CF008BA24D7714AEE714AEA349401300080B9AA24085CFB08BA2444
:20273100AA26085CFB08BA26AA226C02BA22D7715AEE715AEA3496013000C0B9AA22085C72
:20275100F708BA22AA24085CF708BA24AA206C10BA20D77140F300D7C1712BE3CB90000071
:20277100712BE75115FCFA3C00A80012314D23B16C805C8FBE90C0D7712AE7340000F75167
:2027910015FCFA3C00712BE3CB900000D7CEABACD7C1510BFCFA3C00A800FEAF00BD1A7148
:2027B1003BE2713BE634B201A9086C0208B9C0D7C1510CFCFA3C0034B601A9085C0F08B9E3
:2027D100A80044D107DC06A9086CF0EF0D441500A908DC046CA0EF026C4008B9A800FE6BD4
:2027F10000BE64714BE2714BE634B201A9086C0408B9C0D7AFB00160311A5C01D7C1510DA8
:20281100FCFA3C00A800FE4300BE66715BE2715BE634B201A9086C0808B9C0D734B401A912
:20283100086C0208B9713BE2713AE6D734B401A9086C0408B9714BE2714AE6D734B401A9E7
:20285100086C0808B9715BE2715AE6D744D107DC1232DC0234E803CEFB01360000CEFB0BE7
:2028710000B1D7441500DC0832EA00340A00EFE732DC05CEFB02B1D7C7FC4C2900FC9E3EDC
:2028910000EE8F00AF7AFB6168DF26AF7CFB6168DF1FAF9CF96168DF18AF9EF9085CF00825
:2028B1006168DF0D51F05FA1F9D1DD05D5BCF9DD06FCD92F00EF50FC96340070880061583E
:2028D10091D1DD270CFED1DD264C04DF3AFCD63E00FC573F00125100318E1413329E27FC5C
:2028F10069270061FDFCA93E00EF1861EDEF18FC573F00125100318E1413329E27FC69273C
:202911000061EDFC892700FCB82900FC543A00FC372400FC1B3E009801FC7A2E009800FCC8
:20293100072F00738801708800615063615898008F7BFB317303EE4BFFC0D730013CFC5FB4
:202951004200300300C1340400F73060EAFC4D4300C0340601F73060EAFC95430032030086
:20297100300303FCC343005400F7F6FC764400F1FC2A46003064F9BF82FB3080F9BF7EFB10
:20299100300101FC4D3D00FC4E2F00717AFAD7340600F73060EAFC954300D7340601F73081
:2029B10060EAFC954300D78FBAF9318E311EDC0E510F5FA1F9D1DD079161F8FE9C00D7FE70
:2029D1001400D7F6BF9CF9BF9EF9BFA0F9510F5FA1F99FA1F9D78FBEF973318E311EDE0AEB
:2029F10063718B9FBEF9F5A0F9D78FA0F94C02DC350CFED1DD3991D1DD3F91D1DD4591D1D0
:202A1100DD4E91DF2063718B9FBEF971389FF9E16FA1F95CF19FA1F9F5A0F951106FA1F98C
:202A31005C1F9FA1F9D7E5AAF9CFA0F902EF1CCFAAF902CFA0F903EF12CFAAF903CFA0F940
:202A510004EF08CFAAF904CFA0F9057100BAF9D7CFAAF905CFA0F906EFF18F9CF9703105FD
:202A71001DAF9CF9440100DF04FE5F00D7E16FA1F95CF19FA1F9E6F5A0F9BF9CF9D7311533
:202A910004FE9000D7312504FE4301D731351AAF9CF9440800DF04FE9E01D7E16FA1F95C9C
:202AB100F19FA1F9300800EFCE315504FEEF01D7316504FE6B02D78F9DF9310506718B9FBF
:202AD1009DF9D760317503FE2503D78FBEF973318E311EDE1363718B9FBEF971309FF9715B
:202AF100089CF9F5A1F9EF1C8FA0F9D1DD1A4C0ADF1571089CF971389FF951106FA1F95C3F
:202B11001F9FA1F9F5A0F9D7E5AAF9CFA0F90A7100BAF9D78FBEF973318E311EDE13637166
:202B31008B9FBEF971309FF971189CF9F5A1F9EF3C8FA0F9D1DD3A0CECD1DD3F91D1DD4519
:202B510091D1DD4B91D1DD5191D1DD5791D1DD5D91D1DD6391D1DD6C91DF1571189CF971B7
:202B7100389FF951206FA1F95C2F9FA1F9F5A0F9D7CFAAF902CFA0F914EF44CFAAF903CF6A
:202B9100A0F915EF3ACFAAF904CFA0F916EF30CFAAF905CFA0F917EF26CFAAF907CFA0F94E
:202BB10018EF1CCFAAF908CFA0F919EF12CFAAF909CFA0F91AEF08CFAAF90ACFA0F91B7181
:202BD10000BAF9D7CFAAF911CFA0F91CEFF18FBEF973318E311EDE1363718B9FBEF9713065
:202BF1009FF971289CF9F5A1F9EF1E8FA0F9D1DD1C0CE2D1DD2191D1DD2791D1DD3091DF6E
:202C11000B71289CF971389FF9F5A0F9D7CFAAF907CFA0F91EEF12CFAAF908CFA0F91FEFD4
:202C310008CFAAF909CFA0F9207100BAF9D7CFAAF90ACFA0F921EFF18FBEF973318E311ED1
:202C5100DE1563718B9FBEF971309FF971389CF9F5A1F9F5A0F9D78FA0F9D1DD1E0CD8D1A7
:202C7100DD3391DF1571389CF971389FF9F5A0F951106FA1F95C1F9FA1F9D7FC53420061BA
:202C910068DF045105EF0251149FAAF9CFA0F9287100BAF9D7E5AAF9CFA0F929EFF28FBE18
:202CB100F973318E311EDE1563718B9FBEF971309FF971589CF9F5A1F9F5A0F9D78FA0F92E
:202CD100D1DD2A0CCED1DD2E91D1DD3491D1DD3A91D1DD4391DF1571589CF971389FF9F5CE
:202CF100A0F951106FA1F95C1F9FA1F9D7E5AAF9CFA0F932EF1CCFAAF902CFA0F933EF12F8
:202D1100CFAAF903CFA0F934EF08CFAAF904CFA0F9357100BAF9D7CFAAF914CFA0F936EF79
:202D3100F18FBEF973318E311EDE1563718B9FBEF971309FF971689CF9F5A1F9F5A0F9D787
:202D51008FA0F9D1DD2E0CD9D1DD3391D1DD3991D1DD3F91D1DD4591D1DD4E91DF15716833
:202D71009CF971389FF9F5A0F951306FA1F95C3F9FA1F9D7CFAAF915CFA0F927EF26CFAA05
:202D9100F90BCFA0F928EF1CCFAAF90CCFA0F929EF12CFAAF90DCFA0F92AEF08CFAAF90EEB
:202DB100CFA0F92B7100BAF9D7CFAAF910CFA0F92CEFF18FBEF973318E311EDE1363718B67
:202DD1009FBEF971309FF971089DF9F5A1F9EF0E8FA0F9D1DD0C4C32DF0771089DF9F5A0CE
:202DF100F9D7CFAAF90FCFA0F9327100BAF9D7C78FBEF973318E311EDE1363718B9FBEF9A8
:202E110071309FF971789CF9F5A1F9EF3E8FA0F9D1DD3D0CC4D1DD4691DF33FC4F3F00B872
:202E310000880031051DAEF81631951751FD5F9EF973AFA2F9F05C604400406361F8719A15
:202E51009F9EF971789CF971389FF9F5A0F9C0D7CFAAF913CFA0F93C7100BAF9EFF0CFAAA2
:202E7100F912CFA0F93DEFF0D78FAEF9310505712308EF1731150E712308F5AFF95109FCE5
:202E9100A24500EF0C3125097122085109FCB24500F5AEF9320A005109FCC245004C02DF96
:202EB100238FAFF9819FAFF9318E443200DC0F8D0871AC8D0871A97C049D08F5AFF9510942
:202ED100FCA24500320A005109FCC24500D1E161F85107D7FCF626005100318E14322A2F64
:202EF1005107FCFA3C00711208711A28710BE5F5B0F9F5B1F9D740B0F9018FB1F9DF08D1A9
:202F1100DF0BF5B0F9EF06D161E8E5B0F9FC052800D1510361F85107D7FC4C420051003199
:202F31008E14323E2F30E803FCA22700D731140803F1EF01E19FB1F9FC2D2800D771630130
:202F5100716B21717301717B2171005500710205710B2571105500711205711B25711307F8
:202F7100711B27713307713B2771005800710208710B2871205800712208712B2836530056
:202F91008CA9719A9CA97182710203710B237192711203711B2371A2712203712B23F6BF3E
:202FB100B2F9F5B4F9F5B5F9F5B6F9FC402700FC642700FCD42900FC103A00FC052400FC22
:202FD100792E00FCE52E00D7C7FC4F3F00B8008F7CFB73310303EE9700AEF8163185227110
:202FF1001307FCB236008800719C8FAEF9DE04718AEF02719A9FAEF971087CFBF5B5F9EF56
:2030110055D5B5F9DF23F5B4F97120AEF9367AFB31930E5108FCA24500711207E5B5F9EF26
:203031003563718B9F7CFBEF2D5103FC4A3B003173247C80442083DC0D328A025108FCC27B
:2030510045004C02DF105108FCB24500F5B5F971130771087CFB367CFB318503EE2001D529
:20307100B5F961E8EE18015108FCB24500EE0F0131151FAEF8168FAEF9319504718AEF02EA
:20309100719A9FAEF95108FCB2450071187CFBEEED0031250471ABEF3631351AAEF816319F
:2030B100930DFC1E4600D1DD065108FCA2450071387CFBEEC9003145115108FCB24500F174
:2030D100FEEA0171487CFBEEB50031550871DB9F7CFBEEAA003165538F85FB705CC04C408B
:2030F100DF4460311A5C1F4C06DF18EB82FBAA02314DDE32FC1A42004C0861F8EE800051C7
:2031110014EF1860311A5C1F4C0FDF73AEF81631E50EEB82FBA901DC075110F0FC973F00B8
:2031310071687CFBEF596371EBEFA48F7DFB73313518AEF8163195056371BBEF12AF9CF941
:203151006168DF3B71609CF9EFEE31250771AB9F7DFBEF2B31450C5108FCB2450071487D8A
:20317100FBEF1C31550C5108FCB2450071587DFBEF0D31650A5108FCB2450071687DFB8F51
:203191007AFB7331750D71630171730171787AFBEE1801316515AEF81631B505716201EF4F
:2031B1000371720171687AFBEE0001311551D5B5F9DF0A71009CF9E5B5F9EEEE008F9FF93B
:2031D10031350771BB9F9FF9EF145103FC4A3B0012317503EED4007C80442183DE0D711366
:2031F1000771187AFBF5B5F9EEC000137C80447D9561C8EEB500713307711207EEAC003137
:20321100451CAEF816318508FC534200616861F871330771309CF971487AFBEE8D0031054F
:2032310017AF9CF9616861E8EE800071320771109CF971087AFBEF73312513AF9CF961681C
:20325100DF6971209CF96371AB9F7AFBEF5D313514AF9CF96168DF5371320771509CF971E6
:20327100387AFBEF46315510AF9CF96168DF3C71609CF96371DBEFD18F7BFB310507718B8A
:203291009F7BFBEF26369FF931B515FC1A42004C08DD18300062FC973F0071389FF9EF0BEA
:2032B100AF9EF96168DD04F6BF9EF9C0D7200491DF07F1FC2B4500EF03FE2A00B80013B895
:2032D10002EB7EFBA800B9EB7EFBA802BA02AF80FB086C045C04085CFEBF80FB300022FC60
:2032F100973F001004D72010300001FC8B45009801E6FC8B45009806F6B804B802EE780113
:20331100F2E0FC424500B80C13B80E88019161E8EE7F00E2300001FC424500B80813B80AAF
:20333100A8085C0312A802F05CFC0316B802A804085CF00814A8085C0312316E05B80431C8
:20335100AC175C0303B802880571CA5C9F9805A8085C0312A80C5C0343DE2FA80C5C031274
:20337100A802F05CFC0316B802A804085CF00814A80C5C0312316E05B80431AC175C030380
:20339100B802AEF80405001671A2A80412A802EEF000880F5CC04CC0DF678806E2F0FC42A1
:2033B1004500B80813B80A880C71FB70880871FB614861F3EEBB00A80E311EF112A80A3125
:2033D1001EF14361F3EEAA00AEF8040D001688094D61D8EE9C0088026C145C949802A804F0
:2033F100086C025CF208B804A8026C4E5C4FB802880131495C707088055C8F61089805EFBF
:2034110089880F5CC0D1DF6A8806EF60E2F0FC42450014B80813B80A12316C1531AE0314B0
:20343100A80E12316CA80C31AE03617D08617C085C036168DF33A8085C0312A80C5C034304
:20345100DC27A804085CF00814A8085C0312316E05B80431ACA8025C0303B802A8085C0309
:2034710012A802F05CFC03EF8588009198004C02DE9AFBF8FF6169018801D161E8EE80FE7D
:20349100F7F61010D7200AFC4F3F00B808E1FC4A3B00B8025104FC4A3B00B8008808311345
:2034B10003F1EF35FC1E4600D1DFF6AEF80409001631F5EDFC534200325500CEFB013600E9
:2034D10000346400CEFB0B0014A80031FF43A80061F845DECCF5B4F9E19807AEF80408007C
:2034F10016318303F1EF1DAEF8040800163193F4A80031FF440000A80061F844D959DCE41E
:20351100F5B4F9E19806A8020161D373A80244ED0ADC0530EC0AEF0B44A700DC05510673AB
:20353100EF5AF6BFB2F9EF57318F01B800049C2016A80261490061D34163318F0104AC207F
:2035510014A9B8041504020016A800049C20B80014A914ABFBF8FF61290412A80225CEFBEA
:2035710001B802AB04020016AB2514A802360000CEFB0B0012A80403EFA993633175A9AFD3
:20359100B2F9445100DC0BF5B4F9E19801C80003EF10443D00F19801DE05E19800EF03C8EC
:2035B1000002AEF8040800163183088801D161F8FE16018FB2F9748800738806728801700A
:2035D1008807FC764400AEF804080016319330FC1E4600D1DD2932E8035108FCC245004CDD
:2035F10002DF1CFC1A42004C08DD14AEF80409001631F50BE1FCBE32005108FCB24500AE5F
:20361100F804080016319509AEF80409001631F31A8806318E12F623148801318E12880734
:20363100318E0345DF055107100AD7F1EFFAC7FC4F3F00B800880171FC8FB4F9DE49D1DF59
:2036510055AEF816EB7EFB31E5053001A0EF03300180B9AEF81631E30CAEF816319533AE5D
:20367100F81631A52DEB7EFB3000FFBA02AF80FB086C045C04085CFEBF80FB30002FFC9749
:203691003F00E5B4F9EF0F91DF0CFC1A42004C0861E8CFB4F902510740B4F90161F8F1C209
:2036B100D75100318E1432EA36510DFCFA3C00CB66B32D34B201AA046C10BA04715BE2711D
:2036D1005BE6A9086C0808B9D734B401A9086C0808B9715BE2715AE6D7E1FC173B00FC4C5F
:2036F1004200D7F5B8F9F5B9F9D78FB8F90C7FD1DD0891D1DD084C7EDF16FE1400D78F5825
:20371100F94C06DD084C08DD044C1861F8FED302D7D558F9DD05CFB8F981D7F55AF971082B
:20373100BEF9309002FCE32400FE0500CFB8F982D7200AF6B8088FAAF99175318E12654C86
:2037510015DE0E131249E620311C9EFC79BC2061CBF3EE6902300068B808533DEE5F0230C8
:203771000080B808534CEE5502F6B808534EEE4D02FC534200326500CEFB01B80013B80407
:20379100A800360000346400CEFB0B00B80213B806A802360000340C00CEFB0B001507A88B
:2037B1000412A80036000034B004CEFB0B00320C00CEFB02B804A802DF08DC0614A806123C
:2037D100EF0A040C0014A8061261D8A315360000340C00CEFB0B00FBF8FF320C00CEFB02C5
:2037F10012A8023323BBF661D8B1612906141361290416A8061261D8B14517FBF8FF61F85F
:2038110061490061D30AA802040C00B80261D8A3A802360000340C00CEFB0B00313DB8083D
:203831005349EE9901FC574200B800FC1E460075A800320A00CEFB02B80265D1F7DF14A800
:2038510002327800CEFB01360000346400CEFB0B00B802A8025C036168A80214DF04C3C689
:20387100EF0C040004B8001361D8A116A800F05CFC25B8001761D8B12316655C0375F647FC
:20389100FBF8FF1561F861490061D30AA802040004B80261D8A331DCA802313E03085C807A
:2038B10008B808534AEE1601300013B808BFA2F95348EE0901305C12B8085314EEFF0030BB
:2038D100482CB8085315EEF50030E803EFEAFC574200B800FC1E460075A800320A00CEFB95
:2038F10002B80265D1F7DF14A802327800CEFB01360000346400CEFB0B00B802A8025C0358
:203911006168A80214DF04C3C6EF0C040004B8001361D8A116A800F05CFC25B8001761D8C8
:20393100B12316655C0375F647FBF8FF1561F861490061D30AA802040004B80261D8A33155
:20395100DCA802313E03085C8008B8085347EF6EF1FC2B4500316C31AE035C03320A00CE76
:20397100FB02446400DE03F6EF11320A00CEFB010418FC313E5C1F085CFC08B808533FEF09
:203991003D300300EEE3FDFC5742006168DF05300640EF03300240B808533CEF21300648DF
:2039B100EFF5533AF1EF18534DF1EF13FC5742006168DF03F6EF03300300B8085339E17101
:2039D1008CE6C1300200C1DE0AAEF8040C00145008EF0534A2F9500963320002FCEC2400E7
:2039F100100ED74058F918DF0A7100BEF98F5AF99FBFF9FCB02500F5B8F97108BAF9D7C78D
:203A1100F5BAF9F5BBF9F5BCF9F5BDF9F5BEF9F5BFF9F1EF2388005004D61604042114AAE4
:203A31000212A90361F8DE0D17040421148A029EFCA91661FA8800819800318E440800DC55
:203A5100D4C0D7C78FBBF972D1DD28F173EF1A63318E04FC2016625DD1DD0C09FC207CFFBA
:203A71005FBBF9729FBBF98363318E440800DCDFEE8000D5BCF9DD26F173EF1B63318E0422
:203A9100FC20168FBCF9705DD1DD0A09FC207CFF61589FBCF98363318E440800DCDED5BA33
:203AB100F9DD50F1EF448801318E04FC20168FBAF998005DD1DD3088015004D616044421E6
:203AD10014AA0212A90361F8DE0F17044421148A029EFCA91661FAEF0EC2C3FBF8FF09FCC4
:203AF100207CFF5D9FBAF98801819801318E440800DCB3C0D7F612EF02A3137C8044088020
:203B1100DCF7F1D7E1D7708F79FB735C30E1DF1B6091DF108F620031150A6371AA71BB9F8A
:203B310079FBF1D7604C02DD035102D78F62003125F76371BA71ABEFE673D1DF04AF6EFB84
:203B5100D74C03DF04AF70FBD74C04DF04AF72FBD78F79FB312A5C0370636140DF04F6B179
:203B7100EF124C01DF04AF74FBD74C0230FEFF61F8AF76FBD7F614320600306EFBFC34AE8A
:203B910000710BE7CE3181717AFA3630FF32160071820071F261ED61ED710AE7AD1E316EE1
:203BB10014F6163000A8CEFB0B00BF6EFB717BFAFE2E0151CF5F79FB9F79FBD78F79FB709D
:203BD10071FB739F79FB314A5C0391DD689161F8EE8F00605C4070DD128E3031030A636CA5
:203BF1009071DB9F79FBEF39D0DF1FAF7AFB6168DF18367CFB318312AF70FB442103DE0A0E
:203C11008E30310505FED900EF178E30310512FE9E00BF72FB311E12AF70FB311E03BF70F3
:203C3100FB8F79FB705C0CDD5DFEB50051906F79FB71DBEF4D605C0CDF08CE3108605C4FA3
:203C5100EF0E63312A71BA5C0B9E316371DA5C6F9F79FB3630FF518071820071F26F79FB3C
:203C7100EF2063312A5C0391DF08FE3300BF74FBEF06FE2B00BF76FBFE660051906F79FBBA
:203C91005CD3709F79FB60317503F1EF1271EC5103DC0CAF70FB44210330070361D860D7A1
:203CB100DB6EFBAD1E316ECEFB01316C31AE03D7C7AD1E316E12AF6EFBCEFB01C3C43273D4
:203CD10000CEFB0116C0C315327300CEFB0212A8003303121736000034003CCEFB0B00C692
:203CF100D73630FF71F37183D7C3774C16C5C2DE0E675004D60400F91413BA02A800B9C6A1
:203D1100D75004D6120400F914AA026168A961F8616861F8D7130400F914AA02609EFCA98B
:203D31001661FAD7F1735004D60400F914F6BA02B983634C16DFEED7301C12D7C1FC353DD0
:203D510000F177318E120431001413CA00000441001467CA00FF81774C08DFE7CE38FFCE85
:203D710039FF51FC6FE4FF9EE4710AE5714AD4710A2236620071828801D1DD05711A227168
:203D91009288004C0ADD05712A2271A23630FF719371A371B371C271D371E3710A24FE7077
:203DB10004FC86AC00FCA5A000FC863B00FCD69A00FCE04600FCAF5600FCFE7700FC9946E7
:203DD100008F2A205080D6128F2520318E31FD168F2920318E31BDB8008F2B20318E31ADB6
:203DF100148F2620318E31ED616F08616E08FBF8FF6E01086D616C08616D616B08616A081D
:203E1100FE23088F2420C6EE3908CFD5FE07FCCD3B00FE6C08FCDB9A00FE6508FC69A1009F
:203E3100FE5E08FCEB4700FE5708FCCB5600FE5008FC327800FE4908FC559C00FE420836AF
:203E51003EFE718436D0FE7191FCF84B007051B35FD0FE7360718C6371A9363EFE71A471F5
:203E7100B940C6FE0261F871EA71FB40C7FE0261F871FA9FD0FE8FD5FE7391DF0BAFB0016A
:203E910060310304F5D5FEF3CEABAC63D7E53AFE343E06A96C01B9D734F005A95CFBB951F1
:203EB10004FC2AAD0061ED5104FC53AD00FC08AD00FCA5A000363FFE718461C8CF3AFE05EC
:203ED100717040FED7FEA607DD1934A405A95CFC085CFC08B9AA4C6C04BA4C13086C015CEB
:203EF100E3081213BF8605EC08AD00FE8007DD0613086C010812AFC2F9F05CC0440040DFD3
:203F11000AAFC2F9F05C026168DD0613085CFE0812348605AA1E5CFC085CFC08BA1EAA6A60
:203F31006C04BA6A13085CE308B9EC08AD00AFF005F05C04616861E8FE5DFFEEFD02C7AF5D
:203F5100D0FEB800C6D78FD5FE4C03DF15D53BFE30FA00DF3051805FC9FE323C00E661E8AD
:203F710013D74C07F6DF1E36C9FE30190031F31531E30F51085FC8FE32320030110161E8F1
:203F910013D7301101D7C1C77398008FD3FE70312A5C0F4C08DF031004D7605CFC98019FD3
:203FB100D3FE630C7F7088004C8C61F8EE54014C8E61F8EE4D014C8361F8EE4601604C024B
:203FD10061D8EE3E0188004C2FDF094054FA1D61F8EE2F014C6261F8EEBE014C60DF2136C7
:203FF10049FA319303EEDD0136D1FE31E303EED40151F05F44FA4C5061E8EE2101EEC50174
:204011008F3BFE70D161F8EED50136D1FE318503EECC0188004C21DF1E604C2161E8EEBE3C
:2040310001FCB69400D161E8EE9A014054FA3761F8EE9101EEA8010CFD4C02DC0688004C43
:204051000CDF0F36CBFE31F5094044FA1161F8EE730188004C22DF0F36CDFE31F509404445
:20407100FA2161F8EE32014C10DF158F54FA730CB34C0261D8EE4D01634C4161F8EE4501FB
:2040910088004C04DF094054FA4D61F8EE0A014C2FDF094054FA4D61F8EE33014C25DF1702
:2040B1004054FA4361E8EE3601AF48FE44840061F8EE1101EE28014C45DF174054FA4361CA
:2040D100E8EE1B01AF48FE44830061F8EEF600EE0D014C48DF0C365DFA31B303EE0001EE18
:2040F100ED004C49DF224054FA4E61E8EEF000AF48FE44880061E8EEE500365DFA31B303D8
:20411100EEDC008800EEC7004C53DF0C365DFA31C303EECA00EEB7003647FA31D307CFD2F9
:20413100FEFFEEBA004C02DF0B604C2161F8EE9400EEAB000CF94C0261D8EE880088004C7A
:2041510009DF0936C9FE31D350EE93004C0ADF0936C9FE31E343EE86004C0BDF0836C9FE4A
:20417100318336EF7A4C0DDD664C22DD354C2FDD5E4C61DF0FFCF84B0091DF63363EFE31B9
:204191009343EF5B40C6FE01DD554C11DF07604C11DF1FEF304C12DF059FD2FEEF414C1459
:2041B100DF07604C11DD1EEF364C16DF0D604C21DD1336C9FE31E30DEF250CBD4C02DE09F0
:2041D1008802D1DF1A8800EFD088004C46DF109FD2FE88017088025C036160609FD3FE8FB9
:2041F100D2FE7081DF0CF5D2FE51106FD3FE5CD3EF0C51C35FD3FE73D0DF096371BA9FD303
:20421100FEEE93FD6371DAEFF58FD3FE312A5C0FD734FC00896C0399DB3C04FBA0051308EB
:204231006C075CE708BF3C04176C915C91BFA005301E1EBF9C05895CFC99D7F5D5FEECD3A7
:20425100AC00AFD8FED7AFDAFED78F44FED7C171FB318EBFC8FE51F05FC9FE7088005C0F04
:204271006168709FC9FE880071FC8FC8FE7271F9739FC8FE6231250D633133046031350535
:204291006071FAEF036071FB7370639FC9FE51305FC8FE4C306071DB70DF0371DA709FC995
:2042B100FE510C5FC8FE4C0CDD0B36C8FE31E3056071EBEF036071EA739FC9FEAF3E06F0F3
:2042D1005C016168DD748F3BFE75D1DF0D363FFE318307F6BF8005BF8E05AFC2F95C01BF1C
:2042F100C2F963313508AFC2F96C02BFC2F963311508AFC2F96C08BFC2F963312508AFC294
:20431100F96C04BFC2F9AFC8FE31CD12AFC2F9616B08616A08BFC2F9AFC2F9BF960565D19F
:20433100E061F8F08F3FFE310310D0DF0DAFC2F9F05CFE616861E8E53AFEC6D7C5FE200311
:20435100AFCAFEF05CFC03BFCAFE880631595C60708801718C6071F970880031295C1C7332
:2043710051035FCBFE616B6160609FCBFEFCE98C00403BFE21DF0836D1FE318302C6D7C64B
:20439100EC93AB00C5FED802AFCCFEF05CFC03BFCCFE880031295C1C708801718C6071F9DE
:2043B1007051635FCDFE7360616B9FCDFEC6ECC78900C3C7C1FBF8FF758FCFFE9804311A9E
:2043D1005C0198018FCEFE73617D5C03D1AFCEFEB802DD0851FC5F47FA9F47FA63312A7DD8
:2043F1005C03DD08513F5F47FA9F47FA655C0370635CF0738B31295C0C6168616B9FCEFEB5
:2044110051E05FCFFE7062718C60718970625C1E61689FCFFE88059FD7FEFC6F8E00FBF897
:20443100FF8FCFFE735C0270DF178801D1DF28637E0431332236CFFE31B503314319D0DDE7
:20445100218801D1DD11A8027FCFFE087FCEFE08F05C056168DD0B36D0FE718461D871509C
:2044710050FA1006D7758FD4FE313A775C03614BDD1267615B5C03DD0B36D0FE718461D8A6
:20449100714050FA511F5FCFFE7765718C6771D9756031797062718C6071E9616D9FCFFEA8
:2044B1003138635C187051E75FD4FE61689FD4FE649FDCFEAFCEFEF05CE0616861F8D751CA
:2044D10005FC53AD007178D1FED7C1758FD4FE746101706561706071BC61D8714050FA6502
:2044F100311A5C0770645CF861689FD4FE88009FD6FE13BF66FAC6D71251BF5FCEFE7562AD
:204511003105046571EA7513F05C8061686571FBDF049FCEFED771FAEFF8D1DF07DBC6F9DA
:20453100AFC4F9D791DF07DBCEF9AFCCF9D7F7F6D7C773604C02DE3ED3DD3B936398006220
:204551004C01DF1A60318E120440FA1688004DDE25FEFC00040C0014AA0212A9C6D7D1DFD5
:204571001560318E120442FA1688004DDE08FEDF00044400EFE1F7F6C6D7734C0260DE0F46
:204591004C01DF040940FAD7D1DF040942FAD7F1D7700CF94C03DC02E1D760FC2AAD00F1AA
:2045B100D7700CF94C03DC02E1D760FC53AD00F1D7700CF94C03DC035103D760EC8BAD0043
:2045D100D1DF1F3647FA31C51331D5104054FA41DF0A715847FA5105FC2AAD00714847FA80
:2045F100F1D73647FA31D302E1D7714047FAF1D78F47FA314A5C01D7D94FFA6140DD07D1FC
:2046110061E8711050FA6160609F4FFAD751C05FCBF94CC0E161E8F1D75C3C36DDFE7194B5
:2046310071999FDDFED7C1FE210075A800085C80081265318E03BF52FAC6D7AF52FA085CE5
:204651008008D7718C3652FA7181D7E15F52FAD75004D61413321C00CEFB0204C4F905D738
:2046710036000034FA00CEFB0B005C0312D7348005AA0612F6B9BA0EAFC2F9F05C406168F8
:20469100D75FD5FE9FD5FED7201AAEF8040600B80434140032D021FCA12300F6B802C8006E
:2046B1000088004C10DE17880073A8041661C9318E12A80203B8028800819800EFE3AEF8D8
:2046D10004190016A802604DDF03101AD7EFFE5400328200FEF70E5100318E14324C42512F
:2046F1000FFCFA3C00E547FE8F10209FC6FE9FC7FED734FC0089718A99300111BF08047116
:204711004BE7AF38046C80BF3804FE3200FE200C5104EC53AD00343804A95C7FB9EE6C0CD6
:20473100F6BF0804FE090CFE320C6168DD0300EFF6FE0B00714AE734FC0089718B99D78F6B
:2047510010209FC6FE9FC7FEFED00EE1EF0073D3DF2560318E12312D16340C04316CAA2803
:204771005C7F085CF3616E08616FBA28A9085C3F616A08616BB9D760318E1231EC340C0460
:20479100A95C3F03B9D7D134C6FE61E834C7FE89D7C773AF3404B80063FEEAFF73A8005C2C
:2047B1007F085CCF0893DF09086C3008BF3404C6D7086C20EFF573D38FC7FEDF1361486165
:2047D100D304609FC7FE604FC6FEDE0D9FC6FED7614861D304609FC7FED7200EAF0404B87C
:2047F10004880575314503EE6E02FEA50EDF06E547FEEE6F02AF0604F05C40616861E8EE67
:20481100360265310303EE5B02AF000460316503EE5102AEF80404001631E503EE45024029
:2048310057FA0461F8EE3C02655C0EAF1004B808E761F8F760980371DC629802E761C8F7B9
:2048510088035C1F7065311A5C07BF48FE8802318E160450FE14A80831CE605C079806994B
:20487100A808F05C806168629807DF2C8806D1DD1B716048FE895002D61417321C00CEFB75
:20489100020454FE12301404FCFEAD00CF57FA0251806F4FFEEEF000717048FE341204A907
:2048B10031FE607088005CC073606163A931AE605C1E616B73A9315E6071DC6371D99800E2
:2048D100A912317CA800319D319E03B800AEF81631831FA80012317E441B00DC1513BF68DD
:2048F100FAFECD0CFEBE0CDEA3AF3004B9A5A5A7EFF28800755C0173DD2888005C2072DDFA
:2049110021AF48FE424AFEDF19655C1E7051C05F68FA616B616A61689F68FA51406F4FFE1F
:20493100EF6665FE950C311E12A800317E441B00DC05300D00EF04A1311EF11413F10104E7
:204951006AFA12301404FCFEAD00A80014BF68FA8800FE660C041A001215317E4361D31D84
:2049710040C6FE01DF05FE8E0CDD1240C7FE01DF05FE830CDF0751206F4FFEEF0BCF57FA12
:204991000251806F4FFE71DB9F4FFEAF48FE1204BFFF440200DC1C13444F02DF06FEC201EA
:2049B100D1DF10AF48FE440302DF44AF4AFE440D02DF3C8803316A9803880291DF297140CB
:2049D100D0FEAF48FE444F02DF1DFEB101D1DD17AF80FEB80AAF82FEB80CAEF8040A001651
:2049F10071B436D0FE71D18803708802FEC7FD8802D1DF0A510A6F4FFE9F4FFEEF1D40471A
:204A1100FE02DF17FE410AD1DF0E364FFE31A30BFE480CF557FAEF03FE250C8802D1DF1320
:204A3100FEC401FBF8FF4E07DF09F546FECF57FA06EF2B300001EF29AF0C046031550ECF2F
:204A510057FA0271704FFE300500BF48FE300040BF0604F6B804EF0CF546FEE557FA300005
:204A710051BF04048F57FA724C0161F8EEBB004C0661F8EEB400880473314503EEA500AE66
:204A9100F80404001631E515D2DF126371FC510961C851049F57FA304000EE8A008F46FEAE
:204AB100734C07DF0FFEBF0B6C1008B9F557FAF546FEEF764C08DF13AF00046031630CF55A
:204AD10046FEFEA20B6C4008B9EF5F624C02DF3EAF48FE440D00DF1AFECF00CF57FA0230F0
:204AF1000D00BF48FEF546FECF47FE0271704FFEEF38624C02DF17AF48FE444F00DF0FFED5
:204B1100D408D1DD25CF57FA08F546FEEF1C93DF19FE9600300D00BF4AFECF47FE02CF46DB
:204B3100FE06EF06305100BF04048F57FA4C01DD094C06DD05A804FEF2008FFC00718C5167
:204B510007DE194047FE02DF168F46FE6F57FADF0E3000205F4FFE510361E860100ED7F16B
:204B7100EFFA2004FE5C0A8800705C1F91DF0C605CC04C40E161E8F11004D7F1EFFA2004B8
:204B9100AF74FEB800AF76FEB8024051FE05DC178803313A5C07704C03DF031004D74C0492
:204BB100F161E87060EFF4F1EFF1FE8307FEAC076168DD0300EFF6E1EEB107AF0C04603188
:204BD1004308FE1D0A6C1008B9D7FE150A5CEFEFF6AF0C0460315308FE070A6C2008B9D715
:204BF100FEFF095CDFEFF651EF0F54FA4C06DE058F3EFEEF06AF0C0460314A5C01D7120408
:204C110076FF440200DC2213448900DD1C448800DD17444F00DD12F05C036168DF0BE15F6D
:204C31004FFE30111061E860D75113D72004B802AF0604B8008F47FE91DD5891DD6491615D
:204C5100F8EEE7019161F8EE26030CF361F8EE4E039161F8EEF4039161E8EE3D04FE000AFD
:204C710061E8EE3504880270310303EE2C04311A5C074C02DD044C06DF064057FA0261F864
:204C910071584FFE605C0E61E8FEB409CF47FE02EEAB03FEFC0961F8EEFF03CF47FE02EE1D
:204CB100F803FE6E0961E8EE6A0140C6FE02DF2F363EFE318329D546FEDD24364FFE31851B
:204CD1001EAF4AFE441000DD16FCFBAA00D1DF0F4057FA02DD1B364FFE31D315EE35018F2D
:204CF10057FA4C02DD06364FFE31D511D546FEDD0CF546FEFE4E099F4EFEEE1701364FFE83
:204D110031D503EEFA008F46FE700CF04C02DE76FE8508E1FE7AFAAF4AFEF05C03FE740614
:204D31008F4AFE705CC04C80DF0BFE5109DC19CF47FE11EF13605C1F318E148F53FEFE2C1D
:204D51000930A8FEFCFEAD00F54EFED9C7FEE1FEFCF9FE12095CF108B9AF4AFEF05C034458
:204D71000002DF08AF0004086C05EF06AF0004086C0708BF00044047FE1161F8EE9500CFDE
:204D910047FE03EE8E00600CFC4C0361C8EE8400FE0508F1FEFAF9FEA608AF4AFE1260707A
:204DB1005CC04C80DF16364FFE31C30BFECF08DC2BCF47FE11EF25FE5B07EF204C40DF157F
:204DD100605C1F318E148F52FEFEA108308CFEFCFEAD00EF07F552FE13BF1004FE88085C22
:204DF100F108B9D9C6FEF1FE64F9FE7A086C0108B94047FE1161E8CF47FE03F54EFEEF141F
:204E11004C02DF0671584FFEEF0AFE4B07FE1108CF47FE138F47FE4C03DD074C1161E8EE16
:204E31007802AF48FEBF4CFEEE6F02FE320861E8EE6702880270310303EE5E02CF47FE021D
:204E51005C0EDF74AF4AFE12F05C036168DF08510A6F4FFE9F4FFE4057FA02DF0BAF48FE07
:204E710044050061F8F557FAAF48FE440D00DF1213440300DF0CCF57FA03FEDE07F546FE7E
:204E9100EF2C8F46FE4C04DD044C10DF14F546FE364FFE31A318FE6805D1DF12FEA107EF29
:204EB1000D5104FC2AAD00FEB107CF47FE0471084FFEE54EFEEE860160311A5C07734C02A3
:204ED100DD044C06DF4C364FFE318546AF4AFE14F05C036168DF3BAF48FE16F05C03616884
:204EF10061E8EE2D0117444F00DF0E15444F00DD0844100061E8EE190117448800DF131589
:204F1100444F00DD0D448800DD0844100061E8EE0001AF4CFE440D00DF0EAF4AFE44030051
:204F3100DF06CF57FA05EF32634C02DD044C06DF1E364FFE318313AF4AFE16F05C03141783
:204F5100444F00DD05156168DD05FEF806EF0593DD1251109F4EFEFEE60671084FFEF54662
:204F7100FEEEDA00343404A90400016C08B9EFE24057FA02DF09FEC006FE6401EEF600FEBE
:204F9100CA0661E8EE1301FEAF068F46FE4C11DD044C05DF055112EEDB005107EED600FEA6
:204FB100BE0661E8EEF300880270310303EEEA008F4FFE7371EB9F4FFECF47FE02605C0E72
:204FD100DF248F68FAFEF305041A0012AF68FA317E4361D30C5104FC2AAD00CF47FE12EF26
:204FF10045E54EFEEF4060311A5C074C02DD044C06DF2F63310523AF4AFEF05C036168DFB4
:2050110019AF48FE12F05C036168DF0613444F00DF08F557FAFE4306EF24FE28069F4EFE1E
:20503100EF04CF4EFE104047FE02DF128F4FFE71AC718B9F4FFEF546FE61C8FE0206FEDAA8
:2050510005E1FE09F7E6BF0404EF4FFEC505DF4A364FFE31E32BFEF305DD06FE1405D1DD1F
:2050710039FED5054057FA02DD08FE0505D1511061E8FED0059F4EFEF546FEFEC205EE1A4F
:20509100FC4057FA02DF0671684FFEEF0DFEA905FEE503FE8B05CF47FE11A800BFC4FE10EB
:2050B10004D7C1AFC4FEF05C806168DF0FFE6305DD0AFE6605E1FE95F6E1C6D7FEB304D12B
:2050D100DF1BAFC4FEF05C806168DD11FE4405DF0CD9C6FEF1FE76F6D9C7FEEFD8F1C6D7B4
:2050F100AF4AFE1204F9FF61F8EEBA0004FFFF61F8EED100B144030061D8EEF70004FCFF6A
:20511100DD7F04FCFF61F8EE280104FFFF61F8EEA10104FEFF61F8EEA90104FEFF61F8EE8E
:20513100230104D5FF61F8EEBA0004FFFF61F8EEE20004F3FF61F8EEED0004CCFF61F8EEF6
:20515100160104FFFF61F8EE1E0104FEFF61F8EE26010479FEDD3F04BEFF61F8EEC80004E5
:20517100C9FF61F8EE21010479FFDD3204BEFF61F8EEB30044370061F8EE23015180EE54AE
:2051910001AF48FE44030030030061E8300500609F57FA5180D7AF48FE440302EF4CAF48A8
:2051B100FE440303EF44AF48FE44410061F8EE220144040061F8EE1A01441000DFBEFE4A9C
:2051D1000461E860D7AF48FE44440061F8EE030144040061F8EEFB00441000DF9FFE2B04E9
:2051F10061E860D7AF48FE44420030030061E830100060D7FE090461D8EED70013440C0044
:2052110061F8EECE0044100061E8EE6FFFFEFB0361E860D7FEE90361D8EEB70013440C00C8
:2052310030800361E860D7134248FE30130361E860D7F2308100FEB90361E8EE9500FEA7FB
:205251000361E860D7F2308F00FEA60361E8EE8200FE940361E860D7F2308500FE9303DF7A
:2052710072FE840361E860D7F2304500FE8303DF62FE740361E860D7F2308700FE7303DF89
:2052910052FE640361E860D7FE6C03DF045113EF44E2308700FE5A0330031061E860D7FE2A
:2052B1005503DDE95202308700FE460330031061E860D7F2308200FE3803DF17FE2903614C
:2052D100E860D7F2308C00FE2803DF07FE190361E860D75103D7C7C16291DD1191301000E2
:2052F100DF14A8006C03B800301003EF09A8006C02B800301002B80262FE8AF44C02FBF8B7
:20531100FFDF16AF48FE614902E361E8F3614900E161E8F1616B1004D7F11004D773FEC13E
:20533100025CCF08B9D361F8D7A9086C3008B9D7C7510A5F4FFE9800340E04327E00A96C15
:2053510080B95400FE8702F557FAE547FEC0C151F55F4FFE6160609F4FFEC6D7AF0E04F0EA
:205371005C80D7AF0004F1085C1008D7D1DF0D340C04A95CFC085CFE08B9EF10340C04AA60
:20539100326CC0BA32A9086C0108B9D7343E04A95C3FB9D7440000DF08340C04A95CFCB989
:2053B100D7440003DF08340C04A96C02B9D7340C04A96C01B9D7D1DF08340004A95CFBB959
:2053D100D7340004A95C0FB9A96C54B9D7AF000431AE605C01D72004AF54FEB800AF56FEE1
:2053F100B802445B04DF178801317312314A5C074C05DF0A8800D1E161E8F11004D7F1EFB3
:20541100FA2004AFA8FEB800AFAAFEB802445B04DF33880131732E314A5C074C05DF268873
:20543100004C11DD144C13DD104C15DD0C4C21DD084C22DD044C25DF03E1EF065C30E161DF
:20545100F8F11004D7F1EFFA2004FE7601445B04DF23880131731E314A5C074C05DF168858
:20547100004C23DD044C24DF03E1EF064C26E161E8F11004D7F1EFFA20048F68FA75FE3A8F
:205491000112AF68FA317E2312441B0061C8321A0065718A71DB9F68FA13A1B800A1312E06
:2054B100F1146298020C025C0361E8A5AF4AFE31BD31BE16644C08320070DE05318E123156
:2054D100CC17616B08616A086C80FEC0001231BCAF68FA317E036C80BF1204FEBA008F6855
:2054F100FAFED700311E6077880231051167318E12A800311E03010469FA14CA00006750A6
:2055110002D612A800311E1413046AFA3214041004ECFEAD0051C05F68FA9F68FAAF4AFE4B
:205531006C805C80085C1F08BF1004AF68FA317EBF1204441B00DC12FE7600FE6700DE0992
:20555100A9BF3004A5A5A7EFF2D7A1311E14321404306AFAECFEAD00FE3D00AF48FE6C9050
:205571005C90085C1F08FE2400A131BD6C84BF1204D74057FA02DF08AF48FE440500DF0BB4
:205591008F4FFE316305315A5C01D7E1D7BF10048F68FA311A318ED7F614320E00301404D7
:2055B100FC34AE00D7AF68FA317EA1311E121743D7F616BF320400346AFAD7311A5C0F50BC
:2055D1001AD6D7AF70FEB804AF72FEB806D73046FEFC20AE0054003206013068FAFC20AE3F
:2055F10000D7340C04A908D7AF48FE440400308003D7FEE1FCD1D7AF48FEF05C036168D7C9
:20561100AF48FE1204FDFF440200D730800340C6FE02D7A804F05C806168D7E6FE2FF1E0C9
:20563100D7D9C6FEF1FE26F1D9C7FEE1FE1FF1340004A9086C0108B9D75104FC53AD00D73C
:20565100F6FE50FDD7AF4AFEFEB3F5D78FB121318E125104FC8BAD004C02D7F6BF48FED7FB
:20567100A804FE3DFAD1D7340004A908D7318E1231CD05BF1004311CC3C4321404D751E102
:205691005F68FA9F68FAFEEFFDAF68FA317E441B00D7AF0C045C03085C01086168D75400D8
:2056B1003209003054FAFC20AE00F6BFCEF9BFCCF9CF54FA1171483EFED7C78F56FA7081C5
:2056D1008F57FA9801DF06CF54FA16EF568F57FA734C01DF0951035F55FA91DD05634C0631
:2056F100DF05FEF41BEF3C4C01DD0D4C05DD09604C11DD044C22DF114054FA1ADD0B404AF9
:20571100FA0BDD05FE701BEF1A604CFEDF09FEC51FCF54FA1CEF0C634C08DF07FEB71FCF17
:205731004AFAF08F54FA735CF098004C10DF05FE6601EF5F4C60DF05FE5418EF564C50DF43
:2057510008FE921FFE2B18EF4A4057FA02DF29AF48FE440D00DF21634C26DD084C39DD0406
:205771004C3ADF05FE101BEF0FFEFF1E5103FEB31ACF54FA1BFEE01E88000CE0DD0D0CF0BF
:20579100DD0E4C10DF0DFE7F0FEF08FEDB02EF03FE4305D557FA61E8EEA00088014C0261FA
:2057B100E8EE970051C15F85FB73AF48FE14607061015C3E616B9F85FB6031734731631058
:2057D100FEEB1FBF84FB513F5F85FB9F85FBEF6B15F05C036168DF0FFED31F128F50FEFE92
:2057F100D31F3054FEEF0DFEC41F128F51FEFEC41F3070FEFCFEAD0051406F85FB71FB9FA6
:2058110085FBEF37AF68FA317E12FEA11F03BF84FB51806F85FB71EB9F85FBDB9A20C0C3AD
:20583100AF84FB5C0143DB82FB61D304A800EF01A1311E14306AFAFCFEAD004054FA41DD76
:205851000A5105FC53AD00715847FA8F54FA0CEFDD420CFEDD3E0CF0DD1D0CE2DD194C107F
:20587100F1DF128FA821318E125102FC8BAD00D1300103DF1CC6D78F57FA6F56FAF1DFF584
:2058910036D1FE51033183ED3003205F47FAE1DDE460EFE15107EFDD8F54FA0CEFDD580CFB
:2058B100FE61F8EE28019161F8EE98009161F8EEAE019161F8EE8B010CFC61F8EEAD009181
:2058D10061F8EE0E019161F8EE3F019161E8EE9701D546FE61E8EE8F014056FA0F61E8EE33
:2058F1008601F556FAFECC1DFCFEAD00304F00FEBA1DCF54FA1CD78F56FA4C01DF08F5567B
:20591100FACF54FA13D74C02DF1BFC034700FC9D5300E15F3EFEFC2E5300F556FAFE551D4D
:20593100CF54FA14D74C19DF0BFC034700E1FC7D5300EFCA4CF261E8EE2D01715840FEF1B8
:20595100ECDEA600E7FE4C1D61E8EE1B01FE081DFE291DDC12CF54FA21FE211E9161F8FE6D
:20597100131DF1EC53AD00CF54FA31D7FC745300616861E8EEF1004046FE0761F8EEE80076
:20599100FEF91CDE144056FA22DD0E8FAA21318E12FE001D61E8EECF00E15F3EFEFC2E530F
:2059B10000F6BFCEF9BFCCF9BF5AFA8F3BFE4C21DD044C11DF05F1FC2AAD00FE9A1C71483B
:2059D1003EFEF556FACF4AFA0BCF54FA11D7CF45FA03D7D546FE61E8EE8D004057FA03DFDA
:2059F10018F6BF5AFACF4AFA0AFE901C30210061D8303100609F54FAD78F3FFE312A5C0319
:205A11004C0361F8EED218EE6D184057FA02DF58AF48FE444F00DF1BFE1D1A91DF0C71080C
:205A31004FFE304F00FE841CEF15FE0B1A4C03DD07EF0C448A00DF07FE091CCF54FA1DF590
:205A510057FAD7FE58FCFE221CFE191CFE091CD53BFE61F8FE081CFC274700CF54FA15D72D
:205A7100FC314700CF54FA11D7C78F54FA0CDFDD4891DD5C9161F8EE90009161F8EEE100FD
:205A91009161F8EE59019161E8EE1C024057FA0261E8EE2702FE051C61E8EE3502FEB81B8C
:205AB100FCC6A80051C05FCBF94CC061E8EEFA018FC9F95064D6EEF401FC6D530061686155
:205AD100E8EEE401E1FC7D5300CF54FA22EED801363EFE31B318DB9C21FEB81B61E8EEC772
:205AF10001FE741B715840FEF1C6ECDEA600FE841B3640FE71D461D8CF4AFA28715840FE08
:205B1100FE5C1BCF54FA23EE9E014057FA02DF2EAF48FE44410061E8EE8501FE3A1B3002D6
:205B3100F35F3FFE9F3FFE8F50FE9F43FAFEEE1BCF4AFA06CF54FA24F557FAEE6A01DB98BD
:205B510021FE501B61E8EE5F01FE0C1B8F3FFE312A5C034C0361E8EE7801CF4AFA29EE47F8
:205B7100014057FA02DF1D4056FA0461E8EE3001FCB69400D161F8EE2601CF58FA42F54E5D
:205B9100FEEE3401D546FE61E8EE1C014056FA04DD094058FA4261E8EE0D01E552FEAFCC23
:205BB100F9BF8CFEAFCEF9BF8EFE304200BF4AFECF46FE06CF54FA25FEE81B04C4F9120425
:205BD1005F001413045C00B800895CC04CC061E8EED500C4C5A5506489D6C6EC06A900D5E2
:205BF10046FE61E8EEC1008F4EFE4C0361E8EE8600FEE21AF558FAAF48FE440300DF22FEF5
:205C1100731AFE9E1B0423FA14895CC04CC0DD07308813FC06A900E54AFACF54FA26EE870E
:205C31000051705FC7F9308813DD1451C05FCBF94CC0DF088FC9F95064D6EF03FE4F1BFC5F
:205C510006A900AF48FE440400DF06CF4AFA02EF14CF4AFA0351705FC7F9DD068FAD21FE16
:205C7100C91AFE101A51705FC7F9DF4CCF54FA235102C6EC2AAD004C11DF1DFCB69400D171
:205C9100DD1E40D2FE2261E8CF58FA42F54EFECF4AFA18F556FAEF204C10DD044C80DF046E
:205CB100C6EEC2154C07DD2AC6D7FEE11AFC06A900F557FACF4AFA07C6EE4816DB9621FEAB
:205CD100D219DFE4FE91198F3FFE312A5C034C03DDD6C6EEA1158F54FA0CCF75318E126508
:205CF1004C0E61C8EE7D011312490022311C9EFC79E42161CBFC6D5300616861E8EE640162
:205D1100E1FC7D5300FE57198F3EFE705CE04C80DD283647FA31A522363EFE31C30D60715C
:205D3100DA5C3F9F3EFECF54FA3BD7CF46FE11300D02BF4AFECF54FA3DD76071FA5C9F9FD3
:205D51003EFECF54FA32D7D546FE61E8EE1501404EFE03DF13FE1D1951206F3EFE5C2F9F6F
:205D71003EFECF54FA3BEF3C4057FA02DF0FAF48FEF05C036168DF05FEEB14EF2751806F8E
:205D91003EFE5C9F9F3EFEFCF84B0091DF12CF46FE0871483EFECF54FA3ECF4AFA0EEF04A0
:205DB100CF54FA32F557FAD78F57FA4C04DD074C0961E8EEAE00F557FACF54FA32D7405715
:205DD100FA0261F8EE9F148FAE21318E125102FC8BAD009161F8EE8B00FE7C18FEA71961F2
:205DF100E8EE80008F45FE4FBD21DE16FE3E15304F02FE6B19CF54FA3CFE8A19DF66A045D1
:205E1100FED7EEF014D546FEDF5A51E05F3EFE4C80DF06CF54FA32EF364C60DD324CA0DDE3
:205E31002E4057FA02DF1A404EFE03DF14AF48FE444F02DF0CFE2018FCD59400F557FAEFD0
:205E51000E8F4EFE4C04DD044C1261F8FEA6144057FA0261F8EE0E14FE2B19DF07FE151859
:205E7100CF54FA3BD74057FA02DF1AFCB69400D161F8EEF1134056FA0361F8CF58FA41F5B1
:205E910056FAEE7F14D546FEDFDAFEE618CF54FA34D7D546FE8F4EFE61E8EE83004C0761C8
:205EB100F8EED3134C10DF25364FFE31B31CFEC4178F55FA735C0370635CFC0C0461689FF6
:205ED10055FAF556FACF54FA35D7EE99134C11DF1FFCB69400D161F8EE8B134056FA03DF91
:205EF10006CF58FA41EF04CF4AFA1BF54EFEEF8F4C03DD144057FA0261E8EE67FFAF48FEE4
:205F110044420061E8EE5CFFAF54FEBFCCF9AF56FEBFCEF9CF4AFA04F557FACF54FA36D7C3
:205F310091DF2251F35F3FFE9F3FFE51035F55FA9F55FAF54EFEF556FACF4AFA10F558FA22
:205F5100F1EC53AD00FE35184C0261E8EE15FFFE13178F3FFE312A5C034C0361F8EE5813C0
:205F7100EE14134057FA0261F8EEFA128FAC21318E12FE1F17DF13FEDE168F55FA312A4F48
:205F9100BC2161E3EE8900EE2E13FEF0174C0261E8EED0FEFECE168F3FFE312A5C034C031A
:205FB10061F8EE1313EECF124057FA0261F8EEB5124056FA03DF08F556FACF58FA41D7D526
:205FD10046FE61E8EE9DFED54AFA61E8EE95FE51F85F48FA4C18DF0AD558FADF0530030042
:205FF100EF0A4C2030040061E8300C00BF4AFECF46FE04CF54FA38D74057FA0261F8EE65E9
:20601100124058FA41DD094056FA0361E8EE54FECF54FA33D7D546FE61E8EE47FE8F4EFEF1
:206031007391DF28AF4AFE440300DF0AE54AFACF54FA39EE92006391DF12AF4AFE440200FC
:20605100DF0ACF4AFA1ECF54FA39EF7C630CF04C02DE2CAF4AFE14440200DF1E634C11DFB0
:206071000CF54EFE300702FCE07700EF5815440200DF07300102FCE07700FEE911EF49FCFC
:20609100B69400D1DF15CF54FA37FE6116DF06CF4AFA02EF33CF4AFA03EF2DAFC6F9BFCECE
:2060B100F9AFC4F9BFCCF9FE4416DF0DFCC08E004C04DF05FEC011EF0FFE3216510261E875
:2060D10051039F4AFAFE3C12F556FAD74057FA0261F8EEA211D546FE61E8EE87FD4056FA1F
:2060F1000661E8EE7EFD300600FEC015CF54FA3AD74057FA0261F8EE7D11D546FE61E8EEE8
:2061110062FD404EFE01DF0AF556FAFCC6A800EEF211EE6211AF48FE1204FEFF61F8EEEB5E
:2061310000B144020061D8EECB0104FDFF61F8EEC30104FFFF61F8EEE60004FFFF61F8EEE1
:20615100F60004FFFF61F8EE010104FFFF61F8EE280104FFFF61F8EE3F0104FFFF61F8EEA9
:20617100930104FCFF61F8EE8E0104FFFF61F8EEB60104FFFF61F8EE660204FEFF61F8EEAC
:20619100830104FEFF61F8EEC70104D5FFDD6504FFFFDD6E04FFFF61F8EE110104FFFF6135
:2061B100F8EE510104FEFF61F8EE1B0204F7FF61F8EE210104CCFF61F8EEE40104FFFF6170
:2061D100F8EEE40104FEFF61F8EEAD0104FEFF61F8EE260204FFFF61F8EE48024401006144
:2061F100F8EE5D0213F05C03616861E8EE12015110EEA701FE8514DCF6CF54FA23CF4AFA21
:2062110019D7FE7714DEE8CF54FA34D7FE6D14DCDECF4AFA17FE5D14F557FACF54FA26D7D4
:20623100FE5914DC0E36C9FE31E5C45141FE340FEEC201FE3D15EFCFFE4114DE0636C9FE5B
:2062510031E5AC5144FE1C0FEEAA0136C9FE511031D514FC3F940091DF0BD558FA5103DDFA
:2062710006510CEF025104FEBA0F36CEFE31F303EE820171607CFBEE7B01D54AFA61E8EE01
:20629100D701F557FA36CEFE71F461D871607CFBCF4AFA09CF54FA43D7D54AFA61E8EEB88C
:2062B10001F557FACF4AFA08CF54FA43D78FC7F9314A5C0791DF4AAF56FEF05CF04400804A
:2062D100DD0D440050DF3AFEAB13E1FCC75300CF54FA51EF2CFE60114C01DF0C304F00FEB6
:2062F100CA13CF54FA44EF194C02DF15FE8613CF54FA4DEF0CEE6E0F40C6FE0161F8EEEE64
:20631100FEF557FAD7D5142061F8EEE2FE40C6FE0161F8EED9FEFE631361C8EED1FEFCD0D8
:206331009600308C00EEC700FE5113DC0936C9FE31E303EEB9FED5112061F8EEB1FE40C643
:20635100FE0161F8EEA8FEFC229500308100EE9E00FE2813DE0936C9FE31E303EE90FED5CB
:20637100162061F8EE88FE40C6FE0161F8EE7FFEFC8F9500308F00EF76D5152061F8EE6E3D
:20639100FE40C6FE0161F8EE65FED56AFADF06FCDA9500EF04FC8196005187FE860EEF5502
:2063B100D51220DF0BEE47FED5132061F8EE3FFE40C6FE0161F8EE36FEFEB912FE8512F549
:2063D10057FACF54FA43D740C6FE0161F8EE1FFED54AFA61E8EE8100F557FA71607CFBD785
:2063F10040C6FE015110DDB3FCF69200308200BF4AFEFE8D12CF54FA44D740C6FE0161F826
:20641100EEECFD365DFA31B303EEE3FDF557FAFE3212FE6712DE08F1FCC8AA00FE5612CFD9
:2064310054FA4ED740C6FE01DD0E365DFA31B508F557FAFE0E12EF095110FEE70DCF54FAA1
:206451004440C6FE0161F8EEA5FD365DFA31C303EE9CFDF557FAFEEB11D72008F55CFA8FD5
:2064710058FA704C4161F8EE26028F56FA734C0361F8EE1B024C04DF17FED912DD0BAF4A38
:20649100FE44420061F8EE2D02CF54FA24EE2602604C42DF07CF4AFA16EE1A02634C0BDFFA
:2064B10006300A00EE2C014C0CDF06300900EE22014C0DDF06300B00EE18014C05DF063003
:2064D1000700EE0E014C0ADF06300800EE04014C13DF06FE900DEEDD014C0EDF25E6A1FEB3
:2064F100CA11CF54FA3840C6FE0261E8EEC701FE8A1161C8EEBF01CF5CFA38CF54FA45EE39
:20651100B4014C14DF06301000EE76014C23DF19FEBD1191300D0261E8300D03FE4112CF1F
:2065310054FA4AF553FEEE8D014C0F61E8EE8900FE9D114C01DF0D304F02BF4AFECF46FE55
:2065510010E3EF0E4C02304F03DDEF304F00FE5B11F3AF80FB14312E6071FB1852FE63315D
:206571008E321C00CEFB021215311EF1085CFE0814130446FEB800044600B80612AF7EFB29
:20659100FCFEAD00A80614A9B802A80004480014A9B8048802735CC061E8EE1901AEF8049D
:2065B10003001631F303EE0D01635C1F4C0661F8EE0301A046FEEEFD004C12DF06FE1D11D5
:2065D100EEF3004C15DF05301100EF074C1FDF08301600BF4AFEEF5A4C1ADF12308300BF9C
:2065F1004AFE51806F68FA318EFE7C11EF444C1BDF05308400EFE84C16DF2AAF68FA6C0164
:206611005C01085C7F08FE5F11FEC4104C01DF09308602FE4A11EE9D004C02308603DDF339
:20663100308600EFAE4C18DF0F301200BF4AFEF552FECF46FE05EF7E4C1CDF05301400EF12
:20665100EB4C17DF1B40C6FE02DF65F6BF8CFED94FFA8F50FABF8EFEE552FE304600EF2256
:206671004C30DF23FE69104C01DF10308802BF4AFECF46FE1071204FFEEF3B4C02DD37305A
:206691008800FE2710EF2F4C32308B00DDF4EF26CF54FA3340C6FE02DF1CFEDF0FDE17F1CC
:2066B100FCC8AA00FECE0F8F54FA9F5CFAEE4BFEF550FAF556FA1008D7F55CFAAF4AFE04BE
:2066D100F7FFDD1E04FFFFDD1304FFFFDD1A443700DF34CF56FA04CF54FA24D7CF56FA0BDA
:2066F100EF0ACF56FA0CEF04CF56FA0DCF46FE05CF54FA4240C6FE02DF0DFE7F0FDE08CF9C
:206711005CFA42CF54FA46D78F54FA0CBFDD759161F8EE5F029161F8EE14059161F8EEC5D5
:20673100059161F8EEAE019161F8EE13020CFC61F8EEAD069161F8EE12079161F8EE2704D9
:206751009161F8EE2A079161F8EE90079161E8EE1F084057FA0261E8EE0908AF48FE125C83
:20677100FC44890061E8EED20740C7FE0261E8EEE607365DFA31B303EEDD07FEC60EF557A0
:20679100FAEED4074057FA02DF76FEC80FDF32D556FADD0BD558FADD06CF54FA45EF2DFEC4
:2067B10073F98F47FA705C0391DF07605CFC709F47FA605CC04C40DF13605C3F9F47FAEF7A
:2067D1000BFE940EF6BF5AFACF4AFA1571084FFE8FD2FE4C2161E8FE2E0FFCDE5300D16157
:2067F100E8EE80008F54FA4C26DD794C1ADD754C43DD714C4DDD6D4C4EDD69FE5A0EEF647C
:20681100D546FEDF5FFE52FC8F46FE70D18F54FADF0A4C45DF4A71084FFEEF484C1BDD1AD5
:206831004C4ADD164C4BDD1240C6FE02DF0CFE4B0EDE0760FE120FFE3B0E4054FA41DF2473
:2068510040C6FE02DF0BFE330EDE06CF54FA45EFC5FE7C0EDF06CF54FA42EF04CF54FA4CD6
:2068710071004FFE4054FA41DF43DB5AFAFE240EDF3BF6BF5AFAFE40FED546FEDD1AF54A4B
:20689100FAFED40D40C6FE02DF0EFEEF0DDE098F46FEFEB40EFEDD0D8F54FA4C41DD0E4C1E
:2068B10046DF0671084FFEEF0471004FFE8FB821318E125105FC8BAD004C0261E8EEB10626
:2068D100AF5AFA616861E8EEA7065105FC53AD00715047FAD7FC835500D1DF348FB2213181
:2068F1008E12FEAF0D61E8EE8706FE6B0D8F59FA9F46FEF559FAFED70DDF0C8F5CFAD1DF84
:2069110063CF54FA42EF04CF54FA4C71004FFED7FE450D8F56FA4C03DF06CF58FA41EF0AF5
:206931000CF54C0361D8CF4AFA188FD2FE4C2161E8FED40DF556FAF546FEF559FAEEC4091D
:20695100FC835500D1DF228FB221318E12FE440D61E8EE1C06FE000D8F59FA9F46FEF55987
:20697100FA8F5CFA9F54FAEFA2FEEC0CF546FEF559FAEF36D546FE61E8EEF505F556FA8FEF
:206991004EFE4C8061F8EE4D044C1061F8EE46044C11DD044C13DF1FAF4AFE1204F6FF4468
:2069B1000200DC061344090061F8CF4AFA188FD2FEFE540DEE4D094C12DF1EFE7C0D61D8E1
:2069D100713047FA13440B0030050BDD058FD2FE5005FCE07700EE2B094C0361E8EE1A0176
:2069F100D54AFA61E8EE1201F557FAAF48FE440300DF18E54AFA51030F4AFEFEF70C61E88C
:206A1100EEEB00E1FCDEA600EEE300440400DD05441000DF1DFE220D61D8713047FA134441
:206A31000B0030030B61F8EEC0008FD2FE5003EEB800440C00DF108FAF21FEEE0CFE350CC8
:206A5100CF4AFA03EEA700444100DF1E8F50FE9F43FA5002FEC70CFE220CDC08CF4AFA06F3
:206A7100CF54FA24300007EE8000444400DF198F50FE9F42FA5002D6143208FA3054FEFCF9
:206A9100FEAD00300008EF62444F00DF19F1FE590BD1DF0D30072FFCE07700CF57FA02EF4C
:206AB1004D30002FEF44448100DF05300011EF3A448F00DF05300016EF30448500DF0530DA
:206AD1000043EF26444500DF05300044EF1C448700DF05300046EF12448200DF053000124F
:206AF100EF08448C00DF07300014FCE077004054FA4261E8EE7A04EE0A084C01DF3BAF4A5C
:206B1100FE444F00DF0AF0512FFCE07700EEF407444600DF18715049FA8F8FFE9F4DFA7C3B
:206B3100FF5F50FA9F50FAF54FFAEED707448800DF04FEDA0BD7EECB074C1361E8EE3104B5
:206B5100AF4AFE444F00DF0730072FECE0770044880061E8EE1A04300748FCE077005107C0
:206B71006F5DFA9F5DFAD7D546FE61E8EE0204F556FA8F4EFE7391DF25AF4AFE444F02DD8A
:206B910005444F03DF0AF0512FFCE07700EE8E0044880261E8EE8600FE740BEE80008FD24A
:206BB100FE704C46DD044C2FDF49634C11DD044C13DF0660FE510BEF654C12DF0960500552
:206BD100FCE07700EF584C03DF1D604C2FDF0EE1FE170AD15007DDAFF557FAEFA9F557FA1F
:206BF100F0FCE07700EF374C10DF3360E0FCE07700EF2B4C48DF27634C11DD044C13DF0B7C
:206C110060FE040B51076F5DFAEF104C10DF0F60E0FCE07700E16F5DFA5CF99F5DFA405476
:206C3100FA4F61F8EE4A03FEDA06F6ECA553004057FA02DF16300745FCE07700300725FCFF
:206C5100E07700FE2006715846FAD7320C00FE430A61F8EE7B02D546FE61E8EE1303D558E8
:206C7100FADD2351F85F48FA4C20DD1A4C80DD16AF48FE440A00DF0E715846FA510CFEA3C6
:206C910005CF54FA44D78F56FA4C1DDF26308500FE190AAF68FA6C04086C80085C04BF687F
:206CB100FAAF7EFB340500326AFAFCFEAD00F573FAEF194C1EDF1D304500FEEF09EB7EFB8C
:206CD100A9BF8CFEAA02BF8EFEE552FEFE8909CF54FA44D74C1061E8EE9602715846FA8FFA
:206CF10048FA313AEF98D546FE61E8EE83028F56FA4C1DDD1C4C0FDD184C08DD144C14DD67
:206D1100104C1EDD0C4C10DD084C31DD044C3261F8F556FA8F4EFE4C0161E8EE980030001D
:206D310045FCE07700300025FCE07700300010FCE07700300004FCE0770030002FFCE07736
:206D510000300049FCE07700300032FCE07700AF4AFE12440300AF48FE14DF1744090061A4
:206D7100E8E54AFA600C03FE8B09DF26E1FCDEA600EF1F13440C00DF0C15440900DD13CF0D
:206D91004AFA03EF0D1504F6FF44020061D8CF4AFA024054FA6161E8FE690530F7FF0248E9
:206DB100FE44020061C8EEC801FE420961E8EEC001713047FAD74C13DF1CAF4AFE444F00C0
:206DD100DF0530072FEF08448900DF07300789FCE07700EE2E058FD2FEE0FCE07700EE8575
:206DF10004D546FE61E8EE8801404EFE03DF1AFEDE089161F871483EFE30000DFCE07700CA
:206E1100F557FAF556FAEE53014057FA02DF0FAF48FEF05C036168DF05FEE804EF1E363EB7
:206E3100FE319306CF4AFA14EFEFFCF84B0091DF08FEA908F557FAEF03FE3B0430010DFC5F
:206E5100E07700F6FCA55300F556FAD78F57FA4C04DD074C0961E8EE17014C04F061E8E0A3
:206E71005161FCE07700FE6D08FE9804F54AFAD78F4BFA318E12FE1B08DD564057FA02DD76
:206E9100508F56FA4C08DF12FECD07300400FE1B08CF54FA4471084FFED74C14DF08FEB74C
:206EB10007301000EFE84C0F61E8EEC400FEA807FE1D08DF15304F00FEF10771084FFECF7F
:206ED10054FA44FEEE07ECFEAD00F556FAE0EE36FCFE8407FE2D04715846FAD7FC835500D4
:206EF100D1DF448FB221318E12FEA807DF05FE8B07DC05FE8607DC798F56FA4C31DF12FE2D
:206F11005607308900FEA40771004FFECF54FA44D74C14DF5CFE4007301000FE8E0771087F
:206F31004FFECF54FA44D7FE2E07FED703300749FCE07700300710ECE0770051F85F5DFA54
:206F51007513441000DF0B656C039F5DFAF557FAEF06656C079F5DFA71284FFEF6FCA553B7
:206F710000EEA0038F5DFA705C07DD05605CF8EFE4D74054FA51DF168FA821318E12FE1368
:206F910007DF0BFED206F1FCC75300EE7603D78F54FA0C9F75318E12654C0D61C8EEC3016D
:206FB1001312492822311C9EFC790E2261CB51035F55FA4C01DF12FEC206DC08FEB606CFD9
:206FD10054FA6AD7CF54FA67D74C02DF133647FA31A305CF54FA63D7FE9A06CF54FA66D7D7
:206FF100FCCC4B00300009FCE0770071207CFB710849FAF545FEEF6B4057FA0261F8EE763B
:20701100024056FA0661E8EE5901300600FE9C06CF54FA64D7D546FE61E8EE4601FE8406E9
:20703100DD41EE52024057FA02DF1CD54AFADF17FE2506F557FAFE6406DF09CF4AFA07CF9A
:2070510054FA65D7EE30028FA921318E12FE440661E8EE0E01FE0006EE1C02D54AFA61E84B
:20707100EE000151FC5F55FA9F55FAEE96024057FA02DF2AD54AFADF25FE2106DF1DFC7A51
:20709100AA00D161F8EEDB00FECD05FC59A600F557FACF4AFA07CF54FA6BD7EE3B02DB9220
:2070B10021FEF00561E8EEBA00EE2D024057FA0261F8EE24024056FA0661E8EEA500FCE24D
:2070D1004B00300600FEE405CF54FA6CD7D546FE61E8EE8E00FECC05DF0BFE5F01FE95054A
:2070F100CF54FA6DD7EEF1018FB021318E12FEA305DF70FE6205CF54FA31D74057FA02619A
:20711100F8EED5014056FA06DF59FCE24B00FC59A600300600FE9405CF54FA68D7D546FE6E
:20713100DF41FE7F05DF08FE4B05CF54FA69D7EEA7014057FA02DF20D54AFADF1BFE1805B4
:20715100FE5A05DF10FEF400FC9D5300CF4AFA07CF54FA21D7EE8101DB9421FE360561F833
:20717100EE7601D720064C419800E661E8F6607391DF48FE0605DC43308CFEFC198B009FA6
:2071910052FEAF8CFE12B802AF8EFEB804AEF80404001440C6FE02DF0AAEF80405001671AB
:2071B10082EF0EAEF80405001671838F4CFA9F52FE13BF8CFEA9BF8EFEEF5C0940FA759FD0
:2071D10052FE63318E1640C6FE02DF1D93DF067100EFF9EF2CFEB204128F3320318E317D13
:2071F1005C01085C800803EF157108EFF993DF0B8F4CFA614DDE049F52FE75FE8C04BFD268
:20721100F9655002D61417321C00CEFB0204D0F9328CFEFCFEAD008800318EBF4AFEFE61B6
:20723100041006D74C10DF0840C6FE0161F85104318EBF4AFEF552FEFE4704D7FC4153009B
:207251008F10209FC7FEE0E1FC5F4700FE1004F61432060030C4F9FC34AE0051FC5F55FA7D
:207271009F55FAD7EF11F557FAFEFF03E546FEFEE603CF54FA1BD7FE0204DC11FED903E127
:20729100FCDEA600308813FC06A900EF03FEE5034057FA01DD17CF46FE078F3FFE735CF3E1
:2072B10070635CFC0C045C0C61689F3FFEFEBB03F557FACF54FA1AD7364FFE319306CF4AFF
:2072D100FA29EF02EF13FC415300FE8B03FE9503CF45FA03CF54FA13D7FC415300FC9D5341
:2072F10000FE7B03FE7103F1FC53AD00CF4AFA0DCF54FA12D751A06F3EFE71EB9F3EFECFDA
:2073110054FA32D7E1FCC8AA004057FA0261F8714847FA3647FA31C3085105FC2AAD00EF45
:2073310004715047FAF54EFECF54FA41D7E553FE40C7FE0130018061E83001A0BFA8FE3024
:2073510000FFBFAAFED714AF52FA125C03085C80086168DD2613317E605C074C04DE1C8F49
:207371002F20318EB98F2C203169318E128F2E20F06C20F05C2703BA02E1D7F1D7C32004FD
:2073910014F6B802B800AF52FAF05CFC12B802AEF8A1A11640C6FE02DF20AF52FA5C0308EC
:2073B1005C80616A08616BBB8F2C2031595C607088025C9F61689802EF10880370313A5C4C
:2073D100074C03DC05605CC79803AF1820B9ABBA02AF1C20BA04AF1E20BA06AF2020BA0839
:2073F100AF1A20BA0A88044C02DF488803313A5C074C01DD044C02DF2EAF30205C07BA0CC4
:207411008F2C203169318E128F2D20F06C40F05C4F03BA0EF6BA10BA1215041400FE26FF5B
:207431000C05718B1006D715040C00FE18FF0C031006D751031006D72006AF54FEB800AF3C
:2074510056FE12B802AEF8A1A11488017731735B13445B04DF4F67314A5C074C05DF0D8812
:2074710000FEE900D1E161F8F11006D74C06DD03F1EFF68800D1DF19365DFA31C513AF3E4F
:2074910006F05C026168DDE8343E06A96C08B9EFDF4C01DD044C02DFD73003105F5DFAF1C1
:2074B100DDC760EFC4FE9C01EE9C0088005C1F4C04DD094C05DD05675CF8980188009804FB
:2074D1005CC0DF5C88045C1F7391DF46A94400FFDF40FCF84B00D1DD1140C6FE02DD0B8895
:2074F1000471FA71EBFE6501EF16880471EA71FBFE5A01F9C6FE3090FEFE81FE819F52FE33
:2075110036CEFEE131F303EE5FFF71607CFBE1EE57FF3653FA31A313634C0661F8EE50FFE2
:20753100880471FA71EBFE2401EFE3FE1601634C04DD044C05DF09CF4BFA165102EE29FF7D
:207551004C0661F8EE29FFCF4BFA0CEFEE20040CFEDD170CD1DD4091DD2991DD3091DF1F7C
:20757100AF3C06B802AF3E06EF35AF3E06F05C026168DD0B71707BFB343E06A96C08B9F1B0
:207591001004D7F6B800AF7C06B802EF14AF7006B802AF6C06EF08AF8C06B802AF8E06B866
:2075B10000FE9300CF52FE02302450BF8CFE305B04BF8EFEA802BF90FEA800BF92FEE11062
:2075D10004D72004B80013B802FE6B0088015C9F40C6FE0161E871DA9801E552FEA800BF5B
:2075F1008CFEA802BF8EFE1004D72008501CD60446FE12040E0014A9B8041304100014A9DD
:20761100B8061304460014A9B8001304480014A9B8028804735CC0DD1B8801317A708805AF
:20763100317A6148DF0EAEF816637D5C1FE161E8F11008D7F1EFFAF614320E00308CFEFCFD
:2076510034AE00D771607CFB715046FAD79804A80612A804FE6BFFD75102FC53AD00D7F1E2
:20767100FCDEA600D7F1FC53AD00D7E16F5DFA5CF99F5DFAD75102FC2AAD00D7363EFE7135
:2076910084D7F557FACF46FE04D7AFD2F95CFE085C7F08D75102FC8BAD004C02D7AF48FE13
:2076B100440600D7F556FA404EFE01D7BF4AFECF46FE04D7AF80FB12312E6071FB9F52FEA4
:2076D10013311EF1085CFE0814AF7EFB328CFED751035FD3FED7F556FAF557FAD7CF46FE3D
:2076F1000871483EFECF54FA4BCF4AFA0ED7AF4AFE440400D75C037051FC5F55FA61689FD4
:2077110055FACF54FA6190D75007FCE07700D7F557FA300048FCE07700CF54FA4FD7D61465
:207731003224FA3054FEFCFEAD00D7318E12AF20FE31DD31DE03BF5AFAD7CF4AFA02AF4A32
:20775100FE1204F7FF440200D79F59FAF546FEF1FCC8AA00D7DB5AFA5102FC8BAD00D1D732
:20777100BF4AFECF46FE11D7BF68FAEB7EFBA9BF6AFAD75141FEECF9CF46FE06D7DB9021DD
:20779100F1FC8BAD00D751E05F3EFE4C20D7AFCAF9316D12AFC8F931AE035C03323200CEC8
:2077B100FB02D78FCFF9314A5C075004D6D7AF84FBF05CFED7318E312D5C01085CFC08037A
:2077D100BF84FB311EF1085CFE0814DB82FBD7734FD2FEDF03D361F8D7F5D2FE6031295C1B
:2077F1003C7051C35FD3FE61689FD3FED75400328A0030C4F9FC20AE008F3BFE4C21DD049B
:207811004C08DF0A403AFE0461E8712047FA40D2FE8261E8F5D2FEFECE15FE1722E544FAA8
:20783100D7FE2F0C51F05F44FA0C80DD290C70DD1B0CF0DD1C0CE0DD094C10DD0AFE6A00D1
:20785100EF17FE3208EF12FE4C0AEF0DFE2A06EF08FEAB04EF03FE0003513F5FD1FE708F06
:2078710047FA7371DC6071F9724045FA02DF1270629FD1FE8F44FA91DD2C914C02DC07F1EE
:20789100D771EA72EFE98F4EFA6F4AFA6F56FA6F50FAF1DF1060718C5103DC09635C2030D4
:2078B100030161E860D75107EFFB8F44FA91DD1D9161F8EEC7009161E8EEC0008F4AFA4C53
:2078D1002861E8EEBE01CF64FA02EE1C02D564FA61E8EEA700364EFA31830636DFFE31D5DC
:2078F1006836DFFE31E3628F3BFE4C11DF0DCF64FA02FEF314CF44FA81EF314C21DF05FE44
:207911009C21EFEE4C08DF0CFEDD14FEA51BCF44FA81EF184C02DD144C04DF06CF56FA198F
:20793100EF0AD1DD07E556FACF3AFE04364EFA31850C7100D0FE71007CFB71084EFA515F70
:207951005FDFFE9FDFFEEE3501DB9C21FEF320DD09363EFE31B303EEB50136DFFE31D50392
:20797100EEAC013640FE31D303EEA301403BFE1161E8EE9A01FEBC20CF56FAF2D7FEF01E24
:20799100DF138FC9F9505CD64272FB61D307CF56FA22EEE0008F4AFA4C04DF1E8FD2FE4C4D
:2079B10021DD055004FE27FE36CBFE71F461D871507CFBCF44FA11EEBB004C10DF0D300028
:2079D10021FE8E20717046FAEEAA004C29DF05FED820EF044C02DF06F54AFAEE97006F5618
:2079F100FA6F58FA6F57FA61E8EE890040D2FE21DF06CF56FA03EF7DDB9E21FE4420DF18A4
:207A11003649FA31A309712049FAFE3E20EF66FE2220CF56FA11EF5D4045FA02DF57D557DB
:207A3100FADF528F46FA31734CD550FADF3B3647FA31D31131553ED5D2FEDD39FEE81C7194
:207A51005846FAEF30FE991991DF05FEC619EF09FE051A91DF09FE5A20715847FAEF0ED57A
:207A7100D2FEDD11FEC01CEF0CCF56FA178FD2FE5004FE5AFD4044FA0261F8EEFEFE51030D
:207A9100EC53AD004C15DF08300122FE41FDEF594C06DF1ACF44FA218FD2FE5004FE2FFD74
:207AB10036CDFE31F303EED3FE71407CFBD74C16DF0CF54AFACF56FA04CF44FA22D74C17BD
:207AD100DF14714045FA716046FA71007BFBF54AFACF44FA26D74C29DF0BF54AFAFC7FABB9
:207AF10000FEC61FD74C02DF04F54AFAD76F56FA6F57FA6F58FA61E8EE81FE4045FA0261A2
:207B1100E8EE78FED550FADF4A3647FA31D3193646FA31D303EE64FED5D2FE61F8EE5CFE19
:207B3100FE041C715846FAD7FEB61891DF05FEE318EF09FE221991DF0FFE771F715847FAAE
:207B51008FD2FE5004EE87FCD5D2FE61F8EE2CFEEED41BCF56FA17EFE7C78F44FA0C7FDDF5
:207B7100389161F8EE82009161F8EE94009161F8EEFB009161F8EE1C014C0261E8EE7D012B
:207B91008FB421FED31E61F8EE7201FEA61ECF56FA02CF44FA85EE6401D564FA61E8EE5C39
:207BB10001F545FA36C8FE31F32C8F3BFE4C11DF0ACF44FA03CF56FA02EF284C21DF09FE8A
:207BD100891ECF44FA87EF1B4C08DF17CF56FA19CF44FA02EF0DFED11E403BFE11DFF1CFAC
:207BF10044FA03F54AFAEE1401DB9A21FE531E61E8EE0901FE3D1E715840FEFEA01EEE8621
:207C110000D564FA61E8EEF400D53AFE61E8EEEC00404AFAF0DD3A40D2FE8CDD34364EFA0F
:207C3100318505D53BFEDF328F3BFE4C11DF0AFE191ECF44FA84EEC40036DFFE31F31B4C35
:207C510021DD044C08DF13FE011ECF44FA82EEAC0030008CFEFB1DFE9C1AE544FA3000822A
:207C7100FE6CFB71184FFE715840FEEE8F00AF70FB442103DC08DBA021FEC61DDF7FFEB342
:207C91001D36DFFE31F306CF44FA81EF70FEBB1DE544FAEF688F3EFE315A4C03DC5FFE3727
:207CB1001051FD5FDDFE98009FDDFE8F4CFA4C02DC395004D604302014A9165C03442D01AF
:207CD100DC29AA0212316C1731AE035C03449001DF19AFCAFE5C0344F100DC0FAF42FE44E5
:207CF100F401DD078800719A9FDDFE51806F3EFE5C9F9F3EFECF56FA03CF44FA02C6D7C7A6
:207D11008F44FA98000CDFDD309161F8EE98009161F8EE39010CFE61F8EE48019161E8EE11
:207D31005501404AFA0761E8EE4C01F54AFA716846FACF45FA02EE3001D556FA61E8EE36BA
:207D51000136CDFE31F305FE060AEF1540D2FE2261E8EE2201EB7EFBA9BFCCF9AA02BFCE7F
:207D7100F936EFF931851440C6FE01DF0E7178CEF971484FFE7108EFF9EF1840C6FE02DF1C
:207D9100127170CEF97100EFF93627FA7184364FFE71C1404AFA0661F8F54AFACF56FA047F
:207DB100CF44FA22EED000D556FA61E8EEC8008F4AFA4C01DF43F54AFA300022FE10FA715B
:207DD1004045FA8FC7F9705C70DF096071CA5C9F709FC7F9607FCFF95C7061E871407AFB59
:207DF100FEA01C045E0014C80023A9BFCAF913045C0014A9BFC8F9EF3E4C02DF16F54AFAD3
:207E1100C80003300322FEC6F971607DFB7120D1FEEF244C15DD044C18DF0BF54AFA3007B8
:207E310022FEABF9EF0E4C03DF1251EF5F45FA9F45FADF08C8000388009F44FA88004C2267
:207E5100DD3536CFF931A3277118D1FEEF29404AFA07DF23F54AFAFE1F15CF44FA25CF6439
:207E7100FA03EF13D564FADF0ECF44FA03EF0871607DFB7110D1FEC6D78F44FA0CEFDD41AF
:207E91009161F8EE15019161F8EEBB019161F8EEC3019161F8EEEC009161E8EED8018FAB14
:207EB10021318E12FE9B1B61E8EECA01FE851B3646FA31E503EE9401CF64FA06CF44FA1306
:207ED100D7D556FA61E8EEAD01404AFA0461E8EEA40136CBFE31F30FFED40F313970510707
:207EF1005F48FA6168EF258FD2FE730CFDDD0E91DD114C08DD0D51075F48FAEF0F8FCFF922
:207F1100FE561A313851075F48FA616B9F48FA5CF861F8EE6001FE1B1B8FCFF9314A708FD2
:207F310062FA313A61785C07DF0E605C07FE461A4CC061F8714049FA51F85F48FA4C18DF99
:207F5100303649FA31C52A30327F5FCCF9D642DAFE61D31DAFCEF9BFC6F9AFCCF9BFC4F91D
:207F7100CF64FA06FEE41A51159F44FA717846FAD7F54AFA4056FA03DF045112EFEBCF566D
:207F9100FA10EFF6320500FEB81A61E8EEE700F54AFACF56FA10CF44FA12D7D556FA61E8F0
:207FB100EED3008F4AFA4C1EDF17716046FA300002FE1BF8CF44FA16FE901A714045FAEFBE
:207FD1004A91DF39FEBC1A042600143649FAA9BFCAF91304240014A9BFC8F9714045FA314E
:207FF100C309FE661ACF44FA16EF20320500FE511A61E8CF64FA06CF44FA13EF0E4045FA3C
:208011000161F8CF45FA02CF44FA02404AFA02DF0871607DFB7120D1FE36CFF931A3075196
:20803100FD5FD1FEEF0971607DFB51026FD1FE9FD1FEF54AFA300003FE94F7300004FE8E0F
:20805100F730000CEE88F7D564FADF2ACF56FA06CF44FA14D7D556FADF1CFE1C13FE1018A3
:20807100DF05FEE619EF03FECA1951EB5F49FA9F49FACF44FA02D78F44FA0CBFDD6C0CFEAA
:2080910061F8EEB3009161F8EEF2009161F8EE57019161F8EE85019161F8EE90019161F82A
:2080B100EE94019161F8EEBE019161F8EECF019161E8EEE001D556FA61E8EED8017118493D
:2080D100FA71107CFB513F5F47FA9F47FAF6BFCEF9BFCCF9F545FA51E05F3EFE4C8061E878
:2080F100EEAE01CF56FA03EEFA0036C9FE31E30C51806F48FA5C879F48FAEF30FEBE12D1A7
:20811100DF0C51206F48FA5C279F48FAEF1EFE8012D1300C0061F830030060733138510713
:208131005F48FA616B9F48FA711049FAF54AFACF56FA10CF44FA43D7D556FA61E8EE5501DB
:208151008F4AFA4C01DF0FFE2519DC05FEE518EF28FEF718EF234C03DF10D558FADF0BFE65
:208171002F12D1DD14FEFF16EF0FFEF71861E85007510AFE59F6FEC218F54AFAD7D556FA78
:2081910061E8EE10018F4AFA704C01DF14F54AFAFEDC18DC065103EC53AD005103EC2AAD9F
:2081B100004C0361F8EEED008F47FA725CC04C40DF14604C02E6A161E8F660733168625CB0
:2081D1003F616B9F47FAFE9B1861E85007510AFEFDF58F4AFA4C15DD084C02DD044C1861FA
:2081F100F8F54AFAFE5418D7D564FA61E8EEA5008FAB21FE631861F8EE9A00FE3618712853
:2082110049FA8F3EFE718C30460461C83049019F64FA609F44FA300421EEB3F58F56FA6FB2
:2082310064FADF71CF56FA06CF44FA47D7D556FADF63CF44FA48D7404AFA07DF58F54AFAA1
:20825100711849FAF545FA513F5F47FA9F47FA71107CFBCF64FA02F6BFCEF9BFCCF93004A2
:2082710021FE6BF5EE7DFF404AFA07DF28D564FADF23F54AFACF64FA05CF44FA4AD7D55679
:20829100FADF12D564FADF0DCF56FA06CF44FA4BD7CF44FA85D78F44FA0CAF4C02DC660CE2
:2082B100FE61F8EECF009161F8EEE7009161F8EE0E019161F8EE3F019161F8EE5A0191DF38
:2082D10043D556FADF3E8F4AFA704C01DD304C03DD328F47FA735C0391DF14604C02E6A1B2
:2082F10061E8F6605C0370635CFC61689F47FA8F4AFA4C15DD084C02DD044C1861F8F54A57
:20831100FAFE3717D7D556FADFFA8F4AFA4C01DF11714045FACF44FA53F54AFA30000BEE6F
:20833100ADF44C03DDDE8F49FA31330640D2FE61DF0B71BB9F49FA300761FE92F48F4AFAED
:208351004C02DF0FF54AFA710049FA30000BFE7EF4EF184C15DD044C18DF0C30070BFE6EF2
:20837100F430070AFEEB16711849FAFECD164C44DF92EEC2003647FA31A310D564FADF8469
:20839100FE3011FEC516CF44FA54D7FEBD16CF44FA55D7D556FA61E8EE69FFD564FA61E832
:2083B100EE61FF8FBB21318E12FE961661E8EE53FFFE8016CF56FA06CF44FA57F54AFAD7C2
:2083D100404AFA07DF18D564FADF13FE6616F54AFA712847FACF64FA08CF44FA56D7329621
:2083F10000FE5E1661E8EE1BFFFE4816714845FACF56FA11EE0AFFD564FA61E8EE05FF714F
:208411004845FA710849FAFE31164C4461E8EEF3FED556FADFC3EF1FD556FA61E8EEE4FEF8
:20843100714845FA71403EFE51F65F49FA9F49FAFE08164C44DF0EFEA70F9161F8FE6014D2
:20845100CF56FA0BD740D2FE6161E8EEB6FECF56FA12D78FDFFE735C1070DD23403BFE1161
:20847100DF1D3640FE31D3176331731351EE5FDEFE9FDEFE6371FA5CEE9FDFFEEE4A018FF5
:208491004AFA724C0BDF173640FE31D51151F05F44FA4C8061E8CF56FA02F54AFAD78F4E3C
:2084B100FA75310508D53BFE61F8EE8E018F3FFE745C0273DD0CD0E061F8F065312503EE7B
:2084D1007901D061E8EE7301624C0B61F8EE6B014C0D61F8EE64014C0ADF62403BFE1130D4
:2084F100030061E83002039F56FA609F44FA8F47FA705C0391DF07605CFC709F47FA605CE4
:20851100C04C40DF06605C3F9F47FA8FD2FE704C0DDF0C51035FD3FEDF0530000DEF066031
:208531004C60DE04E0FEA7F2FE0915E545FAF549FAF54AFA71507DFB717846FAD74C08DF08
:208551003151075F48FA36C9FE31830471FAEF026C189F48FACF56FA10F54AFACF44FA52A3
:208571008FD2FE700CF64C02DC074058FA4160DF16D74C09DF16CF44FA418FD2FE4C0ADDBF
:20859100F04058FA41DDEA5004EE43F24CF0DD0640D2FE8CDF204044FA83DD1ACF56FAFEFA
:2085B100FE080F51385F62FA61E8CF64FA14FE8314CF44FA83D78FD2FE4C60DF1B3640FE52
:2085D10031D30B4056FA11DDA8CF56FA11D771407DFB300060EEF7F14C62DF0C645CF04C2A
:2085F10090DD8ECF4AFA0DD74C81DF0E64310306300081EED9F1E53AFED74C82DF18D3E04B
:2086110061F8F06431050460310505CF3AFE02D7300082EEB9F14C8361E8EE54FFD3DF157D
:20863100403BFE21DF09CF3AFE03CF56FAFFD7300283EE9AF1300083EE94F1624C0D61F840
:20865100CF3AFE048FD2FE704C60DF0971407DFB300060EF15624C0B61F871407DFB604CF7
:2086710082DF06367DFB31C504E0FE62F1367DFB31C510715040FE51F85FD1FE9FD1FE71A0
:2086910018DDFE8F4FFE7571BB9F4FFE8F3FFE725C0270DF0E364EFA318505D53BFEDD4B05
:2086B100D1DD0B364EFA31A505D53BFEDD3D404AFA0DDD378FDEFE71BC61D8712050FA71AD
:2086D100FC61D8716050FA8FDFFE7071BC61D8713050FA36DFFE31C54F51EE5FDEFE9FDEBD
:2086F100FE6071FA5CEE9FDFFEEF39F550FA8F4EFA73718B9F4EFAD0DD0C635CFA9F4EFAED
:2087110062719B9F3FFE7118DDFE655CF59F4FFEF6BFD0FE71007CFBAFDEFE5C08085C88B2
:2087310008BFDEFECF56FAFF4044FA83DD1AFE7A0D8F62FA705C38DF0B605C07DD0ACF6434
:20875100FA11EF04CF64FA14FEA2F0CF44FA83D7200C8F43FA318EC18F40FA318EC13024BD
:20877100FAC1AEF8040C001234D0F9A1A1FE33081006A808B800317503EE2101440000DF93
:20879100134040FA0261C8EE13016168DF06FE3412EE5801A806B80A312DB8040427FA1412
:2087B100895CC0734C40DF29A800312D16FE7A12DD1F1704D0F914A8040426FA16A95C0374
:2087D10012AB314E5C03CEFB0136000034F401EF44D3DF24A800312D16FE4E12DF1A17042D
:2087F100D0F914321027A95C03FE1E12CEFB0B00360000341300EF1D634C80DF39A800316F
:208811002D12FE2512DF2F1304D0F91432F401A95C03FEF511CEFB0B001431AD12AFCCF952
:208831005C03031615316D31CE12AFCEF9085CF00803B802EF24AFCEF9085CF00816A800B9
:20885100312D04D0F914A95C0312316E07B802AFCCF95C031431AC13051617BFCCF9A80217
:20887100BFCEF9A8040424FA14A95C0312AFCCF9F05CFC03BFCCF951835FCFF973A80A60A2
:208891008131495C70616B9FCFF951F85F46FA73A80060815C07616B9F46FAEF4F8FC7F94E
:2088B100705C70DD3460314A5C074F43FA61C329FEAC00D1DD238FC7F9314A5C075004D671
:2088D1000420FA14A95C036168DD0EAFC6F9BFCEF9AFC4F9BFCCF9EF03FEE9108FCFF93144
:2088F1004A5C07318EB1B8067120CFF9AFCEF9B802316D16A806312D0424FA14A95C03B84D
:208911000012AFCCF9B80431AE075C034361D320A8045C03161331AD07BFCCF9A802085C7D
:20893100F00812A800316E616B08616A08BFCEF9A95C0312AFCCF9145C034361D30715FE16
:208951003F10BFCCF93628208FCFF9718471899FCFF93652FA718471999FCFF9100CD7C766
:208971008FCBF975316A748FC7F9314A5C0791318E12312CC0C34927FA316A614CDF346576
:208991005CC0DF0AFE1C106168E1DF24C6D74C80DD044C40DF1DFE0A106168DF16C2C37944
:2089B10026FA7FCBF9087FCAF95CF0085C3FEFD7F1EFD9F1EFD62008AF5220BFD6F9AF50FF
:2089D10020BFD4F9AF5620BFDAF9AF5420BFD8F9AF5A20BFDEF9AF5820BFDCF9AF5E20BF0A
:2089F100E2F9AF5C20BFE0F9AF6220BFE6F9AF6020BFE4F9AF6620BFEAF9AF6420BFE8F984
:208A11008FCDFE312A5C079F40FAAF36205C0312AFD0F9F05CFC03BFD0F96C905C93BFD019
:208A3100F9AFD2F9FE480FBFD2F940C6FE02DF14FE660F128F3320318E317D5C01085C80C5
:208A51000803EF03FE520FBFD2F936C9FE8FD3F971D471999FD3F93652FA718471A99FD30A
:208A7100F9FE050F8FD3F971B99FD3F95C0F704040FA02E13C00718C6071C936C9FE71E48D
:208A910071D99FD3F9F198024F40FADE78318E12312CC0C349D3F9316AD1DD044C02DF3E28
:208AB100AFCCFE5C0332F401CEFB0116A80004D0F9B80014AA02316DB806A9B80431AE1425
:208AD100A80635055C031417360000CEFB0B0014A8045C03121543DE275C0312EF1A91DF91
:208AF1001FAFCCFE5C0312A80004D0F9B80014A9B8045C034361D308C4C5A804FE820EB95C
:208B1100880281EF811008D7200AC1AFCAFEB802F6B804A800340000320E00FC34AE00AF63
:208B310034205C0312C4C5A9F05CFC03B96C905C93B9AA02FE380EBA028F322031495C30F2
:208B5100708A025CCF61689A0236C9FE8A0371D471999A033652FA718471A99A03FE090EBF
:208B7100C4C58A0371B99A0336272032F401718471C99A0336C9FE71E471D9775C3F9A034C
:208B9100A8025C03CEFB01B80A13B808675C3E40C6FE0261F8718A9A031504040014AF3A4A
:208BB10020BA02AF3820B9A8001204080014AF3E20BA02AF3C20B913040C0014AF4220BA9F
:208BD10002AF4020B91304100014AF4620BA02AF4420B91304140014AF4A20BA02AF4820B7
:208BF100B91304180014AF4E20BA02AF4C20B9F198028FCBFE312A5C07980370518012A884
:208C1100047C804361C8EEC500A80014040300168B5CC04CC0DF3C15A1A114A9311EF1FE2B
:208C3100690D1613B806C4C589980371FB318E12A8064400001761F843A8064400001761CD
:208C5100F843DC02C3C6880371FC66FBF8FF71F999EF70AA0212316CA9B80631AE035C03AC
:208C7100FE280D14A8065C0316F6431761F84561C306C4C5A95C0314155C0316C4C5A9F010
:208C91005CFC07B806B9AA0212316CA80631AE035C03B80644900130F4011261D8322C0141
:208CB10017FBF8FF4361D30FA80644900132F401DE09322C01EF04A95C0312A9FEC20CB9E9
:208CD100615902AB040400BB617904EE24FF88029F4CFA8803100CD7200C30ECF9B8043050
:208CF100ECF9FE23FE98009F41FAF7D941FA518014137C8045DE53A80416FED30B4CC0DFEF
:208D110028AF42FE340500CEFB0300B8028B980171FB318E14A80245DC0315B80288017172
:208D3100FCA8026071F99BEF17EB42FEABB8025C034561E314155C0314A802F05CFC05BB4B
:208D5100A804040400B804A3EFA140C6FE02DF71C0C18F4CFA776140DD67FE190CDF62678C
:208D71005004D604E8F9B8028800318E1614B515B80617312D04E8F9B804D94CFA51801604
:208D9100157C8047DC3BA8041450058971FBD6B808A80216ABB80A5C0314A8084561C815E0
:208DB1005C0314A80AF05CFC05BBA80404FCFFB804A80204FCFFB802A80614B515B806EF72
:208DD100B913312D04ECF9B802C0C1518014137C8045DE11A80214F6B9BA02A80204040031
:208DF100B802A3EFE4100CD7F614320E0030D0F9FC34AE005400E7A33040FAFC20AE008F7D
:208E11003BFE4C08DF2EE541FAAFECF9F05CFCBFECF96C905C93BFECF9AFEEF9FE500BBFCA
:208E3100EEF9513E5FEFF940C6FE0261F8718A9FEFF9EF144C21DD0D36C9FE31E30736C813
:208E5100FE71B461D8FE90FE36C8FE31A30D36C9FE31E307403BFE1161E8D7EE58FBFE0833
:208E71000B36D3F971B1FE000B36EFF971B1D78FC8FE7031251951DD5FD3F9728FC9FE73CA
:208E910071DC627199726371EC6271D99FD3F96071BC61C8D751DD5FEFF9738FC9FE707113
:208EB100DC637199736071EC6371D99FEFF9D720048FCFF9314A5C0791728FEFF9703105A4
:208ED100128FC6FE7391DF0B7108EFF951EF5F4FFEEF188FC6FE734C02DF1360718A9FEFEB
:208EF100F936CEF98F4FFE71F471C99F4FFE624F41FA61C8EEA700318E312DB80004C4F9C4
:208F110016042B001417042800B802895CC04CC0DF5593DF0CFEC0FDCF56FA03510C100439
:208F3100D7A802148971FB70517F5FCCF9614861C36CA5500589D612AFCEF9317D14AFCCDB
:208F5100F9319E055C071443DC54C2C379EEF9311EF112312D0312154361C3428FCFF9FE8C
:208F7100F70951031004D78FCFF99802EBCCF931330636CFF931A50DAFCEF9316D12AFCC14
:208F9100F931AE0314C2C379ECF95C0312155C034361C30A4242FE61C3048802EFC151045F
:208FB1001004D7C5C32006C1168812318E12B313B802C3C415BB13FBF8FF317336312D129F
:208FD10061090AFE0A094C40DF218814318EC1FE7809B806A1A116AB12A80616ABFE2F0263
:208FF1001271FCC6A8081413B9DE08C6C7ABB11412EFC1A800A1B8041631F545A80212C3E1
:20901100C4FBF8FFAB35B913317336312D1261090AFEBC084C80DF218814318EC1FE2A0944
:20903100B808A1A116AB12A80816ABFE3B011271FCC6A8081413B9DE08C4C5A9B11412EFEC
:20905100C0A8041631F543A80212FBF8FFAB14A802B913317334312D1261090AFE7108DF1F
:20907100218814318EC1FEE108B804A1A116AB12A80416ABFE17001271FCC6A8081413B993
:20909100DE08C4C5A9B1B802EFBFE1100CD7C5C1200E316CA80E31AE03B80A5C0316321553
:2090B10000FE8008B80617FBF8FF321300FE7408B8088816318EB80412312DB80C6109100C
:2090D10004FCFFBB13EF33317335ABFE02084C40DF21ABFEED0712A8084361C316ABFED91A
:2090F1000714A80645DC0CA80EFE4308FBF8FF4361D30CAB04FCFFBBA802B1B802EFC8A81C
:2091110002317562A81061090C04FCFFBBA804B1B81031734FABFEB707DF2CAB14AA021245
:20913100316CA931AE037E0B087E0A085C036168DF0CA95C0312A80E5C034361D326AB0447
:20915100FCFFBBA810EFC84C80DFF3ABFE740712A8084361C3E8ABFE600712A80643DCDE39
:20917100AB14EFCEA8101012D7C5200CFE9D07EF2C31732EA800FE57074C40DF1BFE6F0733
:2091910061C315A800FE320714FE270745DC09A802FE9B074361D30AFE1007A806B1B8063F
:2091B100EFCFA806FBF8FF317562FE2B07B1B80C317357ABFE1907DF17ABFE0607163215C6
:2091D10000FE6007B80617321300FE570716EF0F4C80DF2DABFEEB061615FEDD06B806A8AB
:2091F1000412316CA80231AE035C0347FBF8FF61C30FFEBE06614906DC07ABFEE60661D336
:2092110009AB04FCFFBBA80CEFA3A80C100ED7C5200CFEF706EF2B31732DA800FEB1064C60
:2092310040DF1AFEC90661C314A800FE8C0612FE810643DC08A800FEAA0661D30AFE6B06E6
:20925100A806B1B806EFD0A806FBF8FF317303EE9000FE8306B1B80C317503EE8200A8009F
:20927100FE6D06DF27A800FE590616321500CEFB02341400CEFB0300B80617321300CEFB42
:2092910002341400CEFB0300B808EF114C80DF48A800FE2E06B80815FE1F06B806FBF8FF72
:2092B100A80412316CA80814A80231AE035C034561C325FEFD05614906DC1DA8025C033221
:2092D100F401CEFB01360000CEFB0B0016C4C5A95C0312174361D308FED005A80CEE75FF7C
:2092F100A80C100ED78FDCFE9F6AFAF56BFA8FD7FE9F6CFAF56DFA8FD4FE70312A5C069FFC
:209311006EFAE570FA403BFE21F161F88FDDFE9F6FFA8FCFFE31131536CFFE31B51631C387
:2093310006CF6BFA08EF0DCF6BFA10EF07719A5C069F6BFA364DFAF131A506CF6DFA025160
:20935100027331B50671AA739F6DFA31E50671BA739F6DFA603125066371CA9F6DFAAF68D0
:20937100FA6C03086C80085C03BF68FAD78FCFFE70311A6150605C01D7CF45FA027128D14A
:20939100FE3646FA71E461C871307CFB716846FAD7363EFE3183247184F11C003647FA31CE
:2093B100A319D1DF163649FA31831036C9FE31850A8FCEFE316A5C017C01D7F1D78FCEFE56
:2093D100312A5C034C03DD174C01DF06363EFE31830D4C02DF07E15F3EFE7C01D7F1D7E16D
:2093F100D736C9FE31E52B51C05F47FADF243647FA31C31E8FCEFE312A5C034C01DF08368B
:209411003EFE318502E1D74C02DF07E15F3EFE7C01D7F1D7711049FAFE76FFD1DF0CFE7F53
:2094310004CF56FA0BCF44FA44D7FE3A04D751035FCEFE4C03DD1F4C02DF07FCF84B00D1A4
:20945100DD1451035FCEFE91DF0AFCF84B0091E161E8F1D7F1D7E1D736C9FE31D531510347
:209471005F47FADF2A3647FA31C32451035FCEFE4C02DF09FCF84B00D1DF02E1D751035F92
:20949100CEFE91DF0AFCF84B0091E161E8F1D7F1D73649FA31930BE15F3EFE30020361E8A9
:2094B10060D75144D7510F5F45FAD7CF64FA18EC559C0036C9FE718461C8D7CF64FA07716A
:2094D1002047FAD7200451A06F3EFE71EB9F3EFEFC734B00D1DD37F545FEFC8F4B00D1DDF1
:2094F1002DAF80FEB800AF82FEB8028800315A5C034C01DF05302C01EF074C02DF0630F413
:2095110001BF42FE51606F3EFE71FB9F3EFE1004D7AF68FA6C0C5C0C085C7F08FE59038FE7
:2095310068209F74FA8F69209F75FA8F6A209F76FA8F6B209F77FAAF6C20BF78FAAF6E2064
:20955100BF7AFAAF7020BF7CFA8F72209F7EFA8FCFFE70311A5C0173DD0660718C63719987
:209571009F7FFA36CFFE31B50831C30571AA9F7FFA8F73209F80FA8F74209F81FAD7AF683F
:20959100FA6C0A086C80085C0AFEEC028F75209F74FA8F76209F75FAAF7820BF76FA8F7A19
:2095B100209F78FA8F7B209F79FA8F7C209F7AFA8F7D209F7BFA8F7E209F7CFA8F7F209FA0
:2095D1007DFA8F80209F7EFAD78F8120318E04040012317CAF68FA319D319E03BF68FAAFAF
:2095F1001820BF6AFAAF1A20BF6CFA8F82209F6EFA8F83209F6FFA8F84209F70FA8F85200F
:209611009F71FA8F86209F72FA8F87209F73FA8F88209F74FA8F89209F75FA8F8A209F76D5
:20963100FA8F8B209F77FA8F8C209F78FA8F8D209F79FA8F8E209F7AFA8F8F209F7BFA8F0A
:2096510090209F7CFA8F91209F7DFA8F92209F7EFA8F93209F7FFA8F94209F80FA8F95208C
:209671009F81FA8F96209F82FA8F97209F83FAD7AF68FA6C095C09085C7F08BF68FAF6B188
:20969100BF6AFAF6BF6CFACF6EFA4ECF6FFA6FCF70FA74CF71FA20CF72FA53CF73FA75CF3A
:2096B10074FA70CF75FA70CF76FA6FCF77FA72CF78FA74CF79FA65CF7AFA64F57BFAD7AFBA
:2096D10068FA6C025C02085C7F08BF68FAFEA001DF17AF66FABF6AFA8FD6FE9F6CFA8FD4AD
:2096F100FE3159314A9F6DFAD7F6B1BF6AFACF6CFAFFF56DFAD7FC493D00343E064100BA53
:209711002E11AF0A20BA3211AFFA00F05C0F16510F5F2320318E128F1020318E31CD0703B0
:20973100BA3EA96C02B9D78FD2FE0CFE61F8EE98000CFE61F8EEDA000CFD61F8EE93009192
:2097510061F8EE92009161F8EE91009161F8EE94009161F8EEA6000CFE61F8EEA3000CFDCF
:2097710061F8EEB2009161F8EEB1009161F8EEB0000CFE61F8EEAE000CFE61F8EEAC000CC6
:20979100F461F8EEAA000CFD61F8EEB7000CF661F8EEA1000CEC61F8EE9F009161F8EE9E8E
:2097B100009161F8EEA2009161F8EEA1000CFE61F8EEA4009161F8EEA3000CF661F8EEA14B
:2097D100004C0E61F8EE8B00D7CF56FA0ECF44FA12D7CF56FA05D7CF56FA0AD7CF56FA0C2C
:2097F100CF44FA58D7FEA9FBD130440B61E830510D9F56FA609F44FA711049FAD7FE670027
:20981100D751035FD3FEDF05CF56FA13D7CF56FA23D7CF56FA08D7CF56FA14D7CF56FA159A
:20983100D7CF56FA18D7CF56FA1CD7CF56FA1FD7CF44FA21D7CF56FA0FD7CF56FA1AD7CF22
:2098510056FA1BD7CF56FA1ED7CF56FA1DD7CF56FA16D7CF56FA12D7CF56FA30D7CF56FA35
:2098710031D7CF56FA32D7CF56FA0DCF44FA51D751C05FCBF94CC0D7BF68FAAF1820BF6AFE
:20989100FAAF1A20BF6CFAAF1C20BF6EFAAF1E20BF70FA8F22209F72FA8F23209F73FAD7F6
:2098B10051406F47FA71FB9F47FAD7A80404FCFFB804D7A808314E5C03D7A1A114A9314E12
:2098D1005C03D714AA0212316CA931AE035C03D704030014895CC0D7A81061090A04FCFF4F
:2098F100BBA80CD714A95C0312A8065C0343D7A80812316CA80414AA02316D16A931AE07AE
:209911005C0314A80631AE035C0345D7B80613B8088816318EB80C12312DB80E0504FCFFCC
:20993100B80413D7CEFB02341400CEFB0300D75C031215CEFB0136000034F401CEFB0B0037
:2099510016A80414A95C031217D7A81614FBF8FFA7A7A7A71361090CD7314A5C077051F8C1
:209971005F46FA61689F46FAD7FE01FA718CD7086C015CF108D75004D604EBF914895CC07F
:20999100D7F05CFC616B08616A08D714A80C12A80E360000CEFB0B00D7AFD2F95CFE085C70
:2099B1007F08D7A8040424FA14AA027FCBF9087FCAF90812316CA97FC9F9087FC8F90831FB
:2099D100AE035C03D7AFCCF95C0312AF36201431AD03BFCCF9AFCEF9085CF0081215316D95
:2099F10031CE03BFCEF9AF24FA5C0312AFCCF9F05CFC03BFCCF951106FCFF95C979FCFF95B
:209A1100E16F46FA5CF99F46FAD7CEFB0116A8080424FA14AA02316DB806A931AE14A80682
:209A310035055C031417360000D704D3F914895CC04C40D75103FC53AD00D7FE53FA9F4403
:209A5100FAD75103FC8BAD004C02D75103FC2AAD00D7FE7ADDF54AFAD7318E125103FC8B68
:209A7100AD0091D7711849FA404AFA025003D730000AFE5ADD714045FACF44FA458F3EFEC8
:209A9100718CD7AFCEF9BFC6F9AFCCF9BFC4F98FC7F9314A5C075004D604C4F912D7FE12EC
:209AB100FAFC559C00CF64FA05D771307DFB7100D1FED7CF56FA0CE16F47FA719B9F47FACD
:209AD100CF44FA58D7F6BFDEFED72004FBF8FF8FDEFE9B314A708FDFFE736D61685C0198C0
:209AF100018B70311A7263311A7560315A616A616D5C01748F3BFE724C21DF2F36CFFE313B
:209B1100D51D8800313315718B75718A709FDEFE8800719C60DE12656C05EF0A31D30C889E
:209B310000313507719A9FDEFE9800624C11DF2A36CFFE31E51A880031731271CB7071CA69
:209B51009FDEFE8800315512606C50EF0A31E30A880031750571DA9FDEFE624C21DD044C31
:209B710011DF2D51805FCFFE70DD1B63313314718B72718A709FDFFE63719C60DE11626C95
:209B910005EF09D0DF0A63313506719A9FDFFE738FDEFE98025C77708FCFFE980071DC604C
:209BB10071B970880071EC6071F99FDEFE880270312A7263312A7560316A616A616D718C45
:209BD1006371E973880071FC6371B9759FDFFE60311A7263311A7760315A616A616F5C01AC
:209BF10072880170D0DF1B880270314A77636168616FFBF8FF5C014E01DD076571CA759F01
:209C1100DFFE6571EC6471E9D1E061F8F0D2DD0B603103076571DA759FDFFE65314A73880B
:209C31000070315A7260316A708800317A7465315A616B616A61685C01616C30000761E89A
:209C5100601004D720088F64FA7031430F8F65FAD1DD146148DD109F64FAEF0B714864FA4C
:209C7100FECE03710863FA8F64FAD1DF07710863FAEEA9033663FA318503EEB10291DD3F80
:209C91009161F8EE620291DD6B9161F8EE00019161F8EE1B019161F8EE4C019161F8EE21B3
:209CB100029161E8EE6A0236C9FE31850B363EFE719461D871707AFB712847FAEE09027155
:209CD100407AFBF6BFD8FEBFDAFE51F85F62FA9F62FAD53BFE61E8EE370271EA5C789F62EF
:209CF100FA302003BF60FAAFC021BF5EFA710063FAEE1D0271507AFB8FCBF9316A91DD11C8
:209D110091DD6991DD43AFCAF9FE5C03323200EF74AFCAF916FE50031417314E5C030532FB
:209D31001900CEFB02B800BFD8FEAFC8F95C0332F401CEFB01360000CEFB0B0012BFDAFE6E
:209D5100AF42FE4361C30AEF0BFE3303B800FE2303BFDAFEA800BF60FAFED50251075F465E
:209D7100FA7051F85F62FA6168EEA201AFCAF914316D1215314E5C0314AFC8F931AE035C1F
:209D91000305321900CEFB02B800FECC02EFC271107AFBF6BFD8FEBFDAFE302003BF60FADB
:209DB100308A02BF5EFA51406F62FA5C47EE090171007AFB308813BFD8FEAFECF95C03325D
:209DD1000A00CEFB02BFDAFE308E12BF60FAAFC221BF5EFAE16F46FA5CF99F46FA51886F68
:209DF10062FA5C8FEED20071207AFB51C05FCBF9754CC0DF09FE870216FE7802EF10AFCA1B
:209E1100F9FE6402323200CEFB0216FE4B021217B80213BFDAFED946FA6098018F62FA9822
:209E310000313A61785C07DF58654CC0DF42A80212EB60FA154361D30F04F40143DC09FEE6
:209E51000E0271EA71FBEF211547DE131704F40112154361C309FEF70171FA71EBEF0AAFB1
:209E7100CE21BF5EFA88005C3F7317BF60FAEF3DAFCE21BF5EFAA802BF60FA88005C3FEF4F
:209E91002BFECC015C3F9800A8024260FA61D30F325F00FEA001BF60FA880071FAEF0D3295
:209EB1006900FE9101BF60FA880071EA73635CC77088013159312A61689F62FA710063FA33
:209ED100EF4F36C9FE31830671183EFEEF143647FA8F3EFE71A471999F3EFE719C367AFBC0
:209EF10071E1FC80A600EF2971307AFB308813BFD8FEBF60FA30F401BFDAFEFE3301E170F7
:209F11006F46FA5CF99F46FA606F62FA5CF99F62FA3663FA318309F564FAF565FAEEFD00F0
:209F31008F64FA9F65FAE1FC2AAD00EEEF00DB5EFAE1FC8BAD009161E8EEBB008F63FA9845
:209F510000310303EED6008F62FA98015CC061F8EECA004C40DF3CAF60FAB806325C00FE4A
:209F7100D4001413440000DB70FB13B8041561F843DE74FECE00DE6FA806326C00FEB60060
:209F9100FBF8FF14134400001561F8614904DE45EE8A004C8061E8EE8300AF60FAB806321D
:209FB1006C00FE91001413440000DB70FB13B8041561F84361D330FE8A00DE2BA806325C33
:209FD10000FE7200FBF8FF14134400001561F861490461C3488B5CC17088028161015C3EFC
:209FF10061689F63FAEF36AFCC21BF5EFA88015C3F9F62FAEE2FFFE1FC53AD00FE3200F576
:20A0110064FAF565FA51C05F63FA70513F5F62FA9F62FA609F63FAAFD8FEBF60FA3663FA6D
:20A03100510731850951C05F62FAE161E8F11008D7F6BF5EFAD7CEFB01360000346400CED8
:20A05100FB0B00D78804311A98065C1F4FBF21D7AFC621BF5EFA8804D7BFD8FEAFC8F95CAB
:20A0710003320A00CEFB02D7316D12AFC8F931AE035C03D7BFD8FE30327F5FC4F9D6D7AFC8
:20A09100C6F9317D12AFC4F9319E035C07321400CEFB02D7E6A1BFC2F936C8FE30100071F9
:20A0B100A461C8F612086C01081436C9FE31B50EAFC2F96C02BFC2F913086C03081431957A
:20A0D1000EAFC2F96C08BFC2F915086C08081431A50DAFC2F96C04BFC2F915086C04086C24
:20A0F10080086C2008BF8A05717BE7300300BFC0F9AFC8FE31CD12AFC2F9616B08616AFEDB
:20A111006A0B6C40FE650B6C80FE600B6C02FEAD0ADF08AFC2F9086C18EF0A4C02DF0AAF6B
:20A13100C2F9086C0808BFC2F936C8FE31A30B31B512AF8605085CFEEF06AF8605086C0142
:20A1510008BF8605349405AFC0F9B9AFC2F9BA02300303BA10EE4207C78F3AFE4C01DD0792
:20A171004C0561E8EEA30034A805301800BA02A9086C0408B9FE7909FECE0ADF12AFC2F92B
:20A19100F05C806168DD12AF8605085CFEEF06AF8605086C0108BF8605403AFE01DF10FE32
:20A1B1002A0A71083FFE300081FCE07700EF0F348405A9085CFE08B9A9086C0108B9FE88B4
:20A1D1000ADF0FAFC2F9F05C806168301000DF05EF06300800BF8E05302111FE2F0A5100EA
:20A1F100318E1432BCA95112FCFA3C00363FFE31951271284EFA301100FE1B09510D5F3FC4
:20A21100FE9F3FFEFE0D0AEED0004C04DF47AF9805B800FE9108F53BFEA800F112FEDD09B2
:20A2310034B62161F834B72189F003BF9805FEC008FE040AFE1B0AFEE609FEC608FEFF0911
:20A25100716879FB716040FE51906F3FFE5C9D9F3FFEEE85004C02DF39E16F3FFE9F3FFEED
:20A27100D53BFEDF0C311309300082FCE07700EF0471004EFAFE2F08F53BFEFED4097168BF
:20A2910079FB716040FEFE7A08FEB30971183FFEEF484C03DF2AF6BF8005FE2F09E16F4E8D
:20A2B100FA71AB9F4EFA3000716F3FFE71FB9F3FFEF53BFE71103FFE5183FCE07700EF1ADF
:20A2D100364EFA318314FE5009DC0C51F05F3FFEDD05FEB501EF03FE0604FBF8FFF53AFE5C
:20A2F100717BFAFE330961C8EE380151F05F3FFEAF8E056061E88F40FE5C1F9B511F5F4023
:20A31100FE704DDD388B4C0CDF08AFA405086C04EF0B604C0CDF0AAFA405085CFB08BFA405
:20A33100058B4C0B8F41FEDF0A71FA9F41FEFE0709EF0A317507FEEF08717841FE511FFBE9
:20A35100F8FF5F40FE734D61F8EE8B008B7063FECD07D161E8EE7F00511F5F40FE4C0CDDCD
:20A37100084C14DD044C1CDF14716040FE88004C0ADD07716879FBFE8907FEC20888004CE0
:20A3910011DD084C19DD044C09DF12716079FB300300BFC0F9AFC0F9BF9405EF3A4C0CDD1C
:20A3B100084C1CDD044C14DF1E716079FBFE8F08363EFE32200071A461D8323000A9616B1B
:20A3D10008616A08B9EF104C10DD044C08DF08716879FBFC08AD008800FEE104FBF8FF8F77
:20A3F10041FE735C1FDF11AF8805605C0FDF0951E05F40FE6D9F40FE633175278FB5213162
:20A411008E12AF9A05312D5C03085CFC080312FE1D08DF0FFE1108717841FECF3AFE047137
:20A431006040FE717AFA8F40FE733163553679FB31E34551F05F3FFEDF3E6331733BFE081A
:20A4510008DD27635C1F4C08DD20FEB9074C08DD19FEB207DD14AFB0016031030AFCD3AC87
:20A47100005104FC2AAD00E1C6D75104FC53AD00717040FE5107C6D76371FB9F40FE5103C0
:20A49100C6D75C3F9F40FEF1C6D7C78F3FFE314A980091DD600CFE61F8EE95000CFD61F84C
:20A4B100EE1A019161F8EE44019161F8EE52019161E8EE8001AF9805318E12FE710761E815
:20A4D100EE7201FE6207FC08AD00AFC2F9F05CC0440080DD1AAFC2F9F05CC04400C061E8FE
:20A4F100EE3A0151035FC8FE4C0261E8EE2E01301000EE2B01AF8605F0128FCBFE315A5C20
:20A51100034C03DF0613086C9CEF0E4C02DF0613086C4CEF0413086C0408348605B9AA0223
:20A531006C10BA02FE110751306F3FFE5C3FEE0101AF9205F05CC06168DF2BAF9205605CDD
:20A551000791DF0AAF9205605C384C08DF13AF9205605C0791DD0FAF9205605C384C08DFF6
:20A5710005301400EF1EDBA621FEC306DD13AF70FB44E502DE19AFA005318E12FEB006DF27
:20A591000E300A00FE9005510F5F3FFE9F3FFE51F05F3FFE61E8EE9C00FE8C068F41FE7079
:20A5B1005CE09F41FE60316307AF84055CFDEF05AF84056C02BF8405FE5906EF78D53BFE30
:20A5D100DD0771004EFAF53BFE8FB621318E125106FC8BAD0091DD5DFE4D06FC08AD00FE12
:20A5F1003E06FE5A06301000FE2C05EF3DAF70FB442103DE40FE400651806F3FFE5C8FEFD2
:20A611003132F401FE2806DF09FE1C0671204EFAEF1BFE7A04D1DF1DFE1D06EF1830080011
:20A63100FEF404300062FCE07700FEE705510F5F3FFE9F3FFEC0C18F3FFE314A6140DF0222
:20A65100C6D7716040FEEFF88F3EFE718C718B735011DC05718A735021639F3EFE609F3B86
:20A67100FEFE0D03F1FE4F04300008BF8205D7363EFE319320FE8505DD19AFC2F9F05CC0DC
:20A69100440080DF0E3641FE31D307FEAA05715041FED7EF2A3484053641FEA96C04B931A6
:20A6B100D507FE8305715841FE363EFE31A30834A405A95CFDB9D734A405A95CFEB9D734BE
:20A6D1008405A95CFBB9AA206C03BA20D791DF08348405A96C02B9D7348405A95CFDB9D712
:20A6F1002004DB8805C0C3AF8E05315E6071BC8F3EFE71B9759F3EFE51F05F3FFE61E8EE83
:20A711005801625C0F61F8EE0201A800314D31CEB802FE0405DC14511F5F41FE4C14DF0B8A
:20A7310065718A9F3EFEE6B802EF16A80031CE60718C6571899F3EFE34AA05A9086C0808DA
:20A75100B98F3BFE318E12A80243DD08716040FE71004EFA6168DD19A80212B1440200DCAE
:20A771002504FDFFDD20440400DD1BCF3BFEFFEF3DF53BFE348A05A9085C3F08B9FC08AD84
:20A7910000FE6D03EF288F3BFED1DD044CFFDF06629F3BFEEF0471084EFA91DF11363EFE98
:20A7B100302100718461C8301100609F3BFEFEC001FEA900AF8805B80031BE6071AC363E66
:20A7D100FE8F3BFE71A14C21DD424C11DD3E4C08DD3AFE31044C10DF30511F5F40FE4C0C1E
:20A7F100DF27348005A9085CFE08B9E6A1BA0E8F41FE73315310FE0404DD0BFEE903CF3BB7
:20A81100FE1171084EFAFED303FE9B02403BFE11DF25A80031EE12AF9205F05CC061686204
:20A83100DF184F44FEDD0B36D1FE718461D871207DFB9F44FEEF03F544FEA800BF88053627
:20A8510041FE31D5118FB621318E12FEE103DF06FED503FECA031004EF031004D7FEB90347
:20A87100DC378F41FE705C1F4C14DF2D605CE09F41FE34AA05A9085CF708B9301400FE9695
:20A89100023641FE31E307AF84055CFDEF05AF84056C02BF8405FE7B03D7302C01BF42FEF3
:20A8B100511F5F3EFE9F3EFEF545FE348405A95CFEB9EECD02348405A96C01B9D770511FF0
:20A8D100735F40FE6148DD2C635F41FEDF26600CF74C03DC130CFDDD0A0CFB4C02DC104C81
:20A8F1000ADF1130470DEF03302111FE1F03D730E502EFF7D712FE0D034C0CDF1F13448855
:20A9110013DF0730470DFE0403D7321400CEFB01360000341B00CEFB0B00EFEAD7C7C1AF7D
:20A931006EFBB802327300CEFB01360000343075CEFB0B0014C3C6A8002532003CCEFB01EF
:20A9510014C0C3F661D8B127FBF8FF32003CCEFB026109001215360000347300CEFB0B00DB
:20A9710016A8021417360000CEFB0B00316D1004D7AFC2F9F05C20616861F8D751035FC8FE
:20A99100FE4C02DF0D403BFE21DF11AFC2F96C10EF0F4C03DF0E403BFE21DFEFAFC2F95C96
:20A9B100EFBFC2F9AFC2F9BF9605D7AF88056071DC61C8D7FE4F027051E05F41FE616873CF
:20A9D1009F41FE600CFEDD400CF9DD640CF8DD6B4C08DD72AF8405F05C026168E661F8F648
:20A9F10060718C6371E99F41FE348405A96C02B9300C00BA0A635C1F4C13DF5B51106F3F3B
:20AA1100FE5C1F9F3FFEEF4F63315308FEEE0161E8FED301FE9000FED70051E05F41FE9FCA
:20AA310041FEFEB701348805A9085C0108B9EF27348005AA285CFDBA28EF14348005AA2A14
:20AA5100085CFD08EF07348005AA2A5CFDBA2AE6B9635CE09F41FE716040FEFC4C420034D3
:20AA71008805A9085C2008B9D751045F3EFE73DF11AF8C05605C074C03DF02E1D7D3DF0281
:20AA9100F1D7AF8C05605C384C18E161E8F1D7AF8C05605C0791DF02F1D7AF8C05605C38E2
:20AAB1004C08E161F8F1D7FEF0FD71083EFE51F35F3FFE9F3FFED77340C6FE02DF2B363E05
:20AAD100FE318525AF8405F05C016168DD1B93DF08AFC2F9086C40EF06AFC2F9085CBF0824
:20AAF100BFC2F9AFC2F9BF9605D7AF880531FE60D734A805A96C02B9AA026C02086C020845
:20AB1100BA02D7F6BFC0F9349405AFC0F9B9AA10085CCF08BA10D712FEB10013BA0AD7C16F
:20AB31007388004C10DF05634C08DD3F88004C08DF05634C10DD3488004C14DF05634C0CDF
:20AB5100DD2988004C0CDF05634C14DD1E88004C08DF05634C18DD13634C08E061E8F0888D
:20AB7100004C18E161E8F16158C6D7E1C6D7348805A9086CC05CC008B9AA02086CC008BA54
:20AB910002D7AFC2F9085CE7FE3300DF08AFC2F9086C18EF0A4C02DF0AAFC2F9086C0808EA
:20ABB100BFC2F9AF80056168DF07AFC2F9BF9605D7348005F6B9AFC2F9BA16E6B9D708BFAD
:20ABD100C2F98FCBFE315A5C034C03D7348405A9085CFC08B9A9086C0308B9D751606F3FA3
:20ABF100FE5C6F9F3FFED734A405A9086C2008B96371DA9F41FE5106FC2AAD00D7AF840528
:20AC1100F05C046168D7AF8E05605C1FD7FE0DFDBFA205D7E6BF8005D7AF800560718CD791
:20AC3100715841FEFE98FAD75106FC53AD00D75106FC8BAD004C02D75106FC2AAD00D73485
:20AC5100A405A9085CCF08B9D7AFC2F9F05C406168D7348005A9085CFE08B9AA06085CE2B5
:20AC710008BA06F6BA0E30FF00BA08D708BFC2F9AFC2F908D736F000300F0A718234F00024
:20AC9100BAC4F6BAC6716AE5716BE1713AE6713BE2711AE6711BE2714AE6714BE2715AE644
:20ACB100715BE2712AE6712BE2716AED716AE9BAA0AAC8085CFE08BAC8AACA085CFE08BAFA
:20ACD100CAD7AFB0016031032DF6BF20FE5100318E143223AD5108FCFA3C0034B201AA0488
:20ACF100086C0408BA04C918DB05716BE1716BE5A9086C0108B9D7AF38FE6168DF10AFB014
:20AD1100016031050934B401A9086C0108B9716BE1D7A220FECEABACD7C79800FEA3FF88E3
:20AD310000735002D60422FE14AF20FEB9E6D3DD040193DFFC6F39FE086F38FE08BF38FE50
:20AD5100C6D7C774DB38FEC0C364D1C3C66475DD0817311E169512DFF864318E1462310531
:20AD710015E764D1DD05311C91DFFBA800617B08617A08BF38FEC6EE7DFFC79800C3C4FB82
:20AD910038FE8800D173DD0717311E1693DFF98800318E1266718CF6B800FB20FEF1DE295A
:20ADB100311C7922FE121743DE0A04FFFF16F661D8A1B800172312A80061D8B14400001373
:20ADD10061F84530010261E360C6D7C1C7C3C6C5C2F6B800A80043DD11A80214899BA800A7
:20ADF100A1B800A7A515B802EFEA1004D7C1C7C3C6C5C2F6EF1243DD13A80214A9BBA7A7D8
:20AE1100A5A515B802A800A1B800EFEA1004D7C716F6B80043DD0A649BA800A1B800A7EFF8
:20AE3100F3C6D7C716F6EF0A43DD0B15BBA7A7A800A1B800EFF2C6D720061662318EB802C6
:20AE51000714B5F7C0C3A802311EB80413F112A8043343DE0F8B70899B6099B5C2C3A3C008
:07AE7100C3A7EFE21006D7B2
:20AE78000000000000000000000000000000000000000000000000000000000000000000BA
:20AE980000000000000000000000000000000000000000000000000000000000000000009A
:20AEB80000000000000000000000000000000000000000000000000000000000000000007A
:20AED80000000000000000000000000000000000000000000000000000000000000000005A
:20AEF80000000000000000000000000000000000000000000000000000000000000000003A
:20AF1800000000000000000000000000000000000000000000000000000000000000000019
:20AF38000000000000000000000000000000000000000000000000000000000000000000F9
:20AF58000000000000000000000000000000000000000000000000000000000000000000D9
:20AF78000000000000000000000000000000000000000000000000000000000000000000B9
:20AF9800000000000000000000000000000000000000000000000000000000000000000099
:20AFB800000000000000000000000000000000000000000000000000000000000000000079
:20AFD800000000000000000000000000000000000000000000000000000000000000000059
:20AFF800000000000000000000000000000000000000000000000000000000000000000039
:20B01800000000000000000000000000000000000000000000000000000000000000000018
:20B038000000000000000000000000000000000000000000000000000000000000000000F8
:20B058000000000000000000000000000000000000000000000000000000000000000000D8
:20B078000000000000000000000000000000000000000000000000000000000000000000B8
:20B09800000000000000000000000000000000000000000000000000000000000000000098
:20B0B800000000000000000000000000000000000000000000000000000000000000000078
:20B0D800000000000000000000000000000000000000000000000000000000000000000058
:20B0F800000000000000000000000000000000000000000000000000000000000000000038
:20B11800000000000000000000000000000000000000000000000000000000000000000017
:20B138000000000000000000000000000000000000000000000000000000000000000000F7
:20B158000000000000000000000000000000000000000000000000000000000000000000D7
:20B178000000000000000000000000000000000000000000000000000000000000000000B7
:20B19800000000000000000000000000000000000000000000000000000000000000000097
:20B1B800000000000000000000000000000000000000000000000000000000000000000077
:20B1D800000000000000000000000000000000000000000000000000000000000000000057
:20B1F800000000000000000000000000000000000000000000000000000000000000000037
:20B21800000000000000000000000000000000000000000000000000000000000000000016
:20B238000000000000000000000000000000000000000000000000000000000000000000F6
:20B258000000000000000000000000000000000000000000000000000000000000000000D6
:20B278000000000000000000000000000000000000000000000000000000000000000000B6
:20B29800000000000000000000000000000000000000000000000000000000000000000096
:20B2B800000000000000000000000000000000000000000000000000000000000000000076
:20B2D800000000000000000000000000000000000000000000000000000000000000000056
:20B2F800000000000000000000000000000000000000000000000000000000000000000036
:20B31800000000000000000000000000000000000000000000000000000000000000000015
:20B338000000000000000000000000000000000000000000000000000000000000000000F5
:20B358000000000000000000000000000000000000000000000000000000000000000000D5
:20B378000000000000000000000000000000000000000000000000000000000000000000B5
:20B39800000000000000000000000000000000000000000000000000000000000000000095
:20B3B800000000000000000000000000000000000000000000000000000000000000000075
:20B3D800000000000000000000000000000000000000000000000000000000000000000055
:20B3F800000000000000000000000000000000000000000000000000000000000000000035
:20B41800000000000000000000000000000000000000000000000000000000000000000014
:20B438000000000000000000000000000000000000000000000000000000000000000000F4
:20B458000000000000000000000000000000000000000000000000000000000000000000D4
:20B478000000000000000000000000000000000000000000000000000000000000000000B4
:20B49800000000000000000000000000000000000000000000000000000000000000000094
:20B4B800000000000000000000000000000000000000000000000000000000000000000074
:20B4D800000000000000000000000000000000000000000000000000000000000000000054
:20B4F800000000000000000000000000000000000000000000000000000000000000000034
:20B51800000000000000000000000000000000000000000000000000000000000000000013
:20B538000000000000000000000000000000000000000000000000000000000000000000F3
:20B558000000000000000000000000000000000000000000000000000000000000000000D3
:20B578000000000000000000000000000000000000000000000000000000000000000000B3
:20B59800000000000000000000000000000000000000000000000000000000000000000093
:20B5B800000000000000000000000000000000000000000000000000000000000000000073
:20B5D800000000000000000000000000000000000000000000000000000000000000000053
:20B5F800000000000000000000000000000000000000000000000000000000000000000033
:20B61800000000000000000000000000000000000000000000000000000000000000000012
:20B638000000000000000000000000000000000000000000000000000000000000000000F2
:20B658000000000000000000000000000000000000000000000000000000000000000000D2
:20B678000000000000000000000000000000000000000000000000000000000000000000B2
:20B69800000000000000000000000000000000000000000000000000000000000000000092
:20B6B800000000000000000000000000000000000000000000000000000000000000000072
:20B6D800000000000000000000000000000000000000000000000000000000000000000052
:20B6F800000000000000000000000000000000000000000000000000000000000000000032
:20B71800000000000000000000000000000000000000000000000000000000000000000011
:20B738000000000000000000000000000000000000000000000000000000000000000000F1
:20B758000000000000000000000000000000000000000000000000000000000000000000D1
:20B778000000000000000000000000000000000000000000000000000000000000000000B1
:20B79800000000000000000000000000000000000000000000000000000000000000000091
:20B7B800000000000000000000000000000000000000000000000000000000000000000071
:20B7D800000000000000000000000000000000000000000000000000000000000000000051
:20B7F800000000000000000000000000000000000000000000000000000000000000000031
:20B81800000000000000000000000000000000000000000000000000000000000000000010
:20B838000000000000000000000000000000000000000000000000000000000000000000F0
:20B858000000000000000000000000000000000000000000000000000000000000000000D0
:20B878000000000000000000000000000000000000000000000000000000000000000000B0
:20B89800000000000000000000000000000000000000000000000000000000000000000090
:20B8B800000000000000000000000000000000000000000000000000000000000000000070
:20B8D800000000000000000000000000000000000000000000000000000000000000000050
:20B8F800000000000000000000000000000000000000000000000000000000000000000030
:20B9180000000000000000000000000000000000000000000000000000000000000000000F
:20B938000000000000000000000000000000000000000000000000000000000000000000EF
:20B958000000000000000000000000000000000000000000000000000000000000000000CF
:20B978000000000000000000000000000000000000000000000000000000000000000000AF
:20B9980000000000000000000000000000000000000000000000000000000000000000008F
:20B9B80000000000000000000000000000000000000000000000000000000000000000006F
:20B9D80000000000000000000000000000000000000000000000000000000000000000004F
:20B9F80000000000000000000000000000000000000000000000000000000000000000002F
:20BA180000000000000000000000000000000000000000000000000000000000000000000E
:20BA38000000000000000000000000000000000000000000000000000000000000000000EE
:20BA58000000000000000000000000000000000000000000000000000000000000000000CE
:20BA78000000000000000000000000000000000000000000000000000000000000000000AE
:20BA980000000000000000000000000000000000000000000000000000000000000000008E
:20BAB80000000000000000000000000000000000000000000000000000000000000000006E
:20BAD80000000000000000000000000000000000000000000000000000000000000000004E
:20BAF80000000000000000000000000000000000000000000000000000000000000000002E
:20BB180000000000000000000000000000000000000000000000000000000000000000000D
:20BB38000000000000000000000000000000000000000000000000000000000000000000ED
:20BB58000000000000000000000000000000000000000000000000000000000000000000CD
:20BB78000000000000000000000000000000000000000000000000000000000000000000AD
:20BB980000000000000000000000000000000000000000000000000000000000000000008D
:20BBB80000000000000000000000000000000000000000000000000000000000000000006D
:20BBD80000000000000000000000000000000000000000000000000000000000000000004D
:20BBF80000000000000000000000000000000000000000000000000000000000000000002D
:20BC180000000000000000000000000000000000000000000000000000000000000000000C
:20BC38000000000000000000000000000000000000000000000000000000000000000000EC
:20BC58000000000000000000000000000000000000000000000000000000000000000000CC
:20BC78000000000000000000000000000000000000000000000000000000000000000000AC
:20BC980000000000000000000000000000000000000000000000000000000000000000008C
:20BCB80000000000000000000000000000000000000000000000000000000000000000006C
:20BCD80000000000000000000000000000000000000000000000000000000000000000004C
:20BCF80000000000000000000000000000000000000000000000000000000000000000002C
:20BD180000000000000000000000000000000000000000000000000000000000000000000B
:20BD38000000000000000000000000000000000000000000000000000000000000000000EB
:20BD58000000000000000000000000000000000000000000000000000000000000000000CB
:20BD78000000000000000000000000000000000000000000000000000000000000000000AB
:20BD980000000000000000000000000000000000000000000000000000000000000000008B
:20BDB80000000000000000000000000000000000000000000000000000000000000000006B
:20BDD80000000000000000000000000000000000000000000000000000000000000000004B
:20BDF80000000000000000000000000000000000000000000000000000000000000000002B
:20BE180000000000000000000000000000000000000000000000000000000000000000000A
:20BE38000000000000000000000000000000000000000000000000000000000000000000EA
:20BE58000000000000000000000000000000000000000000000000000000000000000000CA
:20BE78000000000000000000000000000000000000000000000000000000000000000000AA
:20BE980000000000000000000000000000000000000000000000000000000000000000008A
:20BEB80000000000000000000000000000000000000000000000000000000000000000006A
:20BED80000000000000000000000000000000000000000000000000000000000000000004A
:20BEF80000000000000000000000000000000000000000000000000000000000000000002A
:20BF1800000000000000000000000000000000000000000000000000000000000000000009
:20BF38000000000000000000000000000000000000000000000000000000000000000000E9
:20BF58000000000000000000000000000000000000000000000000000000000000000000C9
:20BF78000000000000000000000000000000000000000000000000000000000000000000A9
:20BF9800000000000000000000000000000000000000000000000000000000000000000089
:20BFB800000000000000000000000000000000000000000000000000000000000000000069
:20BFD800000000000000000000000000000000000000000000000000000000000000000049
:20BFF800000000000000000000000000000000000000000000000000000000000000000029
:20C01800000000000000000000000000000000000000000000000000000000000000000008
:20C038000000000000000000000000000000000000000000000000000000000000000000E8
:20C058000000000000000000000000000000000000000000000000000000000000000000C8
:20C078000000000000000000000000000000000000000000000000000000000000000000A8
:20C09800000000000000000000000000000000000000000000000000000000000000000088
:20C0B800000000000000000000000000000000000000000000000000000000000000000068
:20C0D800000000000000000000000000000000000000000000000000000000000000000048
:20C0F800000000000000000000000000000000000000000000000000000000000000000028
:20C11800000000000000000000000000000000000000000000000000000000000000000007
:20C138000000000000000000000000000000000000000000000000000000000000000000E7
:20C158000000000000000000000000000000000000000000000000000000000000000000C7
:20C178000000000000000000000000000000000000000000000000000000000000000000A7
:20C19800000000000000000000000000000000000000000000000000000000000000000087
:20C1B800000000000000000000000000000000000000000000000000000000000000000067
:20C1D800000000000000000000000000000000000000000000000000000000000000000047
:20C1F800000000000000000000000000000000000000000000000000000000000000000027
:20C21800000000000000000000000000000000000000000000000000000000000000000006
:20C238000000000000000000000000000000000000000000000000000000000000000000E6
:20C258000000000000000000000000000000000000000000000000000000000000000000C6
:20C278000000000000000000000000000000000000000000000000000000000000000000A6
:20C29800000000000000000000000000000000000000000000000000000000000000000086
:20C2B800000000000000000000000000000000000000000000000000000000000000000066
:20C2D800000000000000000000000000000000000000000000000000000000000000000046
:20C2F800000000000000000000000000000000000000000000000000000000000000000026
:20C31800000000000000000000000000000000000000000000000000000000000000000005
:20C338000000000000000000000000000000000000000000000000000000000000000000E5
:20C358000000000000000000000000000000000000000000000000000000000000000000C5
:20C378000000000000000000000000000000000000000000000000000000000000000000A5
:20C39800000000000000000000000000000000000000000000000000000000000000000085
:20C3B800000000000000000000000000000000000000000000000000000000000000000065
:20C3D800000000000000000000000000000000000000000000000000000000000000000045
:20C3F800000000000000000000000000000000000000000000000000000000000000000025
:20C41800000000000000000000000000000000000000000000000000000000000000000004
:20C438000000000000000000000000000000000000000000000000000000000000000000E4
:20C458000000000000000000000000000000000000000000000000000000000000000000C4
:20C478000000000000000000000000000000000000000000000000000000000000000000A4
:20C49800000000000000000000000000000000000000000000000000000000000000000084
:20C4B800000000000000000000000000000000000000000000000000000000000000000064
:20C4D800000000000000000000000000000000000000000000000000000000000000000044
:20C4F800000000000000000000000000000000000000000000000000000000000000000024
:20C51800000000000000000000000000000000000000000000000000000000000000000003
:20C538000000000000000000000000000000000000000000000000000000000000000000E3
:20C558000000000000000000000000000000000000000000000000000000000000000000C3
:20C578000000000000000000000000000000000000000000000000000000000000000000A3
:20C59800000000000000000000000000000000000000000000000000000000000000000083
:20C5B800000000000000000000000000000000000000000000000000000000000000000063
:20C5D800000000000000000000000000000000000000000000000000000000000000000043
:20C5F800000000000000000000000000000000000000000000000000000000000000000023
:20C61800000000000000000000000000000000000000000000000000000000000000000002
:20C638000000000000000000000000000000000000000000000000000000000000000000E2
:20C658000000000000000000000000000000000000000000000000000000000000000000C2
:20C678000000000000000000000000000000000000000000000000000000000000000000A2
:20C69800000000000000000000000000000000000000000000000000000000000000000082
:20C6B800000000000000000000000000000000000000000000000000000000000000000062
:20C6D800000000000000000000000000000000000000000000000000000000000000000042
:20C6F800000000000000000000000000000000000000000000000000000000000000000022
:20C71800000000000000000000000000000000000000000000000000000000000000000001
:20C738000000000000000000000000000000000000000000000000000000000000000000E1
:20C758000000000000000000000000000000000000000000000000000000000000000000C1
:20C778000000000000000000000000000000000000000000000000000000000000000000A1
:20C79800000000000000000000000000000000000000000000000000000000000000000081
:20C7B800000000000000000000000000000000000000000000000000000000000000000061
:20C7D800000000000000000000000000000000000000000000000000000000000000000041
:20C7F800000000000000000000000000000000000000000000000000000000000000000021
:20C81800000000000000000000000000000000000000000000000000000000000000000000
:20C838000000000000000000000000000000000000000000000000000000000000000000E0
:20C858000000000000000000000000000000000000000000000000000000000000000000C0
:20C878000000000000000000000000000000000000000000000000000000000000000000A0
:20C89800000000000000000000000000000000000000000000000000000000000000000080
:20C8B800000000000000000000000000000000000000000000000000000000000000000060
:20C8D800000000000000000000000000000000000000000000000000000000000000000040
:20C8F800000000000000000000000000000000000000000000000000000000000000000020
:20C918000000000000000000000000000000000000000000000000000000000000000000FF
:20C938000000000000000000000000000000000000000000000000000000000000000000DF
:20C958000000000000000000000000000000000000000000000000000000000000000000BF
:20C9780000000000000000000000000000000000000000000000000000000000000000009F
:20C9980000000000000000000000000000000000000000000000000000000000000000007F
:20C9B80000000000000000000000000000000000000000000000000000000000000000005F
:20C9D80000000000000000000000000000000000000000000000000000000000000000003F
:20C9F80000000000000000000000000000000000000000000000000000000000000000001F
:20CA18000000000000000000000000000000000000000000000000000000000000000000FE
:20CA38000000000000000000000000000000000000000000000000000000000000000000DE
:20CA58000000000000000000000000000000000000000000000000000000000000000000BE
:20CA780000000000000000000000000000000000000000000000000000000000000000009E
:20CA980000000000000000000000000000000000000000000000000000000000000000007E
:20CAB80000000000000000000000000000000000000000000000000000000000000000005E
:20CAD80000000000000000000000000000000000000000000000000000000000000000003E
:20CAF80000000000000000000000000000000000000000000000000000000000000000001E
:20CB18000000000000000000000000000000000000000000000000000000000000000000FD
:20CB38000000000000000000000000000000000000000000000000000000000000000000DD
:20CB58000000000000000000000000000000000000000000000000000000000000000000BD
:20CB780000000000000000000000000000000000000000000000000000000000000000009D
:20CB980000000000000000000000000000000000000000000000000000000000000000007D
:20CBB80000000000000000000000000000000000000000000000000000000000000000005D
:20CBD80000000000000000000000000000000000000000000000000000000000000000003D
:20CBF80000000000000000000000000000000000000000000000000000000000000000001D
:20CC18000000000000000000000000000000000000000000000000000000000000000000FC
:20CC38000000000000000000000000000000000000000000000000000000000000000000DC
:20CC58000000000000000000000000000000000000000000000000000000000000000000BC
:20CC780000000000000000000000000000000000000000000000000000000000000000009C
:20CC980000000000000000000000000000000000000000000000000000000000000000007C
:20CCB80000000000000000000000000000000000000000000000000000000000000000005C
:20CCD80000000000000000000000000000000000000000000000000000000000000000003C
:20CCF80000000000000000000000000000000000000000000000000000000000000000001C
:20CD18000000000000000000000000000000000000000000000000000000000000000000FB
:20CD38000000000000000000000000000000000000000000000000000000000000000000DB
:20CD58000000000000000000000000000000000000000000000000000000000000000000BB
:20CD780000000000000000000000000000000000000000000000000000000000000000009B
:20CD980000000000000000000000000000000000000000000000000000000000000000007B
:20CDB80000000000000000000000000000000000000000000000000000000000000000005B
:20CDD80000000000000000000000000000000000000000000000000000000000000000003B
:20CDF80000000000000000000000000000000000000000000000000000000000000000001B
:20CE18000000000000000000000000000000000000000000000000000000000000000000FA
:20CE38000000000000000000000000000000000000000000000000000000000000000000DA
:20CE58000000000000000000000000000000000000000000000000000000000000000000BA
:20CE780000000000000000000000000000000000000000000000000000000000000000009A
:20CE980000000000000000000000000000000000000000000000000000000000000000007A
:20CEB80000000000000000000000000000000000000000000000000000000000000000005A
:20CED80000000000000000000000000000000000000000000000000000000000000000003A
:20CEF80000000000000000000000000000000000000000000000000000000000000000001A
:20CF18000000000000000000000000000000000000000000000000000000000000000000F9
:20CF38000000000000000000000000000000000000000000000000000000000000000000D9
:20CF58000000000000000000000000000000000000000000000000000000000000000000B9
:20CF7800000000000000000000000000000000000000000000000000000000000000000099
:20CF9800000000000000000000000000000000000000000000000000000000000000000079
:20CFB800000000000000000000000000000000000000000000000000000000000000000059
:20CFD800000000000000000000000000000000000000000000000000000000000000000039
:20CFF800000000000000000000000000000000000000000000000000000000000000000019
:20D018000000000000000000000000000000000000000000000000000000000000000000F8
:20D038000000000000000000000000000000000000000000000000000000000000000000D8
:20D058000000000000000000000000000000000000000000000000000000000000000000B8
:20D07800000000000000000000000000000000000000000000000000000000000000000098
:20D09800000000000000000000000000000000000000000000000000000000000000000078
:20D0B800000000000000000000000000000000000000000000000000000000000000000058
:20D0D800000000000000000000000000000000000000000000000000000000000000000038
:20D0F800000000000000000000000000000000000000000000000000000000000000000018
:20D118000000000000000000000000000000000000000000000000000000000000000000F7
:20D138000000000000000000000000000000000000000000000000000000000000000000D7
:20D158000000000000000000000000000000000000000000000000000000000000000000B7
:20D17800000000000000000000000000000000000000000000000000000000000000000097
:20D19800000000000000000000000000000000000000000000000000000000000000000077
:20D1B800000000000000000000000000000000000000000000000000000000000000000057
:20D1D800000000000000000000000000000000000000000000000000000000000000000037
:20D1F800000000000000000000000000000000000000000000000000000000000000000017
:20D218000000000000000000000000000000000000000000000000000000000000000000F6
:20D238000000000000000000000000000000000000000000000000000000000000000000D6
:20D258000000000000000000000000000000000000000000000000000000000000000000B6
:20D27800000000000000000000000000000000000000000000000000000000000000000096
:20D29800000000000000000000000000000000000000000000000000000000000000000076
:20D2B800000000000000000000000000000000000000000000000000000000000000000056
:20D2D800000000000000000000000000000000000000000000000000000000000000000036
:20D2F800000000000000000000000000000000000000000000000000000000000000000016
:20D318000000000000000000000000000000000000000000000000000000000000000000F5
:20D338000000000000000000000000000000000000000000000000000000000000000000D5
:20D358000000000000000000000000000000000000000000000000000000000000000000B5
:20D37800000000000000000000000000000000000000000000000000000000000000000095
:20D39800000000000000000000000000000000000000000000000000000000000000000075
:20D3B800000000000000000000000000000000000000000000000000000000000000000055
:20D3D800000000000000000000000000000000000000000000000000000000000000000035
:20D3F800000000000000000000000000000000000000000000000000000000000000000015
:20D418000000000000000000000000000000000000000000000000000000000000000000F4
:20D438000000000000000000000000000000000000000000000000000000000000000000D4
:20D458000000000000000000000000000000000000000000000000000000000000000000B4
:20D47800000000000000000000000000000000000000000000000000000000000000000094
:20D49800000000000000000000000000000000000000000000000000000000000000000074
:20D4B800000000000000000000000000000000000000000000000000000000000000000054
:20D4D800000000000000000000000000000000000000000000000000000000000000000034
:20D4F800000000000000000000000000000000000000000000000000000000000000000014
:20D518000000000000000000000000000000000000000000000000000000000000000000F3
:20D538000000000000000000000000000000000000000000000000000000000000000000D3
:20D558000000000000000000000000000000000000000000000000000000000000000000B3
:20D57800000000000000000000000000000000000000000000000000000000000000000093
:20D59800000000000000000000000000000000000000000000000000000000000000000073
:20D5B800000000000000000000000000000000000000000000000000000000000000000053
:20D5D800000000000000000000000000000000000000000000000000000000000000000033
:20D5F800000000000000000000000000000000000000000000000000000000000000000013
:20D618000000000000000000000000000000000000000000000000000000000000000000F2
:20D638000000000000000000000000000000000000000000000000000000000000000000D2
:20D658000000000000000000000000000000000000000000000000000000000000000000B2
:20D67800000000000000000000000000000000000000000000000000000000000000000092
:20D69800000000000000000000000000000000000000000000000000000000000000000072
:20D6B800000000000000000000000000000000000000000000000000000000000000000052
:20D6D800000000000000000000000000000000000000000000000000000000000000000032
:20D6F800000000000000000000000000000000000000000000000000000000000000000012
:20D718000000000000000000000000000000000000000000000000000000000000000000F1
:20D738000000000000000000000000000000000000000000000000000000000000000000D1
:20D758000000000000000000000000000000000000000000000000000000000000000000B1
:20D77800000000000000000000000000000000000000000000000000000000000000000091
:20D79800000000000000000000000000000000000000000000000000000000000000000071
:20D7B800000000000000000000000000000000000000000000000000000000000000000051
:20D7D800000000000000000000000000000000000000000000000000000000000000000031
:20D7F800000000000000000000000000000000000000000000000000000000000000000011
:20D818000000000000000000000000000000000000000000000000000000000000000000F0
:20D838000000000000000000000000000000000000000000000000000000000000000000D0
:20D858000000000000000000000000000000000000000000000000000000000000000000B0
:20D87800000000000000000000000000000000000000000000000000000000000000000090
:20D89800000000000000000000000000000000000000000000000000000000000000000070
:20D8B800000000000000000000000000000000000000000000000000000000000000000050
:20D8D800000000000000000000000000000000000000000000000000000000000000000030
:20D8F800000000000000000000000000000000000000000000000000000000000000000010
:20D918000000000000000000000000000000000000000000000000000000000000000000EF
:20D938000000000000000000000000000000000000000000000000000000000000000000CF
:20D958000000000000000000000000000000000000000000000000000000000000000000AF
:20D9780000000000000000000000000000000000000000000000000000000000000000008F
:20D9980000000000000000000000000000000000000000000000000000000000000000006F
:20D9B80000000000000000000000000000000000000000000000000000000000000000004F
:20D9D80000000000000000000000000000000000000000000000000000000000000000002F
:20D9F80000000000000000000000000000000000000000000000000000000000000000000F
:20DA18000000000000000000000000000000000000000000000000000000000000000000EE
:20DA38000000000000000000000000000000000000000000000000000000000000000000CE
:20DA58000000000000000000000000000000000000000000000000000000000000000000AE
:20DA780000000000000000000000000000000000000000000000000000000000000000008E
:20DA980000000000000000000000000000000000000000000000000000000000000000006E
:20DAB80000000000000000000000000000000000000000000000000000000000000000004E
:20DAD80000000000000000000000000000000000000000000000000000000000000000002E
:20DAF80000000000000000000000000000000000000000000000000000000000000000000E
:20DB18000000000000000000000000000000000000000000000000000000000000000000ED
:20DB38000000000000000000000000000000000000000000000000000000000000000000CD
:20DB58000000000000000000000000000000000000000000000000000000000000000000AD
:20DB780000000000000000000000000000000000000000000000000000000000000000008D
:20DB980000000000000000000000000000000000000000000000000000000000000000006D
:20DBB80000000000000000000000000000000000000000000000000000000000000000004D
:20DBD80000000000000000000000000000000000000000000000000000000000000000002D
:20DBF80000000000000000000000000000000000000000000000000000000000000000000D
:20DC18000000000000000000000000000000000000000000000000000000000000000000EC
:20DC38000000000000000000000000000000000000000000000000000000000000000000CC
:20DC58000000000000000000000000000000000000000000000000000000000000000000AC
:20DC780000000000000000000000000000000000000000000000000000000000000000008C
:20DC980000000000000000000000000000000000000000000000000000000000000000006C
:20DCB80000000000000000000000000000000000000000000000000000000000000000004C
:20DCD80000000000000000000000000000000000000000000000000000000000000000002C
:20DCF80000000000000000000000000000000000000000000000000000000000000000000C
:20DD18000000000000000000000000000000000000000000000000000000000000000000EB
:20DD38000000000000000000000000000000000000000000000000000000000000000000CB
:20DD58000000000000000000000000000000000000000000000000000000000000000000AB
:20DD780000000000000000000000000000000000000000000000000000000000000000008B
:20DD980000000000000000000000000000000000000000000000000000000000000000006B
:20DDB80000000000000000000000000000000000000000000000000000000000000000004B
:20DDD80000000000000000000000000000000000000000000000000000000000000000002B
:20DDF80000000000000000000000000000000000000000000000000000000000000000000B
:20DE18000000000000000000000000000000000000000000000000000000000000000000EA
:20DE38000000000000000000000000000000000000000000000000000000000000000000CA
:20DE58000000000000000000000000000000000000000000000000000000000000000000AA
:20DE780000000000000000000000000000000000000000000000000000000000000000008A
:20DE980000000000000000000000000000000000000000000000000000000000000000006A
:20DEB80000000000000000000000000000000000000000000000000000000000000000004A
:20DED80000000000000000000000000000000000000000000000000000000000000000002A
:20DEF80000000000000000000000000000000000000000000000000000000000000000000A
:20DF18000000000000000000000000000000000000000000000000000000000000000000E9
:20DF38000000000000000000000000000000000000000000000000000000000000000000C9
:20DF58000000000000000000000000000000000000000000000000000000000000000000A9
:20DF7800000000000000000000000000000000000000000000000000000000000000000089
:20DF9800000000000000000000000000000000000000000000000000000000000000000069
:20DFB800000000000000000000000000000000000000000000000000000000000000000049
:20DFD800000000000000000000000000000000000000000000000000000000000000000029
:20DFF800000000000000000000000000000000000000000000000000000000000000000009
:20E018000000000000000000000000000000000000000000000000000000000000000000E8
:20E038000000000000000000000000000000000000000000000000000000000000000000C8
:20E058000000000000000000000000000000000000000000000000000000000000000000A8
:20E07800000000000000000000000000000000000000000000000000000000000000000088
:20E09800000000000000000000000000000000000000000000000000000000000000000068
:20E0B800000000000000000000000000000000000000000000000000000000000000000048
:20E0D800000000000000000000000000000000000000000000000000000000000000000028
:20E0F800000000000000000000000000000000000000000000000000000000000000000008
:20E118000000000000000000000000000000000000000000000000000000000000000000E7
:20E138000000000000000000000000000000000000000000000000000000000000000000C7
:20E158000000000000000000000000000000000000000000000000000000000000000000A7
:20E17800000000000000000000000000000000000000000000000000000000000000000087
:20E19800000000000000000000000000000000000000000000000000000000000000000067
:20E1B800000000000000000000000000000000000000000000000000000000000000000047
:20E1D800000000000000000000000000000000000000000000000000000000000000000027
:20E1F800000000000000000000000000000000000000000000000000000000000000000007
:20E218000000000000000000000000000000000000000000000000000000000000000000E6
:20E238000000000000000000000000000000000000000000000000000000000000000000C6
:20E258000000000000000000000000000000000000000000000000000000000000000000A6
:20E27800000000000000000000000000000000000000000000000000000000000000000086
:20E29800000000000000000000000000000000000000000000000000000000000000000066
:20E2B800000000000000000000000000000000000000000000000000000000000000000046
:20E2D800000000000000000000000000000000000000000000000000000000000000000026
:20E2F800000000000000000000000000000000000000000000000000000000000000000006
:20E318000000000000000000000000000000000000000000000000000000000000000000E5
:20E338000000000000000000000000000000000000000000000000000000000000000000C5
:20E358000000000000000000000000000000000000000000000000000000000000000000A5
:20E37800000000000000000000000000000000000000000000000000000000000000000085
:20E39800000000000000000000000000000000000000000000000000000000000000000065
:20E3B800000000000000000000000000000000000000000000000000000000000000000045
:20E3D800000000000000000000000000000000000000000000000000000000000000000025
:20E3F800000000000000000000000000000000000000000000000000000000000000000005
:20E418000000000000000000000000000000000000000000000000000000000000000000E4
:20E438000000000000000000000000000000000000000000000000000000000000000000C4
:20E458000000000000000000000000000000000000000000000000000000000000000000A4
:20E47800000000000000000000000000000000000000000000000000000000000000000084
:20E49800000000000000000000000000000000000000000000000000000000000000000064
:20E4B800000000000000000000000000000000000000000000000000000000000000000044
:20E4D800000000000000000000000000000000000000000000000000000000000000000024
:20E4F800000000000000000000000000000000000000000000000000000000000000000004
:20E518000000000000000000000000000000000000000000000000000000000000000000E3
:20E538000000000000000000000000000000000000000000000000000000000000000000C3
:20E558000000000000000000000000000000000000000000000000000000000000000000A3
:20E57800000000000000000000000000000000000000000000000000000000000000000083
:20E59800000000000000000000000000000000000000000000000000000000000000000063
:20E5B800000000000000000000000000000000000000000000000000000000000000000043
:20E5D800000000000000000000000000000000000000000000000000000000000000000023
:20E5F800000000000000000000000000000000000000000000000000000000000000000003
:20E618000000000000000000000000000000000000000000000000000000000000000000E2
:20E638000000000000000000000000000000000000000000000000000000000000000000C2
:20E658000000000000000000000000000000000000000000000000000000000000000000A2
:20E67800000000000000000000000000000000000000000000000000000000000000000082
:20E69800000000000000000000000000000000000000000000000000000000000000000062
:20E6B800000000000000000000000000000000000000000000000000000000000000000042
:20E6D800000000000000000000000000000000000000000000000000000000000000000022
:20E6F800000000000000000000000000000000000000000000000000000000000000000002
:20E718000000000000000000000000000000000000000000000000000000000000000000E1
:20E738000000000000000000000000000000000000000000000000000000000000000000C1
:20E758000000000000000000000000000000000000000000000000000000000000000000A1
:20E77800000000000000000000000000000000000000000000000000000000000000000081
:20E79800000000000000000000000000000000000000000000000000000000000000000061
:20E7B800000000000000000000000000000000000000000000000000000000000000000041
:20E7D800000000000000000000000000000000000000000000000000000000000000000021
:20E7F800000000000000000000000000000000000000000000000000000000000000000001
:20E818000000000000000000000000000000000000000000000000000000000000000000E0
:20E838000000000000000000000000000000000000000000000000000000000000000000C0
:20E858000000000000000000000000000000000000000000000000000000000000000000A0
:20E87800000000000000000000000000000000000000000000000000000000000000000080
:20E89800000000000000000000000000000000000000000000000000000000000000000060
:20E8B800000000000000000000000000000000000000000000000000000000000000000040
:20E8D800000000000000000000000000000000000000000000000000000000000000000020
:20E8F800000000000000000000000000000000000000000000000000000000000000000000
:20E918000000000000000000000000000000000000000000000000000000000000000000DF
:20E938000000000000000000000000000000000000000000000000000000000000000000BF
:20E9580000000000000000000000000000000000000000000000000000000000000000009F
:20E9780000000000000000000000000000000000000000000000000000000000000000007F
:20E9980000000000000000000000000000000000000000000000000000000000000000005F
:20E9B80000000000000000000000000000000000000000000000000000000000000000003F
:20E9D80000000000000000000000000000000000000000000000000000000000000000001F
:20E9F8000000000000000000000000000000000000000000000000000000000000000000FF
:20EA18000000000000000000000000000000000000000000000000000000000000000000DE
:20EA38000000000000000000000000000000000000000000000000000000000000000000BE
:20EA580000000000000000000000000000000000000000000000000000000000000000009E
:20EA780000000000000000000000000000000000000000000000000000000000000000007E
:20EA980000000000000000000000000000000000000000000000000000000000000000005E
:20EAB80000000000000000000000000000000000000000000000000000000000000000003E
:20EAD80000000000000000000000000000000000000000000000000000000000000000001E
:20EAF8000000000000000000000000000000000000000000000000000000000000000000FE
:20EB18000000000000000000000000000000000000000000000000000000000000000000DD
:20EB38000000000000000000000000000000000000000000000000000000000000000000BD
:20EB580000000000000000000000000000000000000000000000000000000000000000009D
:20EB780000000000000000000000000000000000000000000000000000000000000000007D
:20EB980000000000000000000000000000000000000000000000000000000000000000005D
:20EBB80000000000000000000000000000000000000000000000000000000000000000003D
:20EBD80000000000000000000000000000000000000000000000000000000000000000001D
:20EBF8000000000000000000000000000000000000000000000000000000000000000000FD
:20EC18000000000000000000000000000000000000000000000000000000000000000000DC
:20EC38000000000000000000000000000000000000000000000000000000000000000000BC
:20EC580000000000000000000000000000000000000000000000000000000000000000009C
:20EC780000000000000000000000000000000000000000000000000000000000000000007C
:20EC980000000000000000000000000000000000000000000000000000000000000000005C
:20ECB80000000000000000000000000000000000000000000000000000000000000000003C
:20ECD80000000000000000000000000000000000000000000000000000000000000000001C
:20ECF8000000000000000000000000000000000000000000000000000000000000000000FC
:20ED18000000000000000000000000000000000000000000000000000000000000000000DB
:20ED38000000000000000000000000000000000000000000000000000000000000000000BB
:20ED580000000000000000000000000000000000000000000000000000000000000000009B
:20ED780000000000000000000000000000000000000000000000000000000000000000007B
:20ED980000000000000000000000000000000000000000000000000000000000000000005B
:20EDB80000000000000000000000000000000000000000000000000000000000000000003B
:20EDD80000000000000000000000000000000000000000000000000000000000000000001B
:20EDF8000000000000000000000000000000000000000000000000000000000000000000FB
:20EE18000000000000000000000000000000000000000000000000000000000000000000DA
:20EE38000000000000000000000000000000000000000000000000000000000000000000BA
:20EE580000000000000000000000000000000000000000000000000000000000000000009A
:20EE780000000000000000000000000000000000000000000000000000000000000000007A
:20EE980000000000000000000000000000000000000000000000000000000000000000005A
:20EEB80000000000000000000000000000000000000000000000000000000000000000003A
:20EED80000000000000000000000000000000000000000000000000000000000000000001A
:20EEF8000000000000000000000000000000000000000000000000000000000000000000FA
:20EF18000000000000000000000000000000000000000000000000000000000000000000D9
:20EF38000000000000000000000000000000000000000000000000000000000000000000B9
:20EF5800000000000000000000000000000000000000000000000000000000000000000099
:20EF7800000000000000000000000000000000000000000000000000000000000000000079
:20EF9800000000000000000000000000000000000000000000000000000000000000000059
:20EFB800000000000000000000000000000000000000000000000000000000000000000039
:20EFD800000000000000000000000000000000000000000000000000000000000000000019
:20EFF8000000000000000000000000000000000000000000000000000000000000000000F9
:20F018000000000000000000000000000000000000000000000000000000000000000000D8
:20F038000000000000000000000000000000000000000000000000000000000000000000B8
:20F05800000000000000000000000000000000000000000000000000000000000000000098
:20F07800000000000000000000000000000000000000000000000000000000000000000078
:20F09800000000000000000000000000000000000000000000000000000000000000000058
:20F0B800000000000000000000000000000000000000000000000000000000000000000038
:20F0D800000000000000000000000000000000000000000000000000000000000000000018
:20F0F8000000000000000000000000000000000000000000000000000000000000000000F8
:20F118000000000000000000000000000000000000000000000000000000000000000000D7
:20F138000000000000000000000000000000000000000000000000000000000000000000B7
:20F15800000000000000000000000000000000000000000000000000000000000000000097
:20F17800000000000000000000000000000000000000000000000000000000000000000077
:20F19800000000000000000000000000000000000000000000000000000000000000000057
:20F1B800000000000000000000000000000000000000000000000000000000000000000037
:20F1D800000000000000000000000000000000000000000000000000000000000000000017
:20F1F8000000000000000000000000000000000000000000000000000000000000000000F7
:20F218000000000000000000000000000000000000000000000000000000000000000000D6
:20F238000000000000000000000000000000000000000000000000000000000000000000B6
:20F25800000000000000000000000000000000000000000000000000000000000000000096
:20F27800000000000000000000000000000000000000000000000000000000000000000076
:20F29800000000000000000000000000000000000000000000000000000000000000000056
:20F2B800000000000000000000000000000000000000000000000000000000000000000036
:20F2D800000000000000000000000000000000000000000000000000000000000000000016
:20F2F8000000000000000000000000000000000000000000000000000000000000000000F6
:20F318000000000000000000000000000000000000000000000000000000000000000000D5
:20F338000000000000000000000000000000000000000000000000000000000000000000B5
:20F35800000000000000000000000000000000000000000000000000000000000000000095
:20F37800000000000000000000000000000000000000000000000000000000000000000075
:20F39800000000000000000000000000000000000000000000000000000000000000000055
:20F3B800000000000000000000000000000000000000000000000000000000000000000035
:20F3D800000000000000000000000000000000000000000000000000000000000000000015
:20F3F8000000000000000000000000000000000000000000000000000000000000000000F5
:20F418000000000000000000000000000000000000000000000000000000000000000000D4
:20F438000000000000000000000000000000000000000000000000000000000000000000B4
:20F45800000000000000000000000000000000000000000000000000000000000000000094
:20F47800000000000000000000000000000000000000000000000000000000000000000074
:20F49800000000000000000000000000000000000000000000000000000000000000000054
:20F4B800000000000000000000000000000000000000000000000000000000000000000034
:20F4D800000000000000000000000000000000000000000000000000000000000000000014
:20F4F8000000000000000000000000000000000000000000000000000000000000000000F4
:20F518000000000000000000000000000000000000000000000000000000000000000000D3
:20F538000000000000000000000000000000000000000000000000000000000000000000B3
:20F55800000000000000000000000000000000000000000000000000000000000000000093
:20F57800000000000000000000000000000000000000000000000000000000000000000073
:20F59800000000000000000000000000000000000000000000000000000000000000000053
:20F5B800000000000000000000000000000000000000000000000000000000000000000033
:20F5D800000000000000000000000000000000000000000000000000000000000000000013
:20F5F8000000000000000000000000000000000000000000000000000000000000000000F3
:20F618000000000000000000000000000000000000000000000000000000000000000000D2
:20F638000000000000000000000000000000000000000000000000000000000000000000B2
:20F65800000000000000000000000000000000000000000000000000000000000000000092
:20F67800000000000000000000000000000000000000000000000000000000000000000072
:20F69800000000000000000000000000000000000000000000000000000000000000000052
:20F6B800000000000000000000000000000000000000000000000000000000000000000032
:20F6D800000000000000000000000000000000000000000000000000000000000000000012
:20F6F8000000000000000000000000000000000000000000000000000000000000000000F2
:20F718000000000000000000000000000000000000000000000000000000000000000000D1
:20F738000000000000000000000000000000000000000000000000000000000000000000B1
:20F75800000000000000000000000000000000000000000000000000000000000000000091
:20F77800000000000000000000000000000000000000000000000000000000000000000071
:20F79800000000000000000000000000000000000000000000000000000000000000000051
:20F7B800000000000000000000000000000000000000000000000000000000000000000031
:20F7D800000000000000000000000000000000000000000000000000000000000000000011
:20F7F8000000000000000000000000000000000000000000000000000000000000000000F1
:20F818000000000000000000000000000000000000000000000000000000000000000000D0
:20F838000000000000000000000000000000000000000000000000000000000000000000B0
:20F85800000000000000000000000000000000000000000000000000000000000000000090
:20F87800000000000000000000000000000000000000000000000000000000000000000070
:20F89800000000000000000000000000000000000000000000000000000000000000000050
:20F8B800000000000000000000000000000000000000000000000000000000000000000030
:20F8D800000000000000000000000000000000000000000000000000000000000000000010
:20F8F8000000000000000000000000000000000000000000000000000000000000000000F0
:20F918000000000000000000000000000000000000000000000000000000000000000000CF
:20F938000000000000000000000000000000000000000000000000000000000000000000AF
:20F9580000000000000000000000000000000000000000000000000000000000000000008F
:20F9780000000000000000000000000000000000000000000000000000000000000000006F
:20F9980000000000000000000000000000000000000000000000000000000000000000004F
:20F9B80000000000000000000000000000000000000000000000000000000000000000002F
:20F9D80000000000000000000000000000000000000000000000000000000000000000000F
:20F9F8000000000000000000000000000000000000000000000000000000000000000000EF
:20FA18000000000000000000000000000000000000000000000000000000000000000000CE
:20FA38000000000000000000000000000000000000000000000000000000000000000000AE
:20FA580000000000000000000000000000000000000000000000000000000000000000008E
:20FA780000000000000000000000000000000000000000000000000000000000000000006E
:20FA980000000000000000000000000000000000000000000000000000000000000000004E
:20FAB80000000000000000000000000000000000000000000000000000000000000000002E
:20FAD80000000000000000000000000000000000000000000000000000000000000000000E
:20FAF8000000000000000000000000000000000000000000000000000000000000000000EE
:20FB18000000000000000000000000000000000000000000000000000000000000000000CD
:20FB38000000000000000000000000000000000000000000000000000000000000000000AD
:20FB580000000000000000000000000000000000000000000000000000000000000000008D
:20FB780000000000000000000000000000000000000000000000000000000000000000006D
:20FB980000000000000000000000000000000000000000000000000000000000000000004D
:20FBB80000000000000000000000000000000000000000000000000000000000000000002D
:20FBD80000000000000000000000000000000000000000000000000000000000000000000D
:04FBF8000000000009
:02FBFC00E9021C
:02FBFE002A5289
:00000001FF
