:0E200000ECCB220000000000E902234000109B
:02200E000000D0
:20201000A700750130021F03CD07D108AC09EC0A030014001E00280050005A006400780004
:20203000F938BF36C936D3362139BB36DB368F3712381F38293833383838BA38EB38F13825
:2020500007390C3911391E39163900000000000000000000000000000000000000000000FB
:2020700001020408102040804D3600007B390000000000000000000000000000000000001A
:20209000000000000000000000000000000000000000000000000000000000000000000030
:2020B0000000000000000000543600008239000000000000000000000000000000000000CB
:2020D000000000000000000000000000B23900000000000000000000000000000000000005
:2020F000000000000000000002010000000101005B04510200000000000201010000000015
:202110000003000002000000000000002C010A002CD102002CB104002C4106000000000020
:20213000000000000000000064D0020064C0030064B0040064400600000000000000000070
:202150000000000000000000000000003C0100000000000000060000011052656E657361BD
:20217000732054657374204657000000000000001C001C000B0006220B0009450B00054D3E
:202190000B0007210A000413050002E60A000413050004E40A0120410A0120420A010643B3
:2021B0000A01204A320011011900FA003C00010088134303B301F4013B01BC02FB04641906
:2021D000AD022C01110158022D6E1919966E016E161B10FA6464FA28C8FA0F28320A051EEA
:2021F000FA00FA00FA00FA000A0072010A0014000B0006220B0103250A0100110B0103209A
:202210000B010B200A000E100F00FF000A000B120C00000009017F04000009017F010000F7
:2022300009017F0300000B010326D5AAA7E5B2D3304069CE8E9B54963F77D28A4BAE8105F2
:202250003CE93862E383C9E5FD55C8002800C8002800B004E8034A7D1ED414474E4033AC49
:2022700029CCB8653D9B0000066B527F6482C280EF80C08105825582728229834E831B80E0
:202290006280A47F058000000000000000000000000000000B92C09355927292B89282926B
:1B22B00058937A938F93CB9209932A934593000000000000000000000000006B
:2022CB00CBF820FE30A0FDFC572400FC5024003658F930ECFBEF04CC0000A747DFF93620E5
:2022EB00FE30E0FEEF04CC0000A747DFF94100320000EF08B31149C4D04858F9F643DFF492
:20230B004100320000EF08B31149C4D04820FEF643DFF4FC1F2900ECF00000F6EFFEFD2F06
:20232B0024C1E1FC344F00C0ED2824FD2F24C15102FC344F00C0ED2824FD2F24C15103FC17
:20234B00344F00C0ED2824FD2F24C15104FC344F00C0ED2824FD2F24C15105FC344F00C072
:20236B00ED2824FD2F24C15106FC344F00C0ED2824FD2F24C15107FC344F00C0ED2824FD5B
:20238B002F24C15108FC344F00C0ED2824FD2F24C1510BFC344F00C0ED2824FD2F24C15106
:2023AB000CFC344F00C0EF75FD2F24C1510DFC344F00C0EF68FD2F24C1510EFC344F00C0AF
:2023CB00EF5BFD2F24C1510FFC344F00C0EF4EFD2F24C15110FC344F00C0EF41FD2F24C1C9
:2023EB005111FC344F00C0EF34FD2F24C15112FC344F00C0EF27FD2F24C15113FC344F0051
:20240B00C0EF1AFD2F24C15114FC344F00C0EF0DFD2F24C15115FC344F00C0EF009EFC6098
:0C242B009EFD61FC61FF8EFD708EFCD7F1
:1024370033053503164361F8D7B5B7899B17EFF511
:20244700CFF00031CFFC009CD7717BFAFEF1FFD716C80300AEF82761D339315E12F643DDCA
:2024670027BBBC02BC04BC06BC08BC0ABC0CBC0EBC10BC12BC14BC16BC18BC1ABC1CBC1E7F
:202487003704200037B3EFD6AEF847DD06F6BBA7A7EFF5D7F558F9F559F9F6BF5CF9BF60EB
:2024A700F9BF5EF9F562F9F55AF9F55BF934FC0089719A99F6BF0805340000F75110FC1C62
:2024C7004F00715BE7D7FC823B00D1DD07AF0405318DDE15D5BEF9DF10D55BF9DF0BFC7348
:2024E7003B00D161E8CFBEF9FF8F58F991D1DD1291D1DD224C05DF798F59F9D1DF4B510E85
:20250700EF4F8F59F9D1DF045106EF4591DF045102EF3EE1EF3BAF5CF9440000DD5312517C
:2025270007FCE457004C02DF485107FCD4570030FFFF025CF9BF5CF96168DF2FF6BF000538
:20254700CF5AF908CF58F918D791DF04510AEF01F1CF58F902318E1230FFFF025EF9318D53
:2025670003BF0005AF5CF96168DD065107FCC45700D7D558F961F8BF0C05D7C5C3C7C177EA
:20258700AF0805B8028F58F973D1DD08634C0661E8EEA800625080D6128800318E1467FB4A
:2025A700F8FFF0616B08616A616C08616DBF1005A80CBF5EF9A8066168DD04530FEF01F3B0
:2025C700A806BF60F9639F62F988059F59F98B318E311EDC2CE6025EF9311EB8043014051F
:2025E700F7EF10130161090614A914AB35B9AB040200A3BB13614904DCE95100328426EF3F
:2026070005510032E926318E145110FC1C4F004059F901880270DF0971BA9802606C09EF83
:2026270002718A9802A802BF0805D558F9DF03E1EF0251079F58F9A80EBF5CF91008D78F1C
:2026470058F94C18DD044C06DF04F6BF0005F558F9D7717BFA300F00BF0405F6BF080534EE
:202667000000F75110FC1C4F008F58F9318E31FDDE04F6BF0005F558F9717AFAD7C7AF04AF
:2026870005B800AEF816319503F1EF07AEF81631A3F7E1D1880070DF168800311A5C027340
:2026A70060719C6371A99F5AF9CF58F918EF13313506CF58F906EF0AAEF816318522CF58B7
:2026C700F9085107FCD45700300F00BF0405F6BF0805340000F75110FC1C4F00FC6E5400F9
:2026E700C0D7C7AF0405B800AEF816319503F1EF07AEF81631A3F7E1D1880070DF168800EB
:20270700311A5C027360719C6371A99F5AF9CF58F918EF13313506CF58F906EF0AAEF81639
:20272700318538CF58F9085107FCD457004058F918DD10E6025EF9311E14DB60F930140548
:20274700FE1A00300F00BF0405F6BF0805340000F75110FC1C4F00FC6E5400C0D7C1C7C3FE
:20276700F6EF1AA80416AB12C6C713BBA804040200B804A800040200B800A802A1B802455B
:20278700DCE11006D7713AEE713AEA3492013000C0B9AA26085CFD08BA26AA28085CFD0896
:2027A700BA28AA24086CF008BA24D7714AEE714AEA349401300080B9AA24085CFB08BA24AE
:2027C700AA26085CFB08BA26AA226C02BA22D7715AEE715AEA3496013000C0B9AA22085CDC
:2027E700F708BA22AA24085CF708BA24AA206C10BA20D77140F300D7C1712BE3CB900000DB
:20280700712BE75115FC1C4F00A80012314D23B16C805C8FBE90C0D7712AE7340000F7519B
:2028270015FC1C4F00712BE3CB900000D7CEABACD7C1510BFC1C4F00A800FEAF00BD1A7147
:202847003BE2713BE634B201A9086C0208B9C0D7C1510CFC1C4F0034B601A9085C0F08B917
:20286700A80044D107DC06A9086CF0EF0D441500A908DC046CA0EF026C4008B9A800FE6B3D
:2028870000BE64714BE2714BE634B201A9086C0408B9C0D7AFB00160311A5C01D7C1510D11
:2028A700FC1C4F00A800FE4300BE66715BE2715BE634B201A9086C0808B9C0D734B401A947
:2028C700086C0208B9713BE2713AE6D734B401A9086C0408B9714BE2714AE6D734B401A951
:2028E700086C0808B9715BE2715AE6D744D107DC1232DC0234E803CEFB01360000CEFB0B51
:2029070000B1D7441500DC0832EA00340A00EFE732DC05CEFB02B1D7C7FCF52900FCC05068
:2029270000EEA200AFBCFB6168DF2DAFBEFB6168DF26AF9CF96168DF1FAF9EF9085CF008E2
:202947006168DF1451F05FA1F9D1DD0CD5BEF9DF07AFC8F96168DD06FC7B3000EF5CFC281C
:2029670034009800FC2F3300738801708800615063615891D1DD270CFED1DD264C04DF3AB8
:20298700FCF85000FC795100125100318E1413323428FCFF270061FDFCCB5000EF1861ED63
:2029A700EF18FC795100125100318E1413323428FCFF270061EDFC1F2800FC492A00FC9BB3
:2029C7003A00FCCD2400FC5B49009801FC0B2F009800FC982F007388017088006150636196
:2029E7005898018FBDFB317303EE38FFC0D730013CFC815400300300C1340400F73060EA5A
:202A0700FC6F5500C0340100F730983AFCB75500320300300303FCE555005400F7F6FC9883
:202A27005600F1FC4C58003064F9BFC4FB3080F9BFC0FB300001FC6F4F00FCDF2F00717A9A
:202A4700FAD78FBCF9318E311EDC0E510F5FA1F9D1DD079161F8FE9C00D7FE1400D7F6BF5B
:202A67009CF9BF9EF9BFA0F9510F5FA1F99FA1F9D78FC0F973318E311EDE0A63718B9FC034
:202A8700F9F5A0F9D78FA0F94C02DC350CFED1DD3991D1DD3F91D1DD4591D1DD4E91DF203A
:202AA70063718B9FC0F971389FF9E16FA1F95CF19FA1F9F5A0F951106FA1F95C1F9FA1F9FB
:202AC700D7E5AAF9CFA0F902EF1CCFAAF902CFA0F903EF12CFAAF903CFA0F904EF08CFAAEA
:202AE700F904CFA0F9057100BCF9D7CFAAF905CFA0F906EFF18F9CF97031051DAF9CF94434
:202B07000100DF04FE5F00D7E16FA1F95CF19FA1F9E6F5A0F9BF9CF9D7311504FE9000D7D8
:202B2700312504FE4301D731351AAF9CF9440800DF04FE9E01D7E16FA1F95CF19FA1F93014
:202B47000800EFCE315504FEEF01D7316504FE6B02D78F9DF9310506718B9F9DF9D7603184
:202B67007503FE2503D78FC0F973318E311EDE1363718B9FC0F971309FF971089CF9F5A18B
:202B8700F9EF1C8FA0F9D1DD1A4C0ADF1571089CF971389FF951106FA1F95C1F9FA1F9F58E
:202BA700A0F9D7E5AAF9CFA0F90A7100BCF9D78FC0F973318E311EDE1363718B9FC0F971C5
:202BC700309FF971189CF9F5A1F9EF3C8FA0F9D1DD3A0CECD1DD3F91D1DD4591D1DD4B91BA
:202BE700D1DD5191D1DD5791D1DD5D91D1DD6391D1DD6C91DF1571189CF971389FF95120FB
:202C07006FA1F95C2F9FA1F9F5A0F9D7CFAAF902CFA0F914EF44CFAAF903CFA0F915EF3A3D
:202C2700CFAAF904CFA0F916EF30CFAAF905CFA0F917EF26CFAAF907CFA0F918EF1CCFAAF2
:202C4700F908CFA0F919EF12CFAAF909CFA0F91AEF08CFAAF90ACFA0F91B7100BCF9D7CF2B
:202C6700AAF911CFA0F91CEFF18FC0F973318E311EDE1363718B9FC0F971309FF971289C56
:202C8700F9F5A1F9EF1E8FA0F9D1DD1C0CE2D1DD2191D1DD2791D1DD3091DF0B71289CF96B
:202CA70071389FF9F5A0F9D7CFAAF907CFA0F91EEF12CFAAF908CFA0F91FEF08CFAAF909F4
:202CC700CFA0F9207100BCF9D7CFAAF90ACFA0F921EFF18FC0F973318E311EDE1563718B68
:202CE7009FC0F971309FF971389CF9F5A1F9F5A0F9D78FA0F9D1DD1E0CD8D1DD3391DF15CC
:202D070071389CF971389FF9F5A0F951106FA1F95C1F9FA1F9D7FC7554006168DF045105E3
:202D2700EF0251149FAAF9CFA0F9287100BCF9D7E5AAF9CFA0F929EFF28FC0F973318E31C2
:202D47001EDE1563718B9FC0F971309FF971589CF9F5A1F9F5A0F9D78FA0F9D1DD2A0CCE3F
:202D6700D1DD2E91D1DD3491D1DD3A91D1DD4391DF1571589CF971389FF9F5A0F951106F80
:202D8700A1F95C1F9FA1F9D7E5AAF9CFA0F932EF1CCFAAF902CFA0F933EF12CFAAF903CF86
:202DA700A0F934EF08CFAAF904CFA0F9357100BCF9D7CFAAF914CFA0F936EFF18FC0F97379
:202DC700318E311EDE1563718B9FC0F971309FF971689CF9F5A1F9F5A0F9D78FA0F9D1DDC3
:202DE7002E0CD9D1DD3391D1DD3991D1DD3F91D1DD4591D1DD4E91DF1571689CF971389F96
:202E0700F9F5A0F951306FA1F95C3F9FA1F9D7CFAAF915CFA0F927EF26CFAAF90BCFA0F9DF
:202E270028EF1CCFAAF90CCFA0F929EF12CFAAF90DCFA0F92AEF08CFAAF90ECFA0F92B71BC
:202E470000BCF9D7CFAAF910CFA0F92CEFF18FC0F973318E311EDE1363718B9FC0F97130D7
:202E67009FF971089DF9F5A1F9EF0E8FA0F9D1DD0C4C32DF0771089DF9F5A0F9D7CFAAF9EC
:202E87000FCFA0F9327100BCF9D7C78FC0F973318E311EDE1363718B9FC0F971309FF971A3
:202EA700789CF9F5A1F9EF3E8FA0F9D1DD3D0CC4D1DD4691DF33FC715100B8008800310594
:202EC7001DAEF81631951751FD5F9EF973AFA2F9F05C604400406361F8719A9F9EF971781E
:202EE7009CF971389FF9F5A0F9C0D7CFAAF913CFA0F93C7100BCF9EFF0CFAAF912CFA0F9B6
:202F07003DEFF0D78FAEF9310505712308EF1731150E712308F5AFF95109FCC45700EF0CAB
:202F27003125097122085109FCD45700F5AEF9320A005109FCE457004C02DF238FAFF9819E
:202F47009FAFF9318E443200DC0F8D0871AC8D0871A97C049D08F5AFF95109FCC45700323D
:202F67000A005109FCE45700D1E161F85107D7FC8C27005100318E1432BB2F5107FC1C4FC7
:202F870000711208711A28710BE5F5B0F9F5B1F9D740B0F9018FB1F9DF08D1DF0BF5B0F914
:202FA700EF06D161E8E5B0F9FC9B2800D1510361F85107D7FC6E54005100318E1432CF2FEF
:202FC70030E803FC382800D731140803F1EF01E19FB1F9FCC32800D7716301716B217173CD
:202FE70001717B2171005500710205710B2571105500711205711B25711307711B277133EC
:2030070007713B2771005800710208710B2871205800712208712B283653008CA9719A9C3A
:20302700A97182710203710B237192711203711B2371A2712203712B23F6BFB2F9F5B4F936
:20304700F5B5F9F5B6F9F5B7F9FCD62700FCFA2700FC652A00FC573A00FC9B240051003112
:203067008E12540530523AFC304900FC0A2F00FC762F00D7C7FC715100B8008FBEFB3103B9
:2030870003EE8E00AEF816318523711307FC0B36008800719C8FAEF9DE04718AEF02719AA9
:2030A7009FAEF97108BEFBF5B5F9EE0C01D5B5F9DF2AF5B4F9F5B7F9340100F730983AFCF6
:2030C700B755007120AEF98FBCFB31133E5108FCC45700711207E5B5F9EEDD005103FC6CC9
:2030E7004D00317503EED1007C80442083DC10328A025108FCE457004C0261E8EEBA005167
:2031070008FCD45700F5B5F97113077108BEFBEEA700311519AEF8168FAEF9319504718A6E
:20312700EF02719A9FAEF97118BEFBEE8B0031250471ABEF0C31350471BBEF0531450771A2
:20314700CB9FBEFBEF7331550471DBEFF431652D8FC7FB705CC04C40DF1D60311A5C1F4C90
:203167000FDF14AEF81631E50EEBC4FBA901DC07300010FCB951007168BEFBEF3C8FBFFBE3
:2031870073313518AEF8163195056371BBEF27AF9CF96168DF2371609CF9EFEE31250471EE
:2031A700ABEF1331450471CBEF0C31550471DBEF0531650571EB9FBFFB8FBCFB7331750D24
:2031C7007163017173017178BCFBEE5901316515AEF81631B505716201EF03717201716871
:2031E700BCFBEE4101311551D5B5F9DF0A71009CF9E5B5F9EE2F018F9FF931350771BB9FC8
:203207009FF9EF145103FC6C4D0012317503EE15017C80442183DE0D7113077118BCFBF5B5
:20322700B5F9EE0101137C80447D9561C8EEF600713307711207EEED0031451CAEF81631E8
:203247008508FC755400616861F871330771309CF97148BCFBEECE00310518AF9CF961688B
:2032670061E8EEC10071320771109CF97108BCFBEEB300312517AF9CF9616861E8EEA60067
:2032870071209CF96371AB9FBCFBEE9900313517AF9CF9616861E8EE8C0071320771509C51
:2032A700F97138BCFBEF7F315510AF9CF96168DF7571609CF96371DBEFCD8FBDFB310507F4
:2032C700718B9FBDFBEF5F369FF931B50D300062FCB9510071389FF9EF4CAF9EF96168DD85
:2032E70006F6BF9EF9EF3F8FC8F93105097123037108C8F9EF303115097122037118C8F999
:20330700EF243125128FBCF973318E31FDDC0863719A9FBCF9EF0F8FC8F93135097110BDE6
:20332700F971BB9FC8F9C0D7C7FC715100B8008801317528D5B7F9DF23D5B4F9DF1EAEF82A
:203347001631E545AEF81631933FFCBF4C0091DF05F1FC574C00E5B7F9EEA2008FB7F94C7A
:2033670001DF2CFCBF4C009161E8EE9100FCC34C00D1DF07CFB7F902EE8300FCC34C004CCF
:2033870006DF06CFB7F903EF75CFB7F90FEF6F4C02DF26340500F73060EAFCB75500AFC2F3
:2033A700FB086C045C04085CFEBFC2FB300022FCB95100CFB7F914EF454C03DF26340100AD
:2033C700F730983AFCB75500AFC2FB086C045C04085CFEBFC2FB300022FCB95100CFB7F9EC
:2033E70004EF1B318E31CD31CE440400DF10FC3C54004C08DD08510F6FB7F99FB7F98FB7EC
:20340700F9D1DD03F3EF01E3318E31CD31CE440F00DD03F1EF01E1616BD1F161E85107C293
:20342700D7200AFC715100B808E1FC6C4D00B8025104FC6C4D00B8008808311303F1EF3508
:20344700FC405800D1DFF6AEF80409001631F5EDFC755400325500CEFB013600003464006B
:20346700CEFB0B0014A80031FF43A80061F845DECCF5B4F9E19807AEF804080016318303B1
:20348700F1EF1DAEF8040800163193F4A80031FF440000A80061F844D959DCE4F5B4F9E1D2
:2034A7009806A8020161D373A80244ED0ADC0530EC0AEF0B44A700DC05510673EF5AF6BF9B
:2034C700B2F9EF57318F01B80004102016A80261490061D34163318F0104202014A9B80487
:2034E7001504020016A800041020B80014A914ABFBF8FF61290412A80225CEFB01B802ABF4
:2035070004020016AB2514A802360000CEFB0B0012A80403EFA993633175A9AFB2F9445163
:2035270000DC0BF5B4F9E19801C80003EF10443D00F19801DE05E19800EF03C80002AEF8EE
:20354700040800163183088801D161F8FEDD008FB2F9748800738806728801708807FC9833
:203567005600AEF804080016319509AEF80409001631F31A8806318E12F623148801318E7C
:20358700128807318E0345DF055107100AD7F1EFFAC7FC715100B800880171FC8FB4F9DE28
:2035A70049D1DF55AEF816EBC0FB31E5053001A0EF03300180B9AEF81631E30CAEF8163143
:2035C7009533AEF81631A52DEBC0FB3000FFBA02AFC2FB086C045C04085CFEBFC2FB30007A
:2035E7002FFCB95100E5B4F9EF0F91DF0CFC3C54004C0861E8CFB4F902510740B4F9016135
:20360700F8F1C2D75100318E14324336510DFC1C4F00CB66B32D34B201AA046C10BA04713C
:203627005BE2715BE6A9086C0808B9D734B401A9086C0808B9715BE2715AE6D7E1FC394D6F
:2036470000FC6E5400D7F5B8F9F5B9F9D78FB8F90C7FD1DD0891D1DD084C7EDF16FE140011
:20366700D78F58F94C06DD084C08DD044C1861F8FED302D7D558F9DD05CFB8F981D7F55A8A
:20368700F97108C0F9309002FC792500FE0500CFB8F982D7200AF6B8088FAAF99175318EE9
:2036A70012654C15DE0E1312495A20311C9EFC79302061CBF3EE6902300068B808533DEE59
:2036C7005F02300080B808534CEE5502F6B808534EEE4D02FC755400326500CEFB01B800BC
:2036E70013B804A800360000346400CEFB0B00B80213B806A802360000340C00CEFB0B002B
:203707001507A80412A80036000034B004CEFB0B00320C00CEFB02B804A802DF08DC0614E2
:20372700A80612EF0A040C0014A8061261D8A315360000340C00CEFB0B00FBF8FF320C007A
:20374700CEFB0212A8023323BBF661D8B1612906141361290416A8061261D8B14517FBF896
:20376700FF61F861490061D30AA802040C00B80261D8A3A802360000340C00CEFB0B00318D
:203787003DB8085349EE9901FC795400B800FC40580075A800320A00CEFB02B80265D1F7E1
:2037A700DF14A802327800CEFB01360000346400CEFB0B00B802A8025C036168A80214DF26
:2037C70004C3C6EF0C040004B8001361D8A116A800F05CFC25B8001761D8B12316655C03CC
:2037E70075F647FBF8FF1561F861490061D30AA802040004B80261D8A331DCA802313E0357
:20380700085C8008B808534AEE1601300013B808BFA2F95348EE0901305C12B8085314EEB0
:20382700FF0030482CB8085315EEF50030E803EFEAFC795400B800FC40580075A800320A71
:2038470000CEFB02B80265D1F7DF14A802327800CEFB01360000346400CEFB0B00B802A89A
:20386700025C036168A80214DF04C3C6EF0C040004B8001361D8A116A800F05CFC25B80062
:203887001761D8B12316655C0375F647FBF8FF1561F861490061D30AA802040004B802615C
:2038A700D8A331DCA802313E03085C8008B8085347EF6EF1FC4D5700316C31AE035C033219
:2038C7000A00CEFB02446400DE03F6EF11320A00CEFB010418FC313E5C1F085CFC08B8085D
:2038E700533FEF3D300300EEE3FDFC7954006168DF05300640EF03300240B808533CEF2153
:20390700300648EFF5533AF1EF18534DF1EF13FC7954006168DF03F6EF03300300B8085384
:2039270039E1718CE6C1300200C1DE0AAEF8040C00145008EF0534A2F9500963320002FC16
:20394700822500100ED74058F918DF0A7100C0F98F5AF99FC1F9FC462600F5B8F97108BC8A
:20396700F9FCBF3D0091DF0BFCBF4C009161F8FCBA3D00D7F5BAF9F5BBF9D78FBAF90C7F24
:20398700D1DD0D91D1DD0D0CFCD1DD1B4C7ADF1AFE2E00D78F58F94C06DD084C08DD044CEE
:2039A70018DF07FE7600D7FE5000D740BAF98661F8FC592600F5BAF97118BCF97128C8F905
:2039C700D7D558F9DD05CFBAF981D7F55AF930B803FC792500300A00C18FDAF9318EC1E994
:2039E700D9F9D9D8F98FDBF934DCF9F2FC8225001004CFBAF982FE5200D7300A00C18FDAA0
:203A0700F9318EC1E9D9F9D9D8F98FDBF934DCF9F2FC8225001004CFBAF982D78F58F94CA5
:203A270006DF06CFBAF986EF194C18DF0EFC4626007110C0F9FCB13D00EF04FC462600F557
:203A4700BAF97118BCF97128C8F9D77118C0F9D7C7F5BCF9F5BDF9F5BEF9F5BFF9F5C0F901
:203A6700F5C1F9F1EF2388005004D61604782014AA0212A90361F8DE0D17047820148A0214
:203A87009EFCA91661FA8800819800318E440800DCD4C0D7C78FBDF973D1DD4EF1EF3F8856
:203AA70000318E04702016635DD1DD2F88005004D61604D82014AA0212A90361F8DE0D175C
:203AC70004D820148A029EFCA91661FA8800730970207CFF5FBDF9739FBDF9880081980002
:203AE700318E440800DCB8EE8000D5BEF9DD26F173EF1B63318E047020168FBEF9705DD105
:203B0700DD0A0970207CFF61589FBEF98363318E440800DCDED5BCF9DD50F1EF4488013154
:203B27008E047020168FBCF998005DD1DD3088015004D61604B82014AA0212A90361F8DED5
:203B47000F1704B820148A029EFCA91661FAEF0EC2C3FBF8FF0970207CFF5D9FBCF9880146
:203B6700819801318E440800DCB3C0D7F612EF02A3137C80440880DCF7F1D7E1D7300220D7
:203B8700D7C3C1C5FE2500FC1F4000A804BFC6F9A802BFC4F971409FFA880031330771681A
:203BA700C2F91006D77160C2F91006D751F05FC2F99FC2F9D7FC3D5000FE0600FC2C3F005D
:203BC700F1D72004D9CCF98FC2F9735C0F9161F8EE0E019161F8EE73019161F8EE0201918D
:203BE70061F8EE92018FBEFB77316303EEB8018FC7FB705CC04C40DF59AF54FEB800AF5688
:203C0700FE14B802880172317503EE9A0115445B0461E8EE910162314A5C074C0661E8EE5A
:203C2700850140CEF9FFDD2188004C01DF0B7140CCF963718A5CF1EF0D4C02DF0C7160CC41
:203C4700F9636C035CF39FC2F96771EB9FBEFBEE55014C8061E8EE4E0160311A5C1F4C0ABC
:203C670061E8EE4201AFACFA4401FFDF19AFAEFA445B04DF1140CEF9FFDD5F7150CCF9631D
:203C8700719A5CF2EF5163316309300010FCB95100EF478FADFA700C7FDD1391DD150CFE5A
:203CA700DD380CFE4C02DC3260FE0D02EF1BFE4D01EF1640CEF9FFDD0C410011AFFA00448C
:203CC70009C1F161E8E1FEB801300032FCB9510051046FC2F95CF49FC2F97168BEFBEEC66A
:203CE7000060317303EEBF0040CEF9FFDD58EBC0FB302450B9EBC0FB305B04BA02EBC0FB34
:203D0700AFD6F9BA04510F5FC2F973EBC0FB8FDFF9318EBA0693DF20D9E0F9EBC0FB8FE18D
:203D2700F9BA08D9E2F9EBC0FB8FE3F9BA0AAFC2FB086C0C5C0CEF08AFC2FB086C085C08A1
:203D4700085CFEFED4017178CCF9EF5336CCF931D35540CEF9FFDD47EBC0FB302350B9EBCC
:203D6700C0FB305B04BA02AFC2FB086C045C04085CFEFEA501EF28FC3C54004C08DD2040B8
:203D8700ADFA02DF1AD5AEFADF157170BDFB34FC008971AA99FE2400343E06A96C0AB95140
:203DA700F05FC2F99FC2F91004D77140C2F97128C8F9D77150C2F9D78FCFF9D7346C06F6F3
:203DC700B98F0A21318EBA04410011AFFA00F05C0F16510F5F0B21318E128FF820318E312D
:203DE700CD0703BA1040C6FE02DF0A343E06A9086C2008B9D7343E06A9085CDFEFF4AFAA3F
:203E0700FA6C0B5C0BFE0A01E5ACFAE5ADFAF5AEFAAF002112609FAFFA13318E609FB0FA01
:203E2700AF022112609FB1FA13318E609FB2FA8F0B219FB3FAAF8E06609FB4FA410011AF78
:203E4700FA00609FB5FA11AFFA00318E609FB6FA8F0A219FB7FAF5B8FACFB9FA02CFBAFAD3
:203E67002011AF0A20609FBBFA11AF0A20318E609FBCFAF5BDFAE6BFBEFA300900BFC0FA64
:203E8700D773AFAAFA6C045C04FE8600E5ACFACFADFA02D3DF0EF5AEFAE5AFFA3000DCBF71
:203EA700B0FAEF0ECFAEFA82CFAFFAFEF5B0FAF5B1FAF5B2FAF5B3FAD773E5ACFACFAEFA17
:203EC700820C7DDD184C02DD2CAFAAFA6C025C02FE3F006371FB9FADFAF5B0FAD7AFAAFA4A
:203EE7006C045C04FE2B00CFADFA03FE1900F5B2FAF5B3FAD7AFAAFA6C035C03FE1300CF17
:203F0700ADFA05FE0100D7CFAFFAFFF5B0FAF5B1FAD7085C7F08BFAAFAD7BFC2FB30002F8B
:203F2700FCB95100D72004FC715100B8008FCCF971BC88009802DE208FCAF9705CC0DF188D
:203F4700604C10DD07FEFA04CFCAF910FEE000D5CAF961F87138CCF936C8F931A503EEB46D
:203F6700008FCAF90C80DD6591DD6791DD6E0CFEDD650CFCDD6B0C88DD0C0CC0DD4F91DFE8
:203F870063FEDD03EF5EAEF816318310517F5FCCF9DF09FEAC04CFCAF982EF4836C2F93115
:203FA700D31E36CCF931C30F31E30C31D536FE9104CFCAF941EF2DFE8804CFCAF988EF2476
:203FC700CFCAF9847158C2F9FE7704EF17FEC300EF12FEC101EF0DFE3A04EF08FE5902EFC8
:203FE70003FEDC028FCAF973D1DD2788025C0170634C81DF09D0DF0640CBF902DC14634C78
:2040070040DD044C80DF05F5CFF9EF09CFCFF902EF03E5CFF91004D7CFCAF940F5CCF9F56F
:20402700CDF9F5CEF9FE1A04300010BFD6F9D78FCBF94C84DD1B4C88DD29D1DF4C36C8F94E
:2040470031A3467130C8F9CFCBF984F6BFD0F9EF38FE7308DF08F5CCF9FEBCFFEF13FE57F7
:2040670008EF26FE2008DC0EF5CCF9F5CDF9F5CEF9FE4C08EF13FE5508DE0AA1BFD0F9CF4C
:20408700CBF984EF04CFCAF98040CAF98061F8FE1E08D78FCBF90C7FDD4691DD660CFE61B5
:2040A700F8EEBB000CFC61F8EED3000C88DD229161F8EE86009161E8EEDA00FEC807F17273
:2040C7007361D8EE9100624FDAF9DE72FE0908EFF57100C8F9510AFC76CF00CFCBF981D72E
:2040E70036C8F9318503EEAC00E7FEFD0761E8EEA3007110C8F9FEEA07CFCBF982510AEC1F
:2041070076CF0036C8F9319503EE8900FEB807327800DD07FEDC07DC02E7A3FECC07DF12C6
:20412700FEC007F6BFD2F9FE2603F5CEF97178CCF9D7CFCEF9FF7170CCF9D7EE1203D3DF04
:20414700168FE0F99FD6F98FDFF99FD7F9F6EF3ECFCEF9FFEEEB02FE4C07DEF4EE3F07FEAE
:204167006507DF1236CAF971F461D87138CCF9CFCAF981EECC02FE1903CFCBF988D7FE05F8
:2041870007DC05F5CEF9EFE7FE0907DEC3A1BFD2F9CFCBF984D7C7FC715100B8008FCBF946
:2041A7004C82DD454C84DD624C88DD684C02DD294C02DE7936C2F931D312AEF81631830769
:2041C700517F5FCCF9DD66FE8602EF61CFCAF9827158C2F9FE6B02EF54FEAA06DC06CFCB5B
:2041E700F984EF49FE1607EF44FEDB06327800DD07FEFF06DC02E7A3FEEF06DF30FEE306F4
:20420700CFCBF984F6BFD2F9EF23FEBA06DD0AFEA606EF19FE6F06DC05FEA406EF0FFE732C
:2042270006DE06A1BFD2F9EFB5CFCAF98040CAF98061F8FE7A06C6D78FCBF94C82DD254C46
:2042470084DD3B4C88DD524C02DD094C02DE67FEFE01EF62FE2F06DC06CFCBF984EF57FE33
:204267009B06EF52FE6006327800DD07FE8406DC02E7A3FE7406DF3EFE6806F6EF2FFE461A
:2042870006DF0DCFCAF981FEB8017158C2F9EF26FEFF01CFCBF988EF1DFEEA05DC09CFCA32
:2042A700F981FE9D01EF0FFEEA05DE06A1BFD2F9EFA7CFCAF98040CAF98061F8FEF105D798
:2042C7008FCBF94C8461F8EE85004C8861F8EE82004C2ADD5A4C02DD0A4C0261C8EE800084
:2042E700EE6D01FEA005DC3CFE9005FED9058FCCF9DF0C71FA5CAF9FCCF9CFCBF984D736F4
:20430700CCF9F131C30CF173098C21FE6505DFF7EF0973098821FE5A05DFF77120C8F9CF17
:20432700CBF92AD7FE7F0561D8EE7205EEAB04FE5405DC18F17273624FDAF9DE05FE9805D1
:20434700EFF5D3DF0751806FCCF9EFA9EE8B04FE6605D7FE4F0140CAF98061F8CFCEF9FFA0
:20436700D78FCBF90C7C61F8EE83000CFC61F8EE8B000C884C0261D8EE88000CFEDD150C47
:20438700FEDD2F0CFCDD340CE4DD1C4C04DF77FE7402EF72FEEF04DC09FEDF04CFCBF92421
:2043A700EF64FECD00EF5F36CCF931D559FE1201EF54FEAE00CFCBF908EF4BFEC804DC13A2
:2043C700AFAEFA42D2F9DF05FE7904EF39CFCBF984EF33FEF804DE10A1BFD0F9CFCBF9040A
:2043E700510AFC76CF00EF1ECFCAF980EF18FED604DF05FECA04EF0EFEBD04EF097158CC23
:20440700F9EFF0FE4A0040CAF980DF07FEA1047158CCF9D78FCBF94C84DD074C88DD16D165
:20442700DF16FEA204DF09FE96047158C2F9EF08FE8504EF03FE6D0040CAF98061F8FE6FB4
:2044470004D7F5CBF9F6BFD0F9BFD2F9BFD4F9D7F173098421FE1B04DFF77120C8F9CFCB65
:20446700F902D7F173099021FE0804DFF77120C8F9D7FE310461D8EE2404CFCAF980D7F1E0
:204487007309942118D8F983634C08DFF37120C8F9D7F173099C2118D8F983634C08DFF3A7
:2044A7007120C8F9D7FEDE03DC05F5CAF9EF93FEE203DE09A1BFD2F9CFCBF984D7CFCAF95D
:2044C70080D720048FACFA0C5FDD1791DD6E9161F8EE8E0091F161F8EEBF00F1980072EE13
:2044E700DA00F17309A421FE8903DFF7AFD2F96168DF21AFAEFABFDEF9040600BFDCF93447
:204507000E0032E0F930B4FAFC4AD0005241C8001CEEA8008FB1FA9800318EA1442100DC07
:204527000651209800EF08F5D9F988009FDAF9318E1432DCF9FE5403F2EE8000F17309A809
:2045470021FE2F03DFF7302500BFDCF98FADFA9FDEF9341D0032DFF9FE31035242C8001D92
:20456700EF5AF17309AC21FE0903DFF78FB1FA318E12040800BFDCF98FADFA9FDEF9AFD2F9
:20458700F96168302C0061E830D300609FDFF913BFE0F95243F19800EF227309B021FED2DC
:2045A70002DFF78FB1FA318E040400BFDCF9341E0032DEF9FED502524AC8001E8800318E8E
:2045C700BFD4F91402D2F9B802BFD2F9F3D9DAF9609800636148DE05FE8D02EFF0FE7B02B6
:2045E700DF196070880073F1612818DCF9A0DAF9A515BFD4F9A802A1BFD2F9CFCBF92871D0
:2046070020C8F91004D72006FE7B02FBF8FF61D8EEBE018FACFA0C5FDD249161F8EECB000A
:204627009161F8EEF4009161E8EE9C01FE1E0261E8EE5701FE4402CFCBF904EE8A01F173DD
:2046470009A421FE2D02DFF78FB0FA5080D6128FB1FA318EBB330314AFAEFA45DF1EA14217
:20466700D2F9DDD0EBD4F915B80213A125442100DE26F5D9F9AB61290260EF1EAFD4F9B853
:204687000243DF0BFEBD01F19BF6BFD4F9EF50AB612902442100DCE151209BD1DDEB318E1E
:2046A700B80414A80204B4FA32DCF9FC28D00088009FDAF9F17372FBF8FF634DDD05FEA7D3
:2046C70001EFF4FE9501DF0E6075A80412F1612D48DCF96159008B318EFE23019FDAF98B1C
:2046E700318E02D2F9BFD2F9EED8008FB1FA318E14A112AFD4F9164361F8EE37FFF5D9F9FE
:204707001527609800D161F8EEB800FE1D01734D61C8EEA100FE0501EFF4FE3001DF1F8F57
:20472700B0FA5080D60342AEFA61F8EE06FFA2D2F9F6BFD4F9BFD0F9FE0901EE8A00B1142D
:204747001325442100DC1051209800FEDD00734DDD21FEC800EFF7F5D9F91327609800D1B1
:20476700DFE9F12FD0F99FDCF917A1BFD4F9E5DAF9EF12D5D9F9DF05FE8C00EF05A802FE5F
:204787007D009FDAF97120C8F9EF38B1141325442100DC0651209800EF0BF5D9F913276002
:2047A7009800D1DD1EFE8300734DDD05FE6E00EFF7D5D9F9DF05FE4E00EF05A802FE3F0067
:2047C7009FDAF98800D1DF031006D77120C8F9EFF7FE1C00CFCAF980EFEEFE1300CFCEF950
:2047E700FFCFCAF98051806FCCF95CAF9FCCF9D78FC6F99EFCFBC4F961FA7148C2F9D7020E
:20480700D4F9BFD4F98BD7A80612F12FD0F948DCF9A80602D4F9A1BFD4F98B81D709DCF9A5
:20482700318E02D0F9BFD0F96381D7318EB806141704B4FA32DCF9FC28D000FBF8FFA7A70F
:20484700A7A7F1D77158CCF9CFCBF924D78FB1FA318E12A114AFD4F91645D762318E02D0BE
:20486700F9BFD0F9D5D9F9D7318E04DCF916620D7283D718D8F983634C04D7F6BFD2F9BF14
:20488700D4F9BFD0F9D736C2F971C4D730B4FAFC28D000D7FE59FFAFD2F9440400D7A1BFF0
:2048A700D2F9E5CBF9D7FE47FFAFD2F9440900D7FE8FFBCFCEF9FFD7FEC4FBCFCBF988D721
:2048C700F5CAF9FE7CFBD7AFD6F9440010D7FE1FFFAFD0F944FF0FD7318E04DCF916630D49
:2048E7007382D7510AFC9FCF00D7510AFCD7CF004C02D704FFEF44FF0F320A00D7FEF0FEE4
:20490700CFCBF982510AFC76CF00D7300131D7F6BFFCF9BFFEF97118FFF9CF00FAFF5120B5
:204927006FFFF95C239FFFF9D7C51617FC883B0071309FFAFED8FF8800718C61D87140FEEF
:20494700F9719C61D87150FEF9312302C6D77160FEF9EFF8C7FCBC3B009800FE1900FC88CA
:204967005900D5D8FBDF0D510F5FFEF9DF0688005C07C6D7F1C6D7C736DAFB31B503EECD1C
:20498700028F9FFA705C074C03DD074C07DD0391DF238FFFF9735CF84C80DF11635C0773D7
:2049A700603159312A616B9FFFF9FEF10251F85F9FFA9F9FFA8FFEF9705C0F0CFE61F8EE2C
:2049C70019019161F8EE9F019161F8EEC1010CFA61F8EE4A029161F8EE630236DAFB71B49E
:2049E70061C8E501FA8FFFF973311503EE920036BEFB31E303EE56028FC7FB725CC0734CFA
:204A07008061E8EE480262311A5C1F724C08DF50FC715100B800AEF81631930A8FFEF97378
:204A270031530A3195518FFEF97331654A36DAFB31B320CFD4FB08AFC6FB5C01A1BFD6FB3E
:204A4700CFDAFB04636C0A5CFA9FFEF9CF01FA02EEC601FCBC6600FEB902FEA702EEB6013E
:204A6700634C8061E8EEE601624C0961E8EEDE0160314503EED701300010FCB95100EE98AA
:204A87000131B503EEC701AFFEF95C01085C80086168DD4040CEF9FFDF0A6371CA5C179FFB
:204AA700FFF9EF3040DDFBFFDF0A6371BA5C0F9FFFF9EF2036FEF931C51A6371FA5C879FAC
:204AC700FFF97100DAFB51026FFEF95CF29FFEF9CF01FA037118FFF9EE73018FDAFB3103AC
:204AE7002440DDFBFFDF09FE3D02FEB101EE560151075FFFF940DBFB02DF069FFFF9EE45E4
:204B0700016C30EFF6317303EE430171FB9FDAFBFE0002AFFEF9317DF05CC0440080DF143C
:204B2700E05148FCB951003004035FDCFBD612795A22EF264400C05002DDE6300048FCB94A
:204B470051008F4FFE314A5C015002D6123004035FDCFBD6045A220314A9BFFCF951036F15
:204B6700FEF95CF3EEE400FC3C54004C0861F8EEDC00FC3C5400D1DF10510AFC76CF0051DA
:204B8700046FFEF95CF4EEC200FE1201EEBF0036BEFB31E339DBFCF9510AFCD7CF004C028F
:204BA70061E8EEA9005103FCD0660051286FFFF95C2F9FFFF9FEE6004096FA4F61E8EE8DBF
:204BC7000051056F9FFA719B9F9FFAEE8000510AFC9FCF008FC7FB705CC04C80DF3B6031A5
:204BE7001A5C1F4C09DF3236DAFB31B32CE1FCD0660040ADFA7FDF065102FCD06600CFD412
:204C0700FB09AFC6FB5C01A1BFD6FB7120DAFB51026FFEF95CF29FFEF97168BEFBEF2F36A2
:204C2700DAFB31F52940DDFBFFDF07FCBC6600FEF500FEDE007178DAFBFEC800EF0DFC3CA7
:204C470054004C08DD0851F05FFEF99FFEF9C6D72004980051106FFFF95C179FFFF98800E0
:204C67004C02DE37FC715100B802AEF8A1A1163185294001FA01DF23FC195A008800318E81
:204C8700A1317D5C01085C800812AFFEF95CFE085C7F0803BFFEF97110FFF91004D7510A00
:204CA700FC9FCF007130DAFB7118FFF951F05FFEF99FFEF9F501FAD78F01FAD78FFFF97040
:204CC7005CF84C80DF035104D760313AD751F85FFFF9DF04AFDEFBD7F6D751F85FFFF9DFCF
:204CE70004AFE0FBD7F6D751F85FFFF9DF07DBE4FBAFE2FBD7F7F6D79F00FA60718C36FFE9
:204D0700F971A1D7300049FCB95100510B6FFEF971ABD7F6B102D6FB12317CAFAAFA319D1C
:204D2700319E03BFAAFAD751086FFFF95C0F9FFFF9D7708FBBFB735C30E1DF1B6091DF1058
:204D47008F620031150A6371AA71BB9FBBFBF1D7604C02DD035102D78F62003125F763717A
:204D6700BA71ABEFE673D1DF04AFB0FBD74C03DF04AFB2FBD74C04DF04AFB4FBD78FBBFB17
:204D8700312A5C0370636140DF04F6B1EF124C01DF04AFB6FBD74C0230FEFF61F8AFB8FBB6
:204DA700D7F61432060030B0FBFC80D000710BE7CE3181717AFA3630FF32160071820071D3
:204DC700F261ED61ED710AE7AD1E316E14F6163000A8CEFB0B00BFB0FB717BFAFE2E0151D8
:204DE700CF5FBBFB9FBBFBD78FBBFB7071FB739FBBFB314A5C0391DD689161F8EE8F00603C
:204E07005C4070DD128E3031030A636C9071DB9FBBFBEF39D0DF1FAFBCFB6168DF1836BE84
:204E2700FB318312AFB2FB442103DE0A8E30310505FED900EF178E30310512FE9E00BFB413
:204E4700FB311E12AFB2FB311E03BFB2FB8FBBFB705C0CDD5DFEB50051906FBBFB71DBEF8A
:204E67004D605C0CDF08CE3108605C4FEF0E63312A71BA5C0B9E316371DA5C6F9FBBFB36FD
:204E870030FF518071820071F26FBBFBEF2063312A5C0391DF08FE3300BFB6FBEF06FE2B2D
:204EA70000BFB8FBFE660051906FBBFB5CD3709FBBFB60317503F1EF1271EC5103DC0CAFD8
:204EC700B2FB44210330070361D860D7DBB0FBAD1E316ECEFB01316C31AE03D7C7AD1E3139
:204EE7006E12AFB0FBCEFB01C3C4327300CEFB0116C0C315327300CEFB0212A800330312F1
:204F07001736000034003CCEFB0B00C6D73630FF71F37183D7C3774C16C5C2DE0E675004FE
:204F2700D60400F91413BA02A800B9C6D75004D6120400F914AA026168A961F8616861F8D0
:204F4700D7130400F914AA02609EFCA91661FAD7F1735004D60400F914F6BA02B983634C7C
:204F670016DFEED7301C12D7C1FC574F00F177318E120431001413CA00000441001467CAEF
:204F870000FF81774C08DFE7CE38FFCE39FF51FC6FE4FF9EE4710AE5714AD4710A223662A9
:204FA7000071828801D1DD05711A22719288004C0ADD05712A2271A23630FF719371A3718D
:204FC700B371C271D371E3710A24FE7004FCD2CE00FCF1C200FCA84D00FC22BD00FC2C6993
:204FE70000FCFB7800FC4A9A00FCE568008F12215080D6128F0D21318E31FD168F112131E6
:205007008E31BDB8008F1321318E31AD148F0E21318E31ED616F08616E08FBF8FF6E01082E
:205027006D616C08616D616B08616A08FE23088F0C21C6EE3908CFD5FE07FCEF4D00FE6C8D
:2050470008FC27BD00FE6508FCB5C300FE5E08FC376A00FE5708FC177900FE5008FC7E9A2E
:2050670000FE4908FCA1BE00FE4208363EFE718436D0FE7191FC446E007051B35FD0FE7308
:2050870060718C6371A9363EFE71A471B940C6FE0261F871EA71FB40C7FE0261F871FA9FEE
:2050A700D0FE8FD5FE7391DF0BAFB00160310304F5D5FEF3CEABAC63D7E53AFE343E06A97B
:2050C7006C01B9D734F005A95CFBB95104FC76CF0061ED5104FC9FCF00FC54CF00FCF1C279
:2050E70000363FFE718461C8CF3AFE05717040FED7FEA607DD1934A405A95CFC085CFC082F
:20510700B9AA4C6C04BA4C13086C015CE3081213BF8605EC54CF00FE8007DD0613086C0126
:205127000812AF04FAF05CC0440040DF0AAF04FAF05C026168DD0613085CFE081234860533
:20514700AA1E5CFC085CFC08BA1EAA6A6C04BA6A13085CE308B9EC54CF00AFF005F05C0422
:20516700616861E8FE5DFFEEFD02C7AFD0FEB800C6D78FD5FE4C03DF15D53BFE30FA00DF7A
:205187003051805FC9FE323C00E661E813D74C07F6DF1E36C9FE30190031F31531E30F5121
:2051A700085FC8FE32320030110161E813D7301101D7C1C77398008FD3FE70312A5C0F4C54
:2051C70008DF031004D7605CFC98019FD3FE630C7F7088004C8C61F8EE54014C8E61F8EEB7
:2051E7004D014C8361F8EE4601604C0261D8EE3E0188004C2FDF094096FA1D61F8EE2F019A
:205207004C6261F8EEBE014C60DF21368BFA319303EEDD0136D1FE31E303EED40151F05F5A
:2052270086FA4C5061E8EE2101EEC5018F3BFE70D161F8EED50136D1FE318503EECC018817
:20524700004C21DF1E604C2161E8EEBE01FC02B700D161E8EE9A014096FA3761F8EE9101E2
:20526700EEA8010CFD4C02DC0688004C0CDF0F36CBFE31F5094086FA1161F8EE7301880047
:205287004C22DF0F36CDFE31F5094086FA2161F8EE32014C10DF158F96FA730CB34C0261D0
:2052A700D8EE4D01634C4161F8EE450188004C04DF094096FA4D61F8EE0A014C2FDF094084
:2052C70096FA4D61F8EE33014C25DF174096FA4361E8EE3601AF48FE44840061F8EE110171
:2052E700EE28014C45DF174096FA4361E8EE1B01AF48FE44830061F8EEF600EE0D014C481A
:20530700DF0C369FFA31B303EE0001EEED004C49DF224096FA4E61E8EEF000AF48FE44887F
:205327000061E8EEE500369FFA31B303EEDC008800EEC7004C53DF0C369FFA31C303EECA85
:2053470000EEB7003689FA31D307CFD2FEFFEEBA004C02DF0B604C2161F8EE9400EEAB001E
:205367000CF94C0261D8EE880088004C09DF0936C9FE31D350EE93004C0ADF0936C9FE3121
:20538700E343EE86004C0BDF0836C9FE318336EF7A4C0DDD664C22DD354C2FDD5E4C61DF80
:2053A7000FFC446E0091DF63363EFE319343EF5B40C6FE01DD554C11DF07604C11DF1FEF6F
:2053C700304C12DF059FD2FEEF414C14DF07604C11DD1EEF364C16DF0D604C21DD1336C988
:2053E700FE31E30DEF250CBD4C02DE098802D1DF1A8800EFD088004C46DF109FD2FE8801D9
:205407007088025C036160609FD3FE8FD2FE7081DF0CF5D2FE51106FD3FE5CD3EF0C51C3BC
:205427005FD3FE73D0DF096371BA9FD3FEEE93FD6371DAEFF58FD3FE312A5C0FD734FC00CF
:20544700896C0399DB3C04FBA00513086C075CE708BF3C04176C915C91BFA005301E1EBF91
:205467009C05895CFC99D7F5D5FEEC1FCF00AFD8FED7AFDAFED78F44FED7C171FB318EBF84
:20548700C8FE51F05FC9FE7088005C0F6168709FC9FE880071FC8FC8FE7271F9739FC8FED8
:2054A7006231250D63313304603135056071FAEF036071FB7370639FC9FE51305FC8FE4C63
:2054C700306071DB70DF0371DA709FC9FE510C5FC8FE4C0CDD0B36C8FE31E3056071EBEFF4
:2054E700036071EA739FC9FEAF3E06F05C016168DD748F3BFE75D1DF0D363FFE318307F696
:20550700BF8005BF8E05AF04FA5C01BF04FA63313508AF04FA6C02BF04FA63311508AF041A
:20552700FA6C08BF04FA63312508AF04FA6C04BF04FAAFC8FE31CD12AF04FA616B08616ACD
:2055470008BF04FAAF04FABF960565D1E061F8F08F3FFE310310D0DF0DAF04FAF05CFE61F5
:205567006861E8E53AFEC6D7C5FE2003AFCAFEF05CFC03BFCAFE880631595C60708801714C
:205587008C6071F970880031295C1C7351035FCBFE616B6160609FCBFEFC35AF00403BFE47
:2055A70021DF0836D1FE318302C6D7C6ECDFCD00C5FED802AFCCFEF05CFC03BFCCFE8800B4
:2055C70031295C1C708801718C6071F97051635FCDFE7360616B9FCDFEC6EC13AC00C3C7E0
:2055E700C1FBF8FF758FCFFE9804311A5C0198018FCEFE73617D5C03D1AFCEFEB802DD084D
:2056070051FC5F89FA9F89FA63312A7D5C03DD08513F5F89FA9F89FA655C0370635CF073C9
:205627008B31295C0C6168616B9FCEFE51E05FCFFE7062718C60718970625C1E61689FCF0D
:20564700FE88059FD7FEFCBBB000FBF8FF8FCFFE735C0270DF178801D1DF28637E043133AE
:205667002236CFFE31B503314319D0DD218801D1DD11A8027FCFFE087FCEFE08F05C05616F
:2056870068DD0B36D0FE718461D8715092FA1006D7758FD4FE313A775C03614BDD126761CD
:2056A7005B5C03DD0B36D0FE718461D8714092FA511F5FCFFE7765718C6771D9756031792D
:2056C7007062718C6071E9616D9FCFFE3138635C187051E75FD4FE61689FD4FE649FDCFED0
:2056E700AFCEFEF05CE0616861F8D75105FC9FCF007178D1FED7C1758FD4FE746101706572
:2057070061706071BC61D8714092FA65311A5C0770645CF861689FD4FE88009FD6FE13BF6C
:20572700A8FAC6D71251BF5FCEFE75623105046571EA7513F05C8061686571FBDF049FCEC7
:20574700FED771FAEFF8D1DF07DB08FAAF06FAD791DF07DB10FAAF0EFAD7F7F6D7C77360B9
:205767004C02DE3ED3DD3B93639800624C01DF1A60318E120482FA1688004DDE25FEFC00FE
:20578700040C0014AA0212A9C6D7D1DF1560318E120484FA1688004DDE08FEDF000444006C
:2057A700EFE1F7F6C6D7734C0260DE0F4C01DF040982FAD7D1DF040984FAD7F1D7700CF99F
:2057C7004C03DC02E1D760FC76CF00F1D7700CF94C03DC02E1D760FC9FCF00F1D7700CF913
:2057E7004C03DC035103D760ECD7CF00D1DF1F3689FA31C51331D5104096FA41DF0A7158ED
:2058070089FA5105FC76CF00714889FAF1D73689FA31D302E1D7714089FAF1D78F89FA31AD
:205827004A5C01D7D991FA6140DD07D161E8711092FA6160609F91FAD751C05F0DFA4CC02E
:20584700E161E8F1D75C3C36DDFE719471999FDDFED7C1FE210075A800085C8008126531B5
:205867008E03BF94FAC6D7AF94FA085C8008D7718C3694FA7181D7E15F94FAD75004D61439
:2058870013321C00CEFB020406FA05D736000034FA00CEFB0B005C0312D7348005AA0612FA
:2058A700F6B9BA0EAF04FAF05C406168D75FD5FE9FD5FED7C7AFC8FB1632E902CEFB0214CB
:2058C700AFCAFB32DD0ECEFB02B8001732DD0ECEFB0116A80005031217040100141361D85B
:2058E700A1BFCAFB15BFC8FBC6D72010F19800FEE20FB802FEDD0FB80EFED80FB80CFED3BC
:205907000FB80AFECE0FB808FEC90FB806FEC40FB804FE9FFFAFC8FBA802318E605C01734C
:20592700A80E312E6071EC6371E973A80C316E6071AC6371A973A80A314E6071CC6371C933
:2059470073A808315E6071BC6371B973A806313E6071DC6371D973AFCAFB311E605C8072A6
:20596700A804317E605C02708800618B6168616A18CCFB836398004C0861E8EE71FF101017
:20598700D7FE30FF36DAFB31B5388FD8FB317332D1DF0CFCBF3D0091DF057138DAFBD736E7
:2059A700CCF931B31D40D8FB10DF0CFCBF3D0091DF10FE5D00EF0BFED405CFD8FB10CFCC1B
:2059C700F90836C8F931A3498FD8FB0C80DD380C80DD1191DD2991DD280CFEDD274C04DFC4
:2059E70030EE320436DAFB31A30D318524FE9E05F5DBFBE5D8FBD7FE9405CFD8FB08D7EF84
:205A07003FEE1C01EE2B02FE0800CFCAF980F5D8FBD7F5D8FBF5DAFBF5DBFBF5DDFBF6BF84
:205A2700DEFBBFE0FBBFE2FBBFE4FBF5DCFBFE5D05410011DB0A20F6BFCAFB13BFC8FBD749
:205A47008FD9FB0C7C61F8EEBA000CFC61F8EEC2000C884C02DC220CFEDD240CF2DD4591A6
:205A6700DD470CEDDD344C0461E8EEA900FE280DDC2DCFD9FB10EE9D00FE2005EE9700FEA1
:205A8700160DDC11F5D5FBFEB20CD5D5FBDF06F6BFE8FBEF51FE2B07EF7CFE2405EF77FEE6
:205AA7003807EF72FE150EEF6DFEEC0CDC3EF17273FEF50DDFFBD3DF28FEE50DDF09FECD85
:205AC70004CFD8FB02EF4FE602E8FBBFE8FB440400DC137108DAFBF6BFE8FBCFD8FB84EF3A
:205AE70035FE380DDE18CFD9FB24EF2AFEE90CDE0DF6BFEAFB510AFC76CF00EE74FFCFD835
:205B0700FB80EF12FE5B0DDF05FE4F0DEF08FE410DEF03FEF10940D8FB8061F8FE680DD7FB
:205B27008FD9FB0C7C61F8EEEC000CFC61F8EEF4000C88DD300CF0DD6D91DD6F0CF9DD4116
:205B47000CF8DD5C91DD2E91DD310CF2DD1791DD1E0CEF61F8EEB9004C0E61E8EEC900FEF5
:205B67000605EEC300FE4704CFD9FB31EEB900FE7108EEB300FE3704EEAD00FE1008EEA707
:205B8700008FDAFB70312303EE9D0040ADFA7FDF09FE310DFED50BEE8E00FE6406EE880086
:205BA700FE2A07EE8200FE130DEF7DFEEA0BDC50F17273FEF30CDFFBD3DF36FEE30CDF1D18
:205BC700F6BFE8FBBFE6FB7128DAFB40E1F902DF06CFD9FB42EF51CFD9FB21EF4BAFE8FB62
:205BE700440400DC11FEAF0CBFE8FBCFD8FB84EF37FEE40BDE15A1BFE8FBCFD9FB18EF28CD
:205C0700FE660CDE06A1FE0B0CEF1DCFD8FB80EF17FE3004EF12FE490CDF05FE3D0CEF0897
:205C2700FE2F0CEF03FEDF0840D8FB8061F8FE560CD78FD9FB0C7C61F8EEBE010CFC61F8D8
:205C4700EEC6010C88DD750CFC61F8EE85000CFC61F8EE89000CF861F8EE28019161F8EEAA
:205C670028010CF961F8EEE9000CF861F8EE0E019161F8EED0009161F8EED0000CF061F8C0
:205C8700EEB3009161F8EEB7000CF3DD2F91DD320CF961F8EE4A010CF761F8EE4801916106
:205CA700F8EE47019161F8EE46019161F8EE45019161E8EE5601FE4B09EE5001FE4D03EE86
:205CC7004A01FED30ADE68FE520BDC4CCFD8FB80EE3901FC6A4400CFD9FB08EE2E01FEB75D
:205CE7000ADC3CF17273FEC00BDFFBD3DFD9FEB00BDF0AFE9802CFD9FB32EE0F01E602E89A
:205D0700FBBFE8FB440400DC0FF6BFE8FB7108DAFBCFD8FB88EEF400CFD9FB40EEED00FC00
:205D2700F74700E602E6FBBFE6FB44FF0FDE9DCFD9FB04EED600FE7602CFD9FB33EECC0077
:205D4700FE3207EEC600FE6602EEC000FE3F06EEBA008FDAFB70312303EEB0008FADFA4C07
:205D67007FDF09FE5F0BFE030AEEA0004C03DF08FEEF0A61F8FEFC0AFE8604EE8E00FE4CDC
:205D870005EE8800FE350BEE8200FE0B0ADC44F17273FE140BDFFBD3DF27FE040BDF0EF60A
:205DA700BFE8FB7128DAFBCFD9FB48EF5FAFE8FB440400DC14FEDF0ABFE8FBCFD8FB88EF27
:205DC7004BFE140A61C8EE03FFA1BFE8FBCFD9FB18EF39FE930A61C8EEF1FEA1FE350AEFA8
:205DE7002BFE7202EF26FE2F03EF21FE3507EF1CFE4207EF17FEFA07EF12FE650ADF05FEC9
:205E0700590AEF08FE4B0AEF03FEFB0640D8FB8061F8FE720AD78FD9FB0C7C61F8EE31013C
:205E27000CFC61F8EE39010C88DD370CF0DD769161F8EEB3000CF9DD290CF8DD6291DD652F
:205E47009161E8EE1D01FE4F0961D8EE8B00FE4109DF58FE320940DEF921DF52CFD9FB1178
:205E6700EF4C8FADFA730C7F4C03DC1AF173092B2218ACFA83634C04DFF3300500BFD6FB22
:205E8700FED809EEA700AFB2FA02B0FAF661D8A16168DD05634C82DDD3FE6503EEC400FE0E
:205EA7002B04EEBE00FE0701EEB800FE5108FEC40861E8EE8300D5D5FB61E8EE8D0040AD23
:205EC700FA03DF08FE9B0961F8FEA80930FCFF02D6FBEF53FE8208EF69FE8D09DE6DA1BFCE
:205EE700E6FBCFD9FB21EF7BFEAD08DC5AFE0F08FE8208DF44D5D5FBDF518FDFF99FDDFB30
:205F070040D4FBEFF3DF10F383634C0373092A2218ABFADFF3EF0D83634C03730924221810
:205F2700ABFADFF3300500BFD6FBFE3F0851806FDAFB71AB9FDAFBEF2AFE2308DE96F5D9B0
:205F4700F960FE0C08EF1CFCF74700CFD8FB80EF12FE0E09DF05FE0209EF08FEF408EF0382
:205F6700FEA40540D8FB80DF1FF383634C047309242218ACFADFF3300500BFD6FBFE0E0096
:205F8700CFDDFBFF7170DAFBD7D7D7D7D7D7F5D9FBF6BFE6FBBFE8FBBFEAFBD7F1730900AB
:205FA70022FE0308DFF77120C8F9CFD9FB02D7F173090C22FEF007DFF7FEE207CFD9FB22F9
:205FC700D7FE26F9F17309142218D8F983634C07DFF38F00FA9FDEF98FFFF931595C809FA4
:205FE700DFF9F5E0F9F17309CCFB18E1F983634C08DFF3F17372FE4A084C0EDFF9F1612AEE
:206007009FE9F97120C8F9CFD9FB28D7FEDBF8F173091C2218D8F983634C06DFF3F1730928
:20602700CCFB18DEF983634C08DFF3F17372FE12084C0BDFF9F1612A9FE6F97120C8F9CF5F
:20604700D9FB41D7F173090C22FE5B07DFF7CFD9FB50FE4907D7F173090C22FE4907DFF7A5
:20606700CFD9FB51FE3707D7C7FE2C0761D8EEA300FE1E07DF05FE0F07EF03FE8106FEF4CC
:2060870006DF7ED5D5FB61E8EE8900F19800318E12044222161304B1FAFE66074C07DFEE0C
:2060A700F19800FE9107FE59074C02DFF6F19800FE7807FE4C074C05DFF6FED1FE40B1FA04
:2060C700D5DF2D40B2FAAADF2740B3FAA7DF2140B4FAE5DF1B40B5FAB2DF1540B6FAD3DFA4
:2060E7000F40B7FA30DF09E5DBFBCFD8FB04EF0B7108DAFBF5DBFBCFD9FB84F6BFE8FBC688
:20610700D7FE5B06DE06F5D9F960EF03FE4A06FE3F06C6D7C6EECF00C7FE7C0661D8EE9F87
:2061270000FE6E06DF05FE5F06EF03FED105FE4406DF7AD5D5FB61E8EE8500F19800318E8F
:2061470012045222161304B1FAFEB6064C07DFEEF19800FEE106FEA9064C02DFF6F1980035
:20616700FEC806FE9C064C05DFF6FE21FE40B1FAD2DF2E40B2FA8ADF2840B3FA4BDF2240A9
:20618700B4FAAEDF1C40B5FA81DF1640B6FA05DF1040B7FA3CDF0AF6BFE8FBCFD9FB52C6EF
:2061A700D7FEEAFD7108DAFBFEC105C6D7FEAF05DE06F5D9F960EF03FE9E05FE9305C6D7EA
:2061C700C6EF31FCF74700AFE8FB440900DE08A1BFE8FBE5D9FBD7EE8D05FE3F06DE05CF8B
:2061E700D9FB24D7EE8005FE3206DE05CFD9FB42D7EE7305FE2506DE05CFD9FB48D7EE66F9
:2062070005C736ACFAF6148FD4FB9800AFC6FB5C01121543DE0E88000D98009FD5FB15A15A
:2062270014A7EFE888000C11739FD5FB300400B80002D6FB318E60610B9FD5FB0FD6FB0C99
:206247000470F161289FD5FB36082234D8F98B99A80004FFFFB800A5A7DFF3AFD6FB12043B
:206267000400BFDCF913040300442100DE2EF5D9F9620C039FDAF98FD4FB9FDEF934DFF96A
:2062870036ACFAE6B80043DE0B8B99A800A1B800A7A5EFF28FD5FB99A313EF24E5D9F9CFB8
:2062A700DAF9208FD4FB9FDEF936DFF934ACFA321D00899B1304FFFF12A5A7DFF5301E0020
:2062C700BFEAFB7120C8F9CFD9FB20C6D72006FEC604FBF8FF61D8EE9600AFD6FB12A1B8D9
:2062E70004AFEAFBB802614904DF07F6FE25051006D7B1141325442100DE49F5D9F91361E2
:20630700290260819FDAF9F198008800318E168FDAF9318EB17C8012C0C1518043DE111797
:206327000504ACFA168800738B18DCF98363EFD8880073FBF8FF8FD5FB18DCF9A804612902
:206347000212EF1FE5D9F9CFDAF920F3634FDAF9DE0E318E0504ACFA168B18DCF983EFECDD
:20636700322000A80203BFEAFB7120C8F91006D7FCF74700E602E8FBBFE8FB440300DE0761
:20638700CFD9FB181006D7CFD8FB801006D7FE0704DC2BFEFC03DF05FEED03EF03FE5F030E
:2063A700FED203DF28D5D5FBDF18FE5F04DE0730FCFFFE3704D77108DAFBFEAF03D7FCF717
:2063C7004700AFE8FB440400DC15EE9A03FE8F03DE06F5D9F960EF03FE7E03FE7303D7FEC4
:2063E7000104D7C7FEB103DC7CFEA603DF05FE9703EF03FE0903FE7C03DF57D5D5FBDF4053
:20640700FE0904DE32F19800318E1204B7FA161304CCFBFEEC034C05DFEEF19800318E12F2
:2064270004B4FA161304D1FBFED7034C03DFEE30ECFFFEB703C6D77108DAFBFE2E03C6D72C
:20644700AFE8FB440400DE27A1BFE8FBCFD9FB30C6D7FE0A03DE06F5D9F960EF03FEF902A2
:20646700FEEE02C6D7FE7003DE05FE7603C6D7CFD8FB80C6D7C7FE1F03DC7CFE1403DF052B
:20648700FE0503EF03FE7702FEEA02DF57D5D5FBDF40FE7703DE32F19800318E1204BFFA03
:2064A700161304CCFBFE5A034C05DFEEF19800318E1204BCFA161304D1FBFE45034C03DFE7
:2064C700EE30FCFFFE2503C6D77108DAFBFE9C02C6D7AFE8FB440400DE27A1BFE8FBCFD988
:2064E700FB32C6D7FE7802DE06F5D9F960EF03FE6702FE5C02C6D7FEDE02DE05FEE402C68B
:20650700D7CFD8FB80C6D7FE8E02DC06F5D8FBEE7CFAFEC302DE09A1BFE8FBCFD9FB84D757
:20652700EE4402F173093622FE7C02DFF7FE6E02CFD9FB53D72004FE5E02DC64FE5302DFDA
:2065470005FE4402EF03FEB601FE2902DF65D5D5FBDF518FB1FAFE790098028FB2FAFE710D
:206567000098018FB3FAFE690098008FB4FAFE3E02BFE0FB8FB6FAFE580098028FB7FAFEBE
:20658700500098018FB8FAFE480098008FB9FAFE1D02BFDEFBF6BFE8FBCFD9FB541004D77B
:2065A700FCF74700AFE8FB440400DC1BCFD8FB801004D7FEA901DE06F5D9F960EF03FE9881
:2065C70001FE8D011004D7A1BFE8FBCFD9FB521004D7700CD04C0A61D8D7600CBF4C06DE0C
:2065E70004600CC9D7600C9F4C06DE04600CA9D760D7F173090422FEAD01DFF7FE9F01CFA0
:20660700D9FB55D7FE9101DC4DFE8601DF05FE7701EF03FEE900FE5C01DF4AD5D5FBDF3AC0
:20662700CFDBFB0240B0FA01DD05F61412EF1440B1FA04DFF5D9B3FA8FB2FA12D9B5FA8F13
:20664700B4FA1415BFE2FB13BFE4FBFE40F97108DAFBFE1701D7FCF74700AFE8FB44040089
:20666700DC15EE0201FEF700DE06F5D9F960EF03FEE600FEDB00D7A1BFE8FBCFD9FB54D79A
:206687008FADFA704C818FDCFB73DF065CFC9FDCFBD7604C82DF0963718A719B9FDCFBD750
:2066A700635CFC73604C83DF0763719A9FDCFBD7639FDCFBD734040032ACFA303122FC286E
:2066C700D000300500BFD6FBD7738FDCFB725C03DF0F3128635C0C70625CF361689FDCFB2B
:2066E700D74C01DF0B3148635C3070625CCFEFEB4C02DF0A3168625C3F616B9FDCFBD7D58B
:20670700D9F98FDAF973DF029173D161F8D7AFEAFB16440300DF158FDCF99FD4FB63913109
:206727008E1432ACFA30DDF9EC28D00063318E141704A8FA1230DCF9EC28D000F14FDAF9ED
:20674700DE0E7309DCF90FD5FB9FD5FB8363EFEDD79FDAF97120C8F9D7E5D9F95120D7AFC5
:20676700D6FB23442100D7CFD8FB80D7F6BFE8FBCFD9FB84D7FEC4FF8FDAF9318E02EAFB8A
:2067870012BFEAFBD5D9F9D7AFDCF9BFD6FBF5D5FBD7AFEAFB6168D736C2F971C4D7F6BF28
:2067A700EAFB7120C8F9D718D8F983634C04D7FE20FE778806318E1231CC88045010D61409
:2067C70067318E168805F0616B08616A616C08616D616F08616E08D7FCF74700AFE8FB4421
:2067E7000400D7A1BFE8FBCFD9FB21D702D6FBBFD6FBCFD9FB187170DAFBFE83FEF6BFE8E9
:20680700FBD714897D998804819804D751F80FD4FB4C02D7BFE6FBCFD9FB10D7FCF74700BC
:20682700E602E8FBBFE8FB440400D7318E1204CCFB161304B3FAD7318E1204D2FB161304A9
:20684700B1FAD7630C03318E04D8F916620D728363D7FC864400CFD9FB88D7F5D8FBFE2D3A
:20686700F7D7AFD6F9440010D7FCF74700AFE6FB44FF0FD752203014FBFC95D000522030F3
:2068870034FBFC95D000D7FE04F7CFDDFBFF51FA5FDAFB9FDAFBD751FA5FDAFB9FDAFBF638
:2068A700D78FDFF99FDDFBD1D762318E04DCF916630D739FD5FB6281724C07D7FC6A4400E9
:2068C700CFD9FB11D7510F5FAEFA9FDDFB605CFA9FDAFBD7FEDDEFAFC8FBAFCAFBD7201A86
:2068E700AEF8040600B804341400326622FC372400F6B802C8000088004C10DE1788007380
:20690700A8041661C9318E12A80203B8028800819800EFE3AEF804190016A802604DDF03C7
:20692700101AD7EFFE5400328200FEF70E5100318E14326E54510FFC1C4F00E547FE8FF8C7
:20694700209FC6FE9FC7FED734FC0089718A99300111BF0804714BE7AF38046C80BF3804A3
:20696700FE3200FE200C5104EC9FCF00343804A95C7FB9EE6C0CF6BF0804FE090CFE320CE4
:206987006168DD0300EFF6FE0B00714AE734FC0089718B99D78FF8209FC6FE9FC7FEFED056
:2069A7000EE1EF0073D3DF2560318E12312D16340C04316CAA285C7F085CF3616E08616F77
:2069C700BA28A9085C3F616A08616BB9D760318E1231EC340C04A95C3F03B9D7D134C6FE21
:2069E70061E834C7FE89D7C773AF3404B80063FEEAFF73A8005C7F085CCF0893DF09086CAB
:206A07003008BF3404C6D7086C20EFF573D38FC7FEDF13614861D304609FC7FE604FC6FE87
:206A2700DE0D9FC6FED7614861D304609FC7FED7200EAF0404B804880575314503EE6E0234
:206A4700FEA50EDF06E547FEEE6F02AF0604F05C40616861E8EE360265310303EE5B02AFFD
:206A6700000460316503EE5102AEF80404001631E503EE45024099FA0461F8EE3C02655CA2
:206A87000EAF1004B808E761F8F760980371DC629802E761C8F788035C1F7065311A5C0753
:206AA700BF48FE8802318E160450FE14A80831CE605C07980699A808F05C80616862980716
:206AC700DF2C8806D1DD1B716048FE895002D61417321C00CEFB020454FE12301404FC4A4B
:206AE700D000CF99FA0251806F4FFEEEF000717048FE341204A931FE607088005CC0736060
:206B07006163A931AE605C1E616B73A9315E6071DC6371D99800A912317CA800319D319E32
:206B270003B800AEF81631831FA80012317E441B00DC1513BFAAFAFECD0CFEBE0CDEA3AF06
:206B47003004B9A5A5A7EFF28800755C0173DD2888005C2072DD21AF48FE424AFEDF19654D
:206B67005C1E7051C05FAAFA616B616A61689FAAFA51406F4FFEEF6665FE950C311E12A8BE
:206B870000317E441B00DC05300D00EF04A1311EF11413F10104ACFA12301404FC4AD000BB
:206BA700A80014BFAAFA8800FE660C041A001215317E4361D31D40C6FE01DF05FE8E0CDDD1
:206BC7001240C7FE01DF05FE830CDF0751206F4FFEEF0BCF99FA0251806F4FFE71DB9F4FED
:206BE700FEAF48FE1204BFFF440200DC1C13444F02DF06FEC201D1DF10AF48FE440302DF5E
:206C070044AF4AFE440D02DF3C8803316A9803880291DF297140D0FEAF48FE444F02DF1DDB
:206C2700FEB101D1DD17AF80FEB80AAF82FEB80CAEF8040A001671B436D0FE71D1880370C6
:206C47008802FEC7FD8802D1DF0A510A6F4FFE9F4FFEEF1D4047FE02DF17FE410AD1DF0E0A
:206C6700364FFE31A30BFE480CF599FAEF03FE250C8802D1DF13FEC401FBF8FF4E07DF0971
:206C8700F546FECF99FA06EF2B300001EF29AF0C046031550ECF99FA0271704FFE3005006F
:206CA700BF48FE300040BF0604F6B804EF0CF546FEE599FA300051BF04048F99FA724C0108
:206CC70061F8EEBB004C0661F8EEB400880473314503EEA500AEF80404001631E515D2DFB3
:206CE700126371FC510961C851049F99FA304000EE8A008F46FE734C07DF0FFEBF0B6C10EE
:206D070008B9F599FAF546FEEF764C08DF13AF00046031630CF546FEFEA20B6C4008B9EF4C
:206D27005F624C02DF3EAF48FE440D00DF1AFECF00CF99FA02300D00BF48FEF546FECF471F
:206D4700FE0271704FFEEF38624C02DF17AF48FE444F00DF0FFED408D1DD25CF99FA08F5AF
:206D670046FEEF1C93DF19FE9600300D00BF4AFECF47FE02CF46FE06EF06305100BF0404EE
:206D87008F99FA4C01DD094C06DD05A804FEF2008FFC00718C5107DE194047FE02DF168FE5
:206DA70046FE6F99FADF0E3000205F4FFE510361E860100ED7F1EFFA2004FE5C0A88007051
:206DC7005C1F91DF0C605CC04C40E161E8F11004D7F1EFFA2004AF74FEB800AF76FEB802F3
:206DE7004051FE05DC178803313A5C07704C03DF031004D74C04F161E87060EFF4F1EFF112
:206E0700FE8307FEAC076168DD0300EFF6E1EEB107AF0C0460314308FE1D0A6C1008B9D749
:206E2700FE150A5CEFEFF6AF0C0460315308FE070A6C2008B9D7FEFF095CDFEFF651EF0FAB
:206E470096FA4C06DE058F3EFEEF06AF0C0460314A5C01D7120476FF440200DC2213448929
:206E670000DD1C448800DD17444F00DD12F05C036168DF0BE15F4FFE30111061E860D7511F
:206E870013D72004B802AF0604B8008F47FE91DD5891DD649161F8EEE7019161F8EE260385
:206EA7000CF361F8EE4E039161F8EEF4039161E8EE3D04FE000A61E8EE35048802703103B6
:206EC70003EE2C04311A5C074C02DD044C06DF064099FA0261F871584FFE605C0E61E8FE21
:206EE700B409CF47FE02EEAB03FEFC0961F8EEFF03CF47FE02EEF803FE6E0961E8EE6A01BA
:206F070040C6FE02DF2F363EFE318329D546FEDD24364FFE31851EAF4AFE441000DD16FC5C
:206F270047CD00D1DF0F4099FA02DD1B364FFE31D315EE35018F99FA4C02DD06364FFE31E3
:206F4700D511D546FEDD0CF546FEFE4E099F4EFEEE1701364FFE31D503EEFA008F46FE700C
:206F67000CF04C02DE76FE8508E1FE7AFAAF4AFEF05C03FE74068F4AFE705CC04C80DF0BB7
:206F8700FE5109DC19CF47FE11EF13605C1F318E148F53FEFE2C0930A8FEFC4AD000F54E86
:206FA700FED9C7FEE1FEFCF9FE12095CF108B9AF4AFEF05C03440002DF08AF0004086C0594
:206FC700EF06AF0004086C0708BF00044047FE1161F8EE9500CF47FE03EE8E00600CFC4C03
:206FE7000361C8EE8400FE0508F1FEFAF9FEA608AF4AFE1260705CC04C80DF16364FFE31E9
:20700700C30BFECF08DC2BCF47FE11EF25FE5B07EF204C40DF15605C1F318E148F52FEFE0C
:20702700A108308CFEFC4AD000EF07F552FE13BF1004FE88085CF108B9D9C6FEF1FE64F92A
:20704700FE7A086C0108B94047FE1161E8CF47FE03F54EFEEF144C02DF0671584FFEEF0AFF
:20706700FE4B07FE1108CF47FE138F47FE4C03DD074C1161E8EE7802AF48FEBF4CFEEE6F0B
:2070870002FE320861E8EE6702880270310303EE5E02CF47FE025C0EDF74AF4AFE12F05C68
:2070A700036168DF08510A6F4FFE9F4FFE4099FA02DF0BAF48FE44050061F8F599FAAF483E
:2070C700FE440D00DF1213440300DF0CCF99FA03FEDE07F546FEEF2C8F46FE4C04DD044C38
:2070E70010DF14F546FE364FFE31A318FE6805D1DF12FEA107EF0D5104FC76CF00FEB107C3
:20710700CF47FE0471084FFEE54EFEEE860160311A5C07734C02DD044C06DF4C364FFE3103
:207127008546AF4AFE14F05C036168DF3BAF48FE16F05C03616861E8EE2D0117444F00DF2F
:207147000E15444F00DD0844100061E8EE190117448800DF1315444F00DD0D448800DD08D0
:2071670044100061E8EE0001AF4CFE440D00DF0EAF4AFE440300DF06CF99FA05EF32634CEB
:2071870002DD044C06DF1E364FFE318313AF4AFE16F05C031417444F00DD05156168DD05B0
:2071A700FEF806EF0593DD1251109F4EFEFEE60671084FFEF546FEEEDA00343404A9040040
:2071C700016C08B9EFE24099FA02DF09FEC006FE6401EEF600FECA0661E8EE1301FEAF0615
:2071E7008F46FE4C11DD044C05DF055112EEDB005107EED600FEBE0661E8EEF30088027014
:20720700310303EEEA008F4FFE7371EB9F4FFECF47FE02605C0EDF248FAAFAFEF305041A97
:207227000012AFAAFA317E4361D30C5104FC76CF00CF47FE12EF45E54EFEEF4060311A5C59
:20724700074C02DD044C06DF2F63310523AF4AFEF05C036168DF19AF48FE12F05C036168AF
:20726700DF0613444F00DF08F599FAFE4306EF24FE28069F4EFEEF04CF4EFE104047FE02F7
:20728700DF128F4FFE71AC718B9F4FFEF546FE61C8FE0206FEDA05E1FE09F7E6BF0404EF55
:2072A7004FFEC505DF4A364FFE31E32BFEF305DD06FE1405D1DD39FED5054099FA02DD085C
:2072C700FE0505D1511061E8FED0059F4EFEF546FEFEC205EE1AFC4099FA02DF0671684F82
:2072E700FEEF0DFEA905FEE503FE8B05CF47FE11A800BFC4FE1004D7C1AFC4FEF05C8061D5
:2073070068DF0FFE6305DD0AFE6605E1FE95F6E1C6D7FEB304D1DF1BAFC4FEF05C806168EC
:20732700DD11FE4405DF0CD9C6FEF1FE76F6D9C7FEEFD8F1C6D7AF4AFE1204F9FF61F8EEEF
:20734700BA0004FFFF61F8EED100B144030061D8EEF70004FCFFDD7F04FCFF61F8EE280172
:2073670004FFFF61F8EEA10104FEFF61F8EEA90104FEFF61F8EE230104D5FF61F8EEBA00E4
:2073870004FFFF61F8EEE20004F3FF61F8EEED0004CCFF61F8EE160104FFFF61F8EE1E01FC
:2073A70004FEFF61F8EE26010479FEDD3F04BEFF61F8EEC80004C9FF61F8EE21010479FF3F
:2073C700DD3204BEFF61F8EEB30044370061F8EE23015180EE5401AF48FE44030030030073
:2073E70061E8300500609F99FA5180D7AF48FE440302EF4CAF48FE440303EF44AF48FE44AA
:20740700410061F8EE220144040061F8EE1A01441000DFBEFE4A0461E860D7AF48FE4444D6
:207427000061F8EE030144040061F8EEFB00441000DF9FFE2B0461E860D7AF48FE44420076
:2074470030030061E830100060D7FE090461D8EED70013440C0061F8EECE0044100061E814
:20746700EE6FFFFEFB0361E860D7FEE90361D8EEB70013440C0030800361E860D713424832
:20748700FE30130361E860D7F2308100FEB90361E8EE9500FEA70361E860D7F2308F00FE21
:2074A700A60361E8EE8200FE940361E860D7F2308500FE9303DF72FE840361E860D7F2309B
:2074C7004500FE8303DF62FE740361E860D7F2308700FE7303DF52FE640361E860D7FE6C09
:2074E70003DF045113EF44E2308700FE5A0330031061E860D7FE5503DDE95202308700FE2C
:20750700460330031061E860D7F2308200FE3803DF17FE290361E860D7F2308C00FE280304
:20752700DF07FE190361E860D75103D7C7C16291DD1191301000DF14A8006C03B80030105D
:2075470003EF09A8006C02B800301002B80262FE8AF44C02FBF8FFDF16AF48FE614902E3C8
:2075670061E8F3614900E161E8F1616B1004D7F11004D773FEC1025CCF08B9D361F8D7A9A4
:20758700086C3008B9D7C7510A5F4FFE9800340E04327E00A96C80B95400FE8702F599FA9B
:2075A700E547FEC0C151F55F4FFE6160609F4FFEC6D7AF0E04F05C80D7AF0004F1085C1001
:2075C70008D7D1DF0D340C04A95CFC085CFE08B9EF10340C04AA326CC0BA32A9086C010843
:2075E700B9D7343E04A95C3FB9D7440000DF08340C04A95CFCB9D7440003DF08340C04A98F
:207607006C02B9D7340C04A96C01B9D7D1DF08340004A95CFBB9D7340004A95C0FB9A96CE1
:2076270054B9D7AF000431AE605C01D72004AF54FEB800AF56FEB802445B04DF178801314C
:207647007312314A5C074C05DF0A8800D1E161E8F11004D7F1EFFA2004AFA8FEB800AFAAC3
:20766700FEB802445B04DF33880131732E314A5C074C05DF2688004C11DD144C13DD104C99
:2076870015DD0C4C21DD084C22DD044C25DF03E1EF065C30E161F8F11004D7F1EFFA20047B
:2076A700FE7601445B04DF23880131731E314A5C074C05DF1688004C23DD044C24DF03E12F
:2076C700EF064C26E161E8F11004D7F1EFFA20048FAAFA75FE3A0112AFAAFA317E231244CA
:2076E7001B0061C8321A0065718A71DB9FAAFA13A1B800A1312EF1146298020C025C0361C9
:20770700E8A5AF4AFE31BD31BE16644C08320070DE05318E1231CC17616B08616A086C8036
:20772700FEC0001231BCAFAAFA317E036C80BF1204FEBA008FAAFAFED700311E607788024F
:2077470031051167318E12A800311E030104ABFA14CA0000675002D612A800311E1413045E
:20776700ACFA3214041004EC4AD00051C05FAAFA9FAAFAAF4AFE6C805C80085C1F08BF1088
:2077870004AFAAFA317EBF1204441B00DC12FE7600FE6700DE09A9BF3004A5A5A7EFF2D7B5
:2077A700A1311E1432140430ACFAEC4AD000FE3D00AF48FE6C905C90085C1F08FE2400A132
:2077C70031BD6C84BF1204D74099FA02DF08AF48FE440500DF0B8F4FFE316305315A5C01D7
:2077E700D7E1D7BF10048FAAFA311A318ED7F614320E00301404FC80D000D7AFAAFA317E55
:20780700A1311E121743D7F616BF32040034ACFAD7311A5C0F501AD6D7AF70FEB804AF72B5
:20782700FEB806D73046FEFC6CD000540032060130AAFAFC6CD000D7340C04A908D7AF48CF
:20784700FE440400308003D7FEE1FCD1D7AF48FEF05C036168D7AF48FE1204FDFF4402009D
:20786700D730800340C6FE02D7A804F05C806168D7E6FE2FF1E0D7D9C6FEF1FE26F1D9C784
:20788700FEE1FE1FF1340004A9086C0108B9D75104FC9FCF00D7F6FE50FDD7AF4AFEFEB3B0
:2078A700F5D78FE121318E125104FCD7CF004C02D7F6BF48FED7A804FE3DFAD1D7340004E4
:2078C700A908D7318E1231CD05BF1004311CC3C4321404D751E15FAAFA9FAAFAFEEFFDAF6C
:2078E700AAFA317E441B00D7AF0C045C03085C01086168D754003209003096FAFC6CD00046
:20790700F6BF10FABF0EFACF96FA1171483EFED7C78F98FA70818F99FA9801DF06CF96FAC6
:2079270016EF568F99FA734C01DF0951035F97FA91DD05634C06DF05FEF41BEF3C4C01DD69
:207947000D4C05DD09604C11DD044C22DF114096FA1ADD0B408CFA0BDD05FE701BEF1A6069
:207967004CFEDF09FEC51FCF96FA1CEF0C634C08DF07FEB71FCF8CFAF08F96FA735CF0984A
:20798700004C10DF05FE6601EF5F4C60DF05FE5418EF564C50DF08FE921FFE2B18EF4A40C2
:2079A70099FA02DF29AF48FE440D00DF21634C26DD084C39DD044C3ADF05FE101BEF0FFE2E
:2079C700FF1E5103FEB31ACF96FA1BFEE01E88000CE0DD0D0CF0DD0E4C10DF0DFE7F0FEFE6
:2079E70008FEDB02EF03FE4305D599FA61E8EEA00088014C0261E8EE970051C15FC7FB73DB
:207A0700AF48FE14607061015C3E616B9FC7FB60317347316310FEEB1FBFC6FB513F5FC730
:207A2700FB9FC7FBEF6B15F05C036168DF0FFED31F128F50FEFED31F3054FEEF0DFEC41F40
:207A4700128F51FEFEC41F3070FEFC4AD00051406FC7FB71FB9FC7FBEF37AFAAFA317E12D1
:207A6700FEA11F03BFC6FB51806FC7FB71EB9FC7FBDB8221C0C3AFC6FB5C0143DBC4FB61F3
:207A8700D304A800EF01A1311E1430ACFAFC4AD0004096FA41DD0A5105FC9FCF0071588976
:207AA700FA8F96FA0CEFDD420CFEDD3E0CF0DD1D0CE2DD194C10F1DF128FD821318E1251A5
:207AC70002FCD7CF00D1300103DF1CC6D78F99FA6F98FAF1DFF536D1FE51033183ED300349
:207AE700205F89FAE1DDE460EFE15107EFDD8F96FA0CEFDD580CFE61F8EE28019161F8EEE6
:207B070098009161F8EEAE019161F8EE8B010CFC61F8EEAD009161F8EE0E019161F8EE3FE1
:207B2700019161E8EE9701D546FE61E8EE8F014098FA0F61E8EE8601F598FAFECC1DFC4AAA
:207B4700D000304F00FEBA1DCF96FA1CD78F98FA4C01DF08F598FACF96FA13D74C02DF1B3B
:207B6700FC4F6900FCE97500E15F3EFEFC7A7500F598FAFE551DCF96FA14D74C19DF0BFCFD
:207B87004F6900E1FCC97500EFCA4CF261E8EE2D01715840FEF1EC2AC900E7FE4C1D61E841
:207BA700EE1B01FE081DFE291DDC12CF96FA21FE211E9161F8FE131DF1EC9FCF00CF96FAE0
:207BC70031D7FCC07500616861E8EEF1004046FE0761F8EEE800FEF91CDE144098FA22DDE4
:207BE7000E8FDA21318E12FE001D61E8EECF00E15F3EFEFC7A7500F6BF10FABF0EFABF9CAC
:207C0700FA8F3BFE4C21DD044C11DF05F1FC76CF00FE9A1C71483EFEF598FACF8CFA0BCF7B
:207C270096FA11D7CF87FA03D7D546FE61E8EE8D004099FA03DF18F6BF9CFACF8CFA0AFE49
:207C4700901C30210061D8303100609F96FAD78F3FFE312A5C034C0361F8EED218EE6D18A7
:207C67004099FA02DF58AF48FE444F00DF1BFE1D1A91DF0C71084FFE304F00FE841CEF15D7
:207C8700FE0B1A4C03DD07EF0C448A00DF07FE091CCF96FA1DF599FAD7FE58FCFE221CFE4E
:207CA700191CFE091CD53BFE61F8FE081CFC736900CF96FA15D7FC7D6900CF96FA11D7C7C9
:207CC7008F96FA0CDFDD4891DD5C9161F8EE90009161F8EEE1009161F8EE59019161E8EE89
:207CE7001C024099FA0261E8EE2702FE051C61E8EE3502FEB81BFC12CB0051C05F0DFA4C30
:207D0700C061E8EEFA018F0BFA5064D6EEF401FCB97500616861E8EEE401E1FCC97500CF70
:207D270096FA22EED801363EFE31B318DBCC21FEB81B61E8EEC701FE741B715840FEF1C672
:207D4700EC2AC900FE841B3640FE71D461D8CF8CFA28715840FEFE5C1BCF96FA23EE9E01A6
:207D67004099FA02DF2EAF48FE44410061E8EE8501FE3A1B3002F35F3FFE9F3FFE8F50FE16
:207D87009F85FAFEEE1BCF8CFA06CF96FA24F599FAEE6A01DBC821FE501B61E8EE5F01FE36
:207DA7000C1B8F3FFE312A5C034C0361E8EE7801CF8CFA29EE47014099FA02DF1D4098FAB9
:207DC7000461E8EE3001FC02B700D161F8EE2601CF9AFA42F54EFEEE3401D546FE61E8EEE3
:207DE7001C014098FA04DD09409AFA4261E8EE0D01E552FEAF0EFABF8CFEAF10FABF8EFE0F
:207E0700304200BF4AFECF46FE06CF96FA25FEE81B0406FA12045F001413045C00B8008903
:207E27005CC04CC061E8EED500C4C5A5506489D6C6EC52CB00D546FE61E8EEC1008F4EFE0B
:207E47004C0361E8EE8600FEE21AF59AFAAF48FE440300DF22FE731AFE9E1B0465FA14890D
:207E67005CC04CC0DD07308813FC52CB00E58CFACF96FA26EE870051705F09FA308813DDDB
:207E87001451C05F0DFA4CC0DF088F0BFA5064D6EF03FE4F1BFC52CB00AF48FE440400DFB0
:207EA70006CF8CFA02EF14CF8CFA0351705F09FADD068FDD21FEC91AFE101A51705F09FA44
:207EC700DF4CCF96FA235102C6EC76CF004C11DF1DFC02B700D1DD1E40D2FE2261E8CF9AE6
:207EE700FA42F54EFECF8CFA18F598FAEF204C10DD044C80DF04C6EEC2154C07DD2AC6D78D
:207F0700FEE11AFC52CB00F599FACF8CFA07C6EE4816DBC621FED219DFE4FE91198F3FFE70
:207F2700312A5C034C03DDD6C6EEA1158F96FA0CCF75318E12654C0E61C8EE7D0113124912
:207F47009622311C9EFC797A2261CBFCB97500616861E8EE6401E1FCC97500FE57198F3E55
:207F6700FE705CE04C80DD283689FA31A522363EFE31C30D6071DA5C3F9F3EFECF96FA3BA0
:207F8700D7CF46FE11300D02BF4AFECF96FA3DD76071FA5C9F9F3EFECF96FA32D7D546FE04
:207FA70061E8EE1501404EFE03DF13FE1D1951206F3EFE5C2F9F3EFECF96FA3BEF3C409998
:207FC700FA02DF0FAF48FEF05C036168DF05FEEB14EF2751806F3EFE5C9F9F3EFEFC446EAC
:207FE7000091DF12CF46FE0871483EFECF96FA3ECF8CFA0EEF04CF96FA32F599FAD78F99DD
:20800700FA4C04DD074C0961E8EEAE00F599FACF96FA32D74099FA0261F8EE9F148FDE21A4
:20802700318E125102FCD7CF009161F8EE8B00FE7C18FEA71961E8EE80008F45FE4FED21DA
:20804700DE16FE3E15304F02FE6B19CF96FA3CFE8A19DF66A045FED7EEF014D546FEDF5A52
:2080670051E05F3EFE4C80DF06CF96FA32EF364C60DD324CA0DD2E4099FA02DF1A404EFEBA
:2080870003DF14AF48FE444F02DF0CFE2018FC21B700F599FAEF0E8F4EFE4C04DD044C1275
:2080A70061F8FEA6144099FA0261F8EE0E14FE2B19DF07FE1518CF96FA3BD74099FA02DFF2
:2080C7001AFC02B700D161F8EEF1134098FA0361F8CF9AFA41F598FAEE7F14D546FEDFDA02
:2080E700FEE618CF96FA34D7D546FE8F4EFE61E8EE83004C0761F8EED3134C10DF25364F00
:20810700FE31B31CFEC4178F97FA735C0370635CFC0C0461689F97FAF598FACF96FA35D769
:20812700EE99134C11DF1FFC02B700D161F8EE8B134098FA03DF06CF9AFA41EF04CF8CFA32
:208147001BF54EFEEF8F4C03DD144099FA0261E8EE67FFAF48FE44420061E8EE5CFFAF547C
:20816700FEBF0EFAAF56FEBF10FACF8CFA04F599FACF96FA36D791DF2251F35F3FFE9F3FCA
:20818700FE51035F97FA9F97FAF54EFEF598FACF8CFA10F59AFAF1EC9FCF00FE35184C02CC
:2081A70061E8EE15FFFE13178F3FFE312A5C034C0361F8EE5813EE14134099FA0261F8EE8D
:2081C700FA128FDC21318E12FE1F17DF13FEDE168F97FA312A4FEC2161E3EE8900EE2E1356
:2081E700FEF0174C0261E8EED0FEFECE168F3FFE312A5C034C0361F8EE1313EECF12409954
:20820700FA0261F8EEB5124098FA03DF08F598FACF9AFA41D7D546FE61E8EE9DFED58CFA49
:2082270061E8EE95FE51F85F8AFA4C18DF0AD59AFADF05300300EF0A4C2030040061E83062
:208247000C00BF4AFECF46FE04CF96FA38D74099FA0261F8EE6512409AFA41DD094098FA1F
:208267000361E8EE54FECF96FA33D7D546FE61E8EE47FE8F4EFE7391DF28AF4AFE44030049
:20828700DF0AE58CFACF96FA39EE92006391DF12AF4AFE440200DF0ACF8CFA1ECF96FA3955
:2082A700EF7C630CF04C02DE2CAF4AFE14440200DF1E634C11DF0CF54EFE300702FC2C9A60
:2082C70000EF5815440200DF07300102FC2C9A00FEE911EF49FC02B700D1DF15CF96FA37DA
:2082E700FE6116DF06CF8CFA02EF33CF8CFA03EF2DAF08FABF10FAAF06FABF0EFAFE4416E8
:20830700DF0DFC0CB1004C04DF05FEC011EF0FFE3216510261E851039F8CFAFE3C12F5987C
:20832700FAD74099FA0261F8EEA211D546FE61E8EE87FD4098FA0661E8EE7EFD300600FE04
:20834700C015CF96FA3AD74099FA0261F8EE7D11D546FE61E8EE62FD404EFE01DF0AF59875
:20836700FAFC12CB00EEF211EE6211AF48FE1204FEFF61F8EEEB00B144020061D8EECB01AD
:2083870004FDFF61F8EEC30104FFFF61F8EEE60004FFFF61F8EEF60004FFFF61F8EE010112
:2083A70004FFFF61F8EE280104FFFF61F8EE3F0104FFFF61F8EE930104FCFF61F8EE8E0109
:2083C70004FFFF61F8EEB60104FFFF61F8EE660204FEFF61F8EE830104FEFF61F8EEC70109
:2083E70004D5FFDD6504FFFFDD6E04FFFF61F8EE110104FFFF61F8EE510104FEFF61F8EED1
:208407001B0204F7FF61F8EE210104CCFF61F8EEE40104FFFF61F8EEE40104FEFF61F8EE64
:20842700AD0104FEFF61F8EE260204FFFF61F8EE480244010061F8EE5D0213F05C0361686E
:2084470061E8EE12015110EEA701FE8514DCF6CF96FA23CF8CFA19D7FE7714DEE8CF96FAF6
:2084670034D7FE6D14DCDECF8CFA17FE5D14F599FACF96FA26D7FE5914DC0E36C9FE31E58A
:20848700C45141FE340FEEC201FE3D15EFCFFE4114DE0636C9FE31E5AC5144FE1C0FEEAA33
:2084A7000136C9FE511031D514FC8BB60091DF0BD59AFA5103DD06510CEF025104FEBA0F7A
:2084C70036CEFE31F303EE82017160BEFBEE7B01D58CFA61E8EED701F599FA36CEFE71F4AE
:2084E70061D87160BEFBCF8CFA09CF96FA43D7D58CFA61E8EEB801F599FACF8CFA08CF9646
:20850700FA43D78F09FA314A5C0791DF4AAF56FEF05CF0440080DD0D440050DF3AFEAB13C0
:20852700E1FC137600CF96FA51EF2CFE60114C01DF0C304F00FECA13CF96FA44EF194C0209
:20854700DF15FE8613CF96FA4DEF0CEE6E0F40C6FE0161F8EEEEFEF599FAD7D5FC2061F896
:20856700EEE2FE40C6FE0161F8EED9FEFE631361C8EED1FEFC1CB900308C00EEC700FE5118
:2085870013DC0936C9FE31E303EEB9FED5F92061F8EEB1FE40C6FE0161F8EEA8FEFC6EB72C
:2085A70000308100EE9E00FE2813DE0936C9FE31E303EE90FED5FE2061F8EE88FE40C6FE03
:2085C7000161F8EE7FFEFCDBB700308F00EF76D5FD2061F8EE6EFE40C6FE0161F8EE65FEC9
:2085E700D5ACFADF06FC26B800EF04FCCDB8005187FE860EEF55D5FA20DF0BEE47FED5FB3C
:208607002061F8EE3FFE40C6FE0161F8EE36FEFEB912FE8512F599FACF96FA43D740C6FECC
:208627000161F8EE1FFED58CFA61E8EE8100F599FA7160BEFBD740C6FE015110DDB3FC429E
:20864700B500308200BF4AFEFE8D12CF96FA44D740C6FE0161F8EEECFD369FFA31B303EEB5
:20866700E3FDF599FAFE3212FE6712DE08F1FC14CD00FE5612CF96FA4ED740C6FE01DD0E44
:20868700369FFA31B508F599FAFE0E12EF095110FEE70DCF96FA4440C6FE0161F8EEA5FD94
:2086A700369FFA31C303EE9CFDF599FAFEEB11D72008F59EFA8F9AFA704C4161F8EE2602C9
:2086C7008F98FA734C0361F8EE1B024C04DF17FED912DD0BAF4AFE44420061F8EE2D02CF73
:2086E70096FA24EE2602604C42DF07CF8CFA16EE1A02634C0BDF06300A00EE2C014C0CDF35
:2087070006300900EE22014C0DDF06300B00EE18014C05DF06300700EE0E014C0ADF0630AD
:208727000800EE04014C13DF06FE900DEEDD014C0EDF25E6A1FECA11CF96FA3840C6FE0231
:2087470061E8EEC701FE8A1161C8EEBF01CF9EFA38CF96FA45EEB4014C14DF06301000EE4A
:2087670076014C23DF19FEBD1191300D0261E8300D03FE4112CF96FA4AF553FEEE8D014CE7
:208787000F61E8EE8900FE9D114C01DF0D304F02BF4AFECF46FE10E3EF0E4C02304F03DDE6
:2087A700EF304F00FE5B11F3AFC2FB14312E6071FB1852FE63318E321C00CEFB0212153141
:2087C7001EF1085CFE0814130446FEB800044600B80612AFC0FBFC4AD000A80614A9B80233
:2087E700A80004480014A9B8048802735CC061E8EE1901AEF80403001631F303EE0D016352
:208807005C1F4C0661F8EE0301A046FEEEFD004C12DF06FE1D11EEF3004C15DF0530110094
:20882700EF074C1FDF08301600BF4AFEEF5A4C1ADF12308300BF4AFE51806FAAFA318EFEA1
:208847007C11EF444C1BDF05308400EFE84C16DF2AAFAAFA6C015C01085C7F08FE5F11FE9C
:20886700C4104C01DF09308602FE4A11EE9D004C02308603DDF3308600EFAE4C18DF0F30A0
:208887001200BF4AFEF552FECF46FE05EF7E4C1CDF05301400EFEB4C17DF1B40C6FE02DF42
:2088A70065F6BF8CFED991FA8F92FABF8EFEE552FE304600EF224C30DF23FE69104C01DF66
:2088C70010308802BF4AFECF46FE1071204FFEEF3B4C02DD37308800FE2710EF2F4C32307A
:2088E7008B00DDF4EF26CF96FA3340C6FE02DF1CFEDF0FDE17F1FC14CD00FECE0F8F96FAC4
:208907009F9EFAEE4BFEF592FAF598FA1008D7F59EFAAF4AFE04F7FFDD1E04FFFFDD13047C
:20892700FFFFDD1A443700DF34CF98FA04CF96FA24D7CF98FA0BEF0ACF98FA0CEF04CF98C2
:20894700FA0DCF46FE05CF96FA4240C6FE02DF0DFE7F0FDE08CF9EFA42CF96FA46D78F96A2
:20896700FA0CBFDD759161F8EE5F029161F8EE14059161F8EEC5059161F8EEAE019161F89C
:20898700EE13020CFC61F8EEAD069161F8EE12079161F8EE27049161F8EE2A079161F8EEF6
:2089A70090079161E8EE1F084099FA0261E8EE0908AF48FE125CFC44890061E8EED2074091
:2089C700C7FE0261E8EEE607369FFA31B303EEDD07FEC60EF599FAEED4074099FA02DF76D0
:2089E700FEC80FDF32D598FADD0BD59AFADD06CF96FA45EF2DFE73F98F89FA705C0391DF74
:208A070007605CFC709F89FA605CC04C40DF13605C3F9F89FAEF0BFE940EF6BF9CFACF8CA7
:208A2700FA1571084FFE8FD2FE4C2161E8FE2E0FFC2A7600D161E8EE80008F96FA4C26DD78
:208A4700794C1ADD754C43DD714C4DDD6D4C4EDD69FE5A0EEF64D546FEDF5FFE52FC8F460D
:208A6700FE70D18F96FADF0A4C45DF4A71084FFEEF484C1BDD1A4C4ADD164C4BDD1240C67E
:208A8700FE02DF0CFE4B0EDE0760FE120FFE3B0E4096FA41DF2440C6FE02DF0BFE330EDEC1
:208AA70006CF96FA45EFC5FE7C0EDF06CF96FA42EF04CF96FA4C71004FFE4096FA41DF43B4
:208AC700DB9CFAFE240EDF3BF6BF9CFAFE40FED546FEDD1AF58CFAFED40D40C6FE02DF0EF0
:208AE700FEEF0DDE098F46FEFEB40EFEDD0D8F96FA4C41DD0E4C46DF0671084FFEEF0471DB
:208B0700004FFE8FE821318E125105FCD7CF004C0261E8EEB106AF9CFA616861E8EEA70672
:208B27005105FC9FCF00715089FAD7FCCF7700D1DF348FE221318E12FEAF0D61E8EE87064C
:208B4700FE6B0D8F9BFA9F46FEF59BFAFED70DDF0C8F9EFAD1DF63CF96FA42EF04CF96FA0D
:208B67004C71004FFED7FE450D8F98FA4C03DF06CF9AFA41EF0A0CF54C0361D8CF8CFA18D5
:208B87008FD2FE4C2161E8FED40DF598FAF546FEF59BFAEEC409FCCF7700D1DF228FE2212F
:208BA700318E12FE440D61E8EE1C06FE000D8F9BFA9F46FEF59BFA8F9EFA9F96FAEFA2FEB4
:208BC700EC0CF546FEF59BFAEF36D546FE61E8EEF505F598FA8F4EFE4C8061F8EE4D044C52
:208BE7001061F8EE46044C11DD044C13DF1FAF4AFE1204F6FF440200DC061344090061F84F
:208C0700CF8CFA188FD2FEFE540DEE4D094C12DF1EFE7C0D61D8713089FA13440B00300508
:208C27000BDD058FD2FE5005FC2C9A00EE2B094C0361E8EE1A01D58CFA61E8EE1201F599D4
:208C4700FAAF48FE440300DF18E58CFA51030F4AFEFEF70C61E8EEEB00E1FC2AC900EEE306
:208C670000440400DD05441000DF1DFE220D61D8713089FA13440B0030030B61F8EEC00042
:208C87008FD2FE5003EEB800440C00DF108FDF21FEEE0CFE350CCF8CFA03EEA700444100FE
:208CA700DF1E8F50FE9F85FA5002FEC70CFE220CDC08CF8CFA06CF96FA24300007EE8000FF
:208CC700444400DF198F50FE9F84FA5002D614324AFA3054FEFC4AD000300008EF62444FAD
:208CE70000DF19F1FE590BD1DF0D30072FFC2C9A00CF99FA02EF4D30002FEF44448100DF67
:208D070005300011EF3A448F00DF05300016EF30448500DF05300043EF26444500DF0530EF
:208D27000044EF1C448700DF05300046EF12448200DF05300012EF08448C00DF07300014DA
:208D4700FC2C9A004096FA4261E8EE7A04EE0A084C01DF3BAF4AFE444F00DF0AF0512FFC3D
:208D67002C9A00EEF407444600DF1871508BFA8F8FFE9F8FFA7CFF5F92FA9F92FAF591FA21
:208D8700EED707448800DF04FEDA0BD7EECB074C1361E8EE3104AF4AFE444F00DF07300765
:208DA7002FEC2C9A0044880061E8EE1A04300748FC2C9A0051076F9FFA9F9FFAD7D546FEE1
:208DC70061E8EE0204F598FA8F4EFE7391DF25AF4AFE444F02DD05444F03DF0AF0512FFC8C
:208DE7002C9A00EE8E0044880261E8EE8600FE740BEE80008FD2FE704C46DD044C2FDF49CF
:208E0700634C11DD044C13DF0660FE510BEF654C12DF09605005FC2C9A00EF584C03DF1D09
:208E2700604C2FDF0EE1FE170AD15007DDAFF599FAEFA9F599FAF0FC2C9A00EF374C10DFF4
:208E47003360E0FC2C9A00EF2B4C48DF27634C11DD044C13DF0B60FE040B51076F9FFAEF7C
:208E6700104C10DF0F60E0FC2C9A00E16F9FFA5CF99F9FFA4096FA4F61F8EE4A03FEDA0688
:208E8700F6ECF175004099FA02DF16300745FC2C9A00300725FC2C9A00FE2006715888FAEE
:208EA700D7320C00FE430A61F8EE7B02D546FE61E8EE1303D59AFADD2351F85F8AFA4C2020
:208EC700DD1A4C80DD16AF48FE440A00DF0E715888FA510CFEA305CF96FA44D78F98FA4C70
:208EE7001DDF26308500FE190AAFAAFA6C04086C80085C04BFAAFAAFC0FB34050032ACFA76
:208F0700FC4AD000F5B5FAEF194C1EDF1D304500FEEF09EBC0FBA9BF8CFEAA02BF8EFEE543
:208F270052FEFE8909CF96FA44D74C1061E8EE9602715888FA8F8AFA313AEF98D546FE61DB
:208F4700E8EE83028F98FA4C1DDD1C4C0FDD184C08DD144C14DD104C1EDD0C4C10DD084C6A
:208F670031DD044C3261F8F598FA8F4EFE4C0161E8EE9800300045FC2C9A00300025FC2CCF
:208F87009A00300010FC2C9A00300004FC2C9A0030002FFC2C9A00300049FC2C9A003000AC
:208FA70032FC2C9A00AF4AFE12440300AF48FE14DF1744090061E8E58CFA600C03FE8B0965
:208FC700DF26E1FC2AC900EF1F13440C00DF0C15440900DD13CF8CFA03EF0D1504F6FF4461
:208FE700020061D8CF8CFA024096FA6161E8FE690530F7FF0248FE44020061C8EEC801FE60
:20900700420961E8EEC001713089FAD74C13DF1CAF4AFE444F00DF0530072FEF0844890019
:20902700DF07300789FC2C9A00EE2E058FD2FEE0FC2C9A00EE8504D546FE61E8EE8801400F
:209047004EFE03DF1AFEDE089161F871483EFE30000DFC2C9A00F599FAF598FAEE5301406E
:2090670099FA02DF0FAF48FEF05C036168DF05FEE804EF1E363EFE319306CF8CFA14EFEFFB
:20908700FC446E0091DF08FEA908F599FAEF03FE3B0430010DFC2C9A00F6FCF17500F59858
:2090A700FAD78F99FA4C04DD074C0961E8EE17014C04F061E8E05161FC2C9A00FE6D08FE90
:2090C7009804F58CFAD78F8DFA318E12FE1B08DD564099FA02DD508F98FA4C08DF12FECD2D
:2090E70007300400FE1B08CF96FA4471084FFED74C14DF08FEB707301000EFE84C0F61E80F
:20910700EEC400FEA807FE1D08DF15304F00FEF10771084FFECF96FA44FEEE07EC4AD000FB
:20912700F598FAE0EE36FCFE8407FE2D04715888FAD7FCCF7700D1DF448FE221318E12FE30
:20914700A807DF05FE8B07DC05FE8607DC798F98FA4C31DF12FE5607308900FEA407710067
:209167004FFECF96FA44D74C14DF5CFE4007301000FE8E0771084FFECF96FA44D7FE2E07FB
:20918700FED703300749FC2C9A00300710EC2C9A0051F85F9FFA7513441000DF0B656C03DA
:2091A7009F9FFAF599FAEF06656C079F9FFA71284FFEF6FCF17500EEA0038F9FFA705C0719
:2091C700DD05605CF8EFE4D74096FA51DF168FD821318E12FE1307DF0BFED206F1FC13768B
:2091E70000EE7603D78F96FA0C9F75318E12654C0D61C8EEC301131249BE22311C9EFC79D3
:20920700A42261CB51035F97FA4C01DF12FEC206DC08FEB606CF96FA6AD7CF96FA67D74CE6
:2092270002DF133689FA31A305CF96FA63D7FE9A06CF96FA66D7FC186E00300009FC2C9A51
:20924700007120BEFB71088BFAF545FEEF6B4099FA0261F8EE76024098FA0661E8EE590130
:20926700300600FE9C06CF96FA64D7D546FE61E8EE4601FE8406DD41EE52024099FA02DF44
:209287001CD58CFADF17FE2506F599FAFE6406DF09CF8CFA07CF96FA65D7EE30028FD921B9
:2092A700318E12FE440661E8EE0E01FE0006EE1C02D58CFA61E8EE000151FC5F97FA9F9732
:2092C700FAEE96024099FA02DF2AD58CFADF25FE2106DF1DFCC6CC00D161F8EEDB00FECD5D
:2092E70005FCA5C800F599FACF8CFA07CF96FA6BD7EE3B02DBC221FEF00561E8EEBA00EEB9
:209307002D024099FA0261F8EE24024098FA0661E8EEA500FC2E6E00300600FEE405CF9607
:20932700FA6CD7D546FE61E8EE8E00FECC05DF0BFE5F01FE9505CF96FA6DD7EEF1018FE06A
:2093470021318E12FEA305DF70FE6205CF96FA31D74099FA0261F8EED5014098FA06DF5951
:20936700FC2E6E00FCA5C800300600FE9405CF96FA68D7D546FEDF41FE7F05DF08FE4B058A
:20938700CF96FA69D7EEA7014099FA02DF20D58CFADF1BFE1805FE5A05DF10FEF400FCE92A
:2093A7007500CF8CFA07CF96FA21D7EE8101DBC421FE360561F8EE7601D720064C41980035
:2093C700E661E8F6607391DF48FE0605DC43308CFEFC65AD009F52FEAF8CFE12B802AF8EB5
:2093E700FEB804AEF80404001440C6FE02DF0AAEF8040500167182EF0EAEF8040500167110
:20940700838F8EFA9F52FE13BF8CFEA9BF8EFEEF5C0982FA759F52FE63318E1640C6FE02FA
:20942700DF1D93DF06710031FAEF2CFEB204128F1B21318E317D5C01085C800803EF15713B
:209447000831FA93DF0B8F8EFA614DDE049F52FE75FE8C04BF14FA655002D61417321C00E9
:20946700CEFB020412FA328CFEFC4AD0008800318EBF4AFEFE61041006D74C10DF0840C651
:20948700FE0161F85104318EBF4AFEF552FEFE4704D7FC8D75008FF8209FC7FEE0E1FCAB7C
:2094A7006900FE1004F6143206003006FAFC80D00051FC5F97FA9F97FAD7EF11F599FAFEA2
:2094C700FF03E546FEFEE603CF96FA1BD7FE0204DC11FED903E1FC2AC900308813FC52CBA3
:2094E70000EF03FEE5034099FA01DD17CF46FE078F3FFE735CF370635CFC0C045C0C6168B1
:209507009F3FFEFEBB03F599FACF96FA1AD7364FFE319306CF8CFA29EF02EF13FC8D750018
:20952700FE8B03FE9503CF87FA03CF96FA13D7FC8D7500FCE97500FE7B03FE7103F1FC9F94
:20954700CF00CF8CFA0DCF96FA12D751A06F3EFE71EB9F3EFECF96FA32D7E1FC14CD004052
:2095670099FA0261F8714889FA3689FA31C3085105FC76CF00EF04715089FAF54EFECF9691
:20958700FA41D7E553FE40C7FE0130018061E83001A0BFA8FE3000FFBFAAFED714AF94FA88
:2095A700125C03085C80086168DD2613317E605C074C04DE1C8F1721318EB98F142131690F
:2095C700318E128F1621F06C20F05C2703BA02E1D7F1D7C3200414F6B802B800AF94FAF02F
:2095E7005CFC12B802AEF8A1A11640C6FE02DF20AF94FA5C03085C80616A08616BBB8F14C0
:209607002131595C607088025C9F61689802EF10880370313A5C074C03DC05605CC798036E
:20962700AF0021B9ABBA02AF0421BA04AF0621BA06AF0821BA08AF0221BA0A88044C02DF22
:20964700488803313A5C074C01DD044C02DF2EAF18215C07BA0C8F14213169318E128F15F5
:2096670021F06C40F05C4F03BA0EF6BA10BA1215041400FE26FF0C05718B1006D715040CC5
:2096870000FE18FF0C031006D751031006D72006AF54FEB800AF56FE12B802AEF8A1A114C7
:2096A70088017731735B13445B04DF4F67314A5C074C05DF0D8800FEE900D1E161F8F110C3
:2096C70006D74C06DD03F1EFF68800D1DF19369FFA31C513AF3E06F05C026168DDE8343E34
:2096E70006A96C08B9EFDF4C01DD044C02DFD73003105F9FFAF1DDC760EFC4FE9C01EE9C7F
:209707000088005C1F4C04DD094C05DD05675CF89801880098045CC0DF5C88045C1F7391FC
:20972700DF46A94400FFDF40FC446E00D1DD1140C6FE02DD0B880471FA71EBFE6501EF16DB
:20974700880471EA71FBFE5A01F9C6FE3090FEFE81FE819F52FE36CEFEE131F303EE5FFF98
:209767007160BEFBE1EE57FF3695FA31A313634C0661F8EE50FF880471FA71EBFE2401EFD7
:20978700E3FE1601634C04DD044C05DF09CF8DFA165102EE29FF4C0661F8EE29FFCF8DFA11
:2097A7000CEFEE20040CFEDD170CD1DD4091DD2991DD3091DF1FAF3C06B802AF3E06EF3517
:2097C700AF3E06F05C026168DD0B7170BDFB343E06A96C08B9F11004D7F6B800AF7C06B836
:2097E70002EF14AF7006B802AF6C06EF08AF8C06B802AF8E06B800FE9300CF52FE0230246A
:2098070050BF8CFE305B04BF8EFEA802BF90FEA800BF92FEE11004D72004B80013B802FE6D
:209827006B0088015C9F40C6FE0161E871DA9801E552FEA800BF8CFEA802BF8EFE1004D7FA
:209847002008501CD60446FE12040E0014A9B8041304100014A9B8061304460014A9B8003E
:209867001304480014A9B8028804735CC0DD1B8801317A708805317A6148DF0EAEF8166367
:209887007D5C1FE161E8F11008D7F1EFFAF614320E00308CFEFC80D000D77160BEFB715073
:2098A70088FAD79804A80612A804FE6BFFD75102FC9FCF00D7F1FC2AC900D7F1FC9FCF005B
:2098C700D7E16F9FFA5CF99F9FFAD75102FC76CF00D7363EFE7184D7F599FACF46FE04D73E
:2098E700AF14FA5CFE085C7F08D75102FCD7CF004C02D7AF48FE440600D7F598FA404EFE45
:2099070001D7BF4AFECF46FE04D7AFC2FB12312E6071FB9F52FE13311EF1085CFE0814AF5B
:20992700C0FB328CFED751035FD3FED7F598FAF599FAD7CF46FE0871483EFECF96FA4BCF08
:209947008CFA0ED7AF4AFE440400D75C037051FC5F97FA61689F97FACF96FA6190D75007FC
:20996700FC2C9A00D7F599FA300048FC2C9A00CF96FA4FD7D6143266FA3054FEFC4AD000EC
:20998700D7318E12AF20FE31DD31DE03BF9CFAD7CF8CFA02AF4AFE1204F7FF440200D79FE9
:2099A7009BFAF546FEF1FC14CD00D7DB9CFA5102FCD7CF00D1D7BF4AFECF46FE11D7BFAAB4
:2099C700FAEBC0FBA9BFACFAD75141FEECF9CF46FE06D7DBC021F1FCD7CF00D751E05F3EA2
:2099E700FE4C20D7AF0CFA316D12AF0AFA31AE035C03323200CEFB02D78F11FA314A5C0748
:209A07005004D6D7AFC6FBF05CFED7318E312D5C01085CFC0803BFC6FB311EF1085CFE089E
:209A270014DBC4FBD7734FD2FEDF03D361F8D7F5D2FE6031295C3C7051C35FD3FE61689FF0
:209A4700D3FED75400328A003006FAFC6CD0008F3BFE4C21DD044C08DF0A403AFE0461E8C7
:209A6700712089FA40D2FE8261E8F5D2FEFECE15FE1722E586FAD7FE2F0C51F05F86FA0C72
:209A870080DD290C70DD1B0CF0DD1C0CE0DD094C10DD0AFE6A00EF17FE3208EF12FE4C0AC0
:209AA700EF0DFE2A06EF08FEAB04EF03FE0003513F5FD1FE708F89FA7371DC6071F9724062
:209AC70087FA02DF1270629FD1FE8F86FA91DD2C914C02DC07F1D771EA72EFE98F90FA6F6B
:209AE7008CFA6F98FA6F92FAF1DF1060718C5103DC09635C2030030161E860D75107EFFB92
:209B07008F86FA91DD1D9161F8EEC7009161E8EEC0008F8CFA4C2861E8EEBE01CFA6FA028D
:209B2700EE1C02D5A6FA61E8EEA7003690FA31830636DFFE31D56836DFFE31E3628F3BFE73
:209B47004C11DF0DCFA6FA02FEF314CF86FA81EF314C21DF05FE9C21EFEE4C08DF0CFEDD4C
:209B670014FEA51BCF86FA81EF184C02DD144C04DF06CF98FA19EF0AD1DD07E598FACF3A19
:209B8700FE043690FA31850C7100D0FE7100BEFB710890FA515F5FDFFE9FDFFEEE3501DB67
:209BA700CC21FEF320DD09363EFE31B303EEB50136DFFE31D503EEAC013640FE31D303EE9D
:209BC700A301403BFE1161E8EE9A01FEBC20CF98FAF2D7FEF01EDF138F0BFA505CD642B470
:209BE700FB61D307CF98FA22EEE0008F8CFA4C04DF1E8FD2FE4C21DD055004FE27FE36CB4F
:209C0700FE71F461D87150BEFBCF86FA11EEBB004C10DF0D300021FE8E20717088FAEEAADE
:209C2700004C29DF05FED820EF044C02DF06F58CFAEE97006F98FA6F9AFA6F99FA61E8EE6B
:209C4700890040D2FE21DF06CF98FA03EF7DDBCE21FE4420DF18368BFA31A30971208BFABD
:209C6700FE3E20EF66FE2220CF98FA11EF5D4087FA02DF57D599FADF528F88FA31734CD5C6
:209C870092FADF3B3689FA31D31131553ED5D2FEDD39FEE81C715888FAEF30FE991991DF3E
:209CA70005FEC619EF09FE051A91DF09FE5A20715889FAEF0ED5D2FEDD11FEC01CEF0CCF35
:209CC70098FA178FD2FE5004FE5AFD4086FA0261F8EEFEFE5103EC9FCF004C15DF083001A0
:209CE70022FE41FDEF594C06DF1ACF86FA218FD2FE5004FE2FFD36CDFE31F303EED3FE71C7
:209D070040BEFBD74C16DF0CF58CFACF98FA04CF86FA22D74C17DF14714087FA716088FA1C
:209D27007100BDFBF58CFACF86FA26D74C29DF0BF58CFAFCCBCD00FEC61FD74C02DF04F5DE
:209D47008CFAD76F98FA6F99FA6F9AFA61E8EE81FE4087FA0261E8EE78FED592FADF4A36B3
:209D670089FA31D3193688FA31D303EE64FED5D2FE61F8EE5CFEFE041C715888FAD7FEB6F3
:209D87001891DF05FEE318EF09FE221991DF0FFE771F715889FA8FD2FE5004EE87FCD5D2DB
:209DA700FE61F8EE2CFEEED41BCF98FA17EFE7C78F86FA0C7FDD389161F8EE82009161F848
:209DC700EE94009161F8EEFB009161F8EE1C014C0261E8EE7D018FE421FED31E61F8EE72F3
:209DE70001FEA61ECF98FA02CF86FA85EE6401D5A6FA61E8EE5C01F587FA36C8FE31F32C44
:209E07008F3BFE4C11DF0ACF86FA03CF98FA02EF284C21DF09FE891ECF86FA87EF1B4C0833
:209E2700DF17CF98FA19CF86FA02EF0DFED11E403BFE11DFF1CF86FA03F58CFAEE1401DB6C
:209E4700CA21FE531E61E8EE0901FE3D1E715840FEFEA01EEE8600D5A6FA61E8EEF400D55B
:209E67003AFE61E8EEEC00408CFAF0DD3A40D2FE8CDD343690FA318505D53BFEDF328F3BA2
:209E8700FE4C11DF0AFE191ECF86FA84EEC40036DFFE31F31B4C21DD044C08DF13FE011EBA
:209EA700CF86FA82EEAC0030008CFEFB1DFE9C1AE586FA300082FE6CFB71184FFE7158404F
:209EC700FEEE8F00AFB2FB442103DC08DBD021FEC61DDF7FFEB31D36DFFE31F306CF86FAF3
:209EE70081EF70FEBB1DE586FAEF688F3EFE315A4C03DC5FFE371051FD5FDDFE98009FDD28
:209F0700FE8F8EFA4C02DC395004D604182114A9165C03442D01DC29AA0212316C1731AE61
:209F2700035C03449001DF19AFCAFE5C0344F100DC0FAF42FE44F401DD078800719A9FDDDA
:209F4700FE51806F3EFE5C9F9F3EFECF98FA03CF86FA02C6D7C78F86FA98000CDFDD309161
:209F670061F8EE98009161F8EE39010CFE61F8EE48019161E8EE5501408CFA0761E8EE4CE1
:209F870001F58CFA716888FACF87FA02EE3001D598FA61E8EE360136CDFE31F305FE060A65
:209FA700EF1540D2FE2261E8EE2201EBC0FBA9BF0EFAAA02BF10FA3631FA31851440C6FE50
:209FC70001DF0E717810FA71484FFE710831FAEF1840C6FE02DF12717010FA710031FA3634
:209FE70069FA7184364FFE71C1408CFA0661F8F58CFACF98FA04CF86FA22EED000D598FAB2
:20A0070061E8EEC8008F8CFA4C01DF43F58CFA300022FE10FA714087FA8F09FA705C70DF02
:20A02700096071CA5C9F709F09FA607F11FA5C7061E87140BCFBFEA01C045E0014C80023E6
:20A04700A9BF0CFA13045C0014A9BF0AFAEF3E4C02DF16F58CFAC80003300322FEC6F9715F
:20A0670060BFFB7120D1FEEF244C15DD044C18DF0BF58CFA300722FEABF9EF0E4C03DF1209
:20A0870051EF5F87FA9F87FADF08C8000388009F86FA88004C22DD353611FA31A327711853
:20A0A700D1FEEF29408CFA07DF23F58CFAFE1F15CF86FA25CFA6FA03EF13D5A6FADF0ECF1D
:20A0C70086FA03EF087160BFFB7110D1FEC6D78F86FA0CEFDD419161F8EE15019161F8EE99
:20A0E700BB019161F8EEC3019161F8EEEC009161E8EED8018FDB21318E12FE9B1B61E8EE55
:20A10700CA01FE851B3688FA31E503EE9401CFA6FA06CF86FA13D7D598FA61E8EEAD014041
:20A127008CFA0461E8EEA40136CBFE31F30FFED40F31397051075F8AFA6168EF258FD2FE4E
:20A14700730CFDDD0E91DD114C08DD0D51075F8AFAEF0F8F11FAFE561A313851075F8AFAEF
:20A16700616B9F8AFA5CF861F8EE6001FE1B1B8F11FA314A708FA4FA313A61785C07DF0E73
:20A18700605C07FE461A4CC061F871408BFA51F85F8AFA4C18DF30368BFA31C52A30327FA1
:20A1A7005F0EFAD642DAFE61D31DAF10FABF08FAAF0EFABF06FACFA6FA06FEE41A51159F8A
:20A1C70086FA717888FAD7F58CFA4098FA03DF045112EFEBCF98FA10EFF6320500FEB81AE9
:20A1E70061E8EEE700F58CFACF98FA10CF86FA12D7D598FA61E8EED3008F8CFA4C1EDF1730
:20A20700716088FA300002FE1BF8CF86FA16FE901A714087FAEF4A91DF39FEBC1A04260082
:20A2270014368BFAA9BF0CFA1304240014A9BF0AFA714087FA31C309FE661ACF86FA16EF1E
:20A2470020320500FE511A61E8CFA6FA06CF86FA13EF0E4087FA0161F8CF87FA02CF86FA5E
:20A2670002408CFA02DF087160BFFB7120D1FE3611FA31A30751FD5FD1FEEF097160BFFB20
:20A2870051026FD1FE9FD1FEF58CFA300003FE94F7300004FE8EF730000CEE88F7D5A6FAAC
:20A2A700DF2ACF98FA06CF86FA14D7D598FADF1CFE1C13FE1018DF05FEE619EF03FECA1984
:20A2C70051EB5F8BFA9F8BFACF86FA02D78F86FA0CBFDD6C0CFE61F8EEB3009161F8EEF21A
:20A2E700009161F8EE57019161F8EE85019161F8EE90019161F8EE94019161F8EEBE0191CB
:20A3070061F8EECF019161E8EEE001D598FA61E8EED80171188BFA7110BEFB513F5F89FA45
:20A327009F89FAF6BF10FABF0EFAF587FA51E05F3EFE4C8061E8EEAE01CF98FA03EEFA002E
:20A3470036C9FE31E30C51806F8AFA5C879F8AFAEF30FEBE12D1DF0C51206F8AFA5C279FE0
:20A367008AFAEF1EFE8012D1300C0061F83003006073313851075F8AFA616B9F8AFA711035
:20A387008BFAF58CFACF98FA10CF86FA43D7D598FA61E8EE55018F8CFA4C01DF0FFE25195C
:20A3A700DC05FEE518EF28FEF718EF234C03DF10D59AFADF0BFE2F12D1DD14FEFF16EF0FE1
:20A3C700FEF71861E85007510AFE59F6FEC218F58CFAD7D598FA61E8EE10018F8CFA704C77
:20A3E70001DF14F58CFAFEDC18DC065103EC9FCF005103EC76CF004C0361F8EEED008F8945
:20A40700FA725CC04C40DF14604C02E6A161E8F660733168625C3F616B9F89FAFE9B186151
:20A42700E85007510AFEFDF58F8CFA4C15DD084C02DD044C1861F8F58CFAFE5418D7D5A60D
:20A44700FA61E8EEA5008FDB21FE631861F8EE9A00FE361871288BFA8F3EFE718C3046048E
:20A4670061C83049019FA6FA609F86FA300421EEB3F58F98FA6FA6FADF71CF98FA06CF864D
:20A48700FA47D7D598FADF63CF86FA48D7408CFA07DF58F58CFA71188BFAF587FA513F5F94
:20A4A70089FA9F89FA7110BEFBCFA6FA02F6BF10FABF0EFA300421FE6BF5EE7DFF408CFADC
:20A4C70007DF28D5A6FADF23F58CFACFA6FA05CF86FA4AD7D598FADF12D5A6FADF0DCF9871
:20A4E700FA06CF86FA4BD7CF86FA85D78F86FA0CAF4C02DC660CFE61F8EECF009161F8EEE7
:20A50700E7009161F8EE0E019161F8EE3F019161F8EE5A0191DF43D598FADF3E8F8CFA705F
:20A527004C01DD304C03DD328F89FA735C0391DF14604C02E6A161E8F6605C0370635CFC96
:20A5470061689F89FA8F8CFA4C15DD084C02DD044C1861F8F58CFAFE3717D7D598FADFFAE4
:20A567008F8CFA4C01DF11714087FACF86FA53F58CFA30000BEEADF44C03DDDE8F8BFA311A
:20A58700330640D2FE61DF0B71BB9F8BFA300761FE92F48F8CFA4C02DF0FF58CFA71008BEC
:20A5A700FA30000BFE7EF4EF184C15DD044C18DF0C30070BFE6EF430070AFEEB1671188B61
:20A5C700FAFECD164C44DF92EEC2003689FA31A310D5A6FADF84FE3011FEC516CF86FA54B8
:20A5E700D7FEBD16CF86FA55D7D598FA61E8EE69FFD5A6FA61E8EE61FF8FEB21318E12FEB5
:20A60700961661E8EE53FFFE8016CF98FA06CF86FA57F58CFAD7408CFA07DF18D5A6FADFF3
:20A6270013FE6616F58CFA712889FACFA6FA08CF86FA56D7329600FE5E1661E8EE1BFFFE73
:20A647004816714887FACF98FA11EE0AFFD5A6FA61E8EE05FF714887FA71088BFAFE3116C5
:20A667004C4461E8EEF3FED598FADFC3EF1FD598FA61E8EEE4FE714887FA71403EFE51F616
:20A687005F8BFA9F8BFAFE08164C44DF0EFEA70F9161F8FE6014CF98FA0BD740D2FE6161ED
:20A6A700E8EEB6FECF98FA12D78FDFFE735C1070DD23403BFE11DF1D3640FE31D31763315B
:20A6C700731351EE5FDEFE9FDEFE6371FA5CEE9FDFFEEE4A018F8CFA724C0BDF173640FEE3
:20A6E70031D51151F05F86FA4C8061E8CF98FA02F58CFAD78F90FA75310508D53BFE61F81F
:20A70700EE8E018F3FFE745C0273DD0CD0E061F8F065312503EE7901D061E8EE7301624C73
:20A727000B61F8EE6B014C0D61F8EE64014C0ADF62403BFE1130030061E83002039F98FA4C
:20A74700609F86FA8F89FA705C0391DF07605CFC709F89FA605CC04C40DF06605C3F9F89C1
:20A76700FA8FD2FE704C0DDF0C51035FD3FEDF0530000DEF06604C60DE04E0FEA7F2FE09BF
:20A7870015E587FAF58BFAF58CFA7150BFFB717888FAD74C08DF3151075F8AFA36C9FE31B8
:20A7A700830471FAEF026C189F8AFACF98FA10F58CFACF86FA528FD2FE700CF64C02DC0779
:20A7C700409AFA4160DF16D74C09DF16CF86FA418FD2FE4C0ADDF0409AFA41DDEA5004EEB7
:20A7E70043F24CF0DD0640D2FE8CDF204086FA83DD1ACF98FAFEFE080F51385FA4FA61E8E6
:20A80700CFA6FA14FE8314CF86FA83D78FD2FE4C60DF1B3640FE31D30B4098FA11DDA8CFB1
:20A8270098FA11D77140BFFB300060EEF7F14C62DF0C645CF04C90DD8ECF8CFA0DD74C8130
:20A84700DF0E64310306300081EED9F1E53AFED74C82DF18D3E061F8F06431050460310514
:20A8670005CF3AFE02D7300082EEB9F14C8361E8EE54FFD3DF15403BFE21DF09CF3AFE03F6
:20A88700CF98FAFFD7300283EE9AF1300083EE94F1624C0D61F8CF3AFE048FD2FE704C608C
:20A8A700DF097140BFFB300060EF15624C0B61F87140BFFB604C82DF0636BFFB31C504E050
:20A8C700FE62F136BFFB31C510715040FE51F85FD1FE9FD1FE7118DDFE8F4FFE7571BB9FC6
:20A8E7004FFE8F3FFE725C0270DF0E3690FA318505D53BFEDD4BD1DD0B3690FA31A505D531
:20A907003BFEDD3D408CFA0DDD378FDEFE71BC61D8712092FA71FC61D8716092FA8FDFFE99
:20A927007071BC61D8713092FA36DFFE31C54F51EE5FDEFE9FDEFE6071FA5CEE9FDFFEEF40
:20A9470039F592FA8F90FA73718B9F90FAD0DD0C635CFA9F90FA62719B9F3FFE7118DDFE3C
:20A96700655CF59F4FFEF6BFD0FE7100BEFBAFDEFE5C08085C8808BFDEFECF98FAFF4086DD
:20A98700FA83DD1AFE7A0D8FA4FA705C38DF0B605C07DD0ACFA6FA11EF04CFA6FA14FEA25C
:20A9A700F0CF86FA83D7200C8F85FA318EC18F82FA318EC13066FAC1AEF8040C0012341253
:20A9C700FAA1A1FE33081006A808B800317503EE2101440000DF134082FA0261C8EE1301A5
:20A9E7006168DF06FE3412EE5801A806B80A312DB8040469FA14895CC0734C40DF29A800BE
:20AA0700312D16FE7A12DD1F170412FA14A8040468FA16A95C0312AB314E5C03CEFB01362F
:20AA2700000034F401EF44D3DF24A800312D16FE4E12DF1A170412FA14321027A95C03FEC0
:20AA47001E12CEFB0B00360000341300EF1D634C80DF39A800312D12FE2512DF2F13041297
:20AA6700FA1432F401A95C03FEF511CEFB0B001431AD12AF0EFA5C03031615316D31CE12C3
:20AA8700AF10FA085CF00803B802EF24AF10FA085CF00816A800312D0412FA14A95C03125B
:20AAA700316E07B802AF0EFA5C031431AC13051617BF0EFAA802BF10FAA8040466FA14A9DC
:20AAC7005C0312AF0EFAF05CFC03BF0EFA51835F11FA73A80A608131495C70616B9F11FA35
:20AAE70051F85F88FA73A80060815C07616B9F88FAEF4F8F09FA705C70DD3460314A5C077E
:20AB07004F85FA61C329FEAC00D1DD238F09FA314A5C075004D60462FA14A95C036168DDDC
:20AB27000EAF08FABF10FAAF06FABF0EFAEF03FEE9108F11FA314A5C07318EB1B8067120F0
:20AB470011FAAF10FAB802316D16A806312D0466FA14A95C03B80012AF0EFAB80431AE070D
:20AB67005C034361D320A8045C03161331AD07BF0EFAA802085CF00812A800316E616B08C5
:20AB8700616A08BF10FAA95C0312AF0EFA145C034361D30715FE3F10BF0EFA3610218F1120
:20ABA700FA718471899F11FA3694FA718471999F11FA100CD7C78F0DFA75316A748F09FA28
:20ABC700314A5C0791318E12312CC0C34969FA316A614CDF34655CC0DF0AFE1C106168E109
:20ABE700DF24C6D74C80DD044C40DF1DFE0A106168DF16C2C37968FA7F0DFA087F0CFA5CD4
:20AC0700F0085C3FEFD7F1EFD9F1EFD62008AF3A21BF18FAAF3821BF16FAAF3E21BF1CFAA8
:20AC2700AF3C21BF1AFAAF4221BF20FAAF4021BF1EFAAF4621BF24FAAF4421BF22FAAF4A81
:20AC470021BF28FAAF4821BF26FAAF4E21BF2CFAAF4C21BF2AFA8FCDFE312A5C079F82FABF
:20AC6700AF1E215C0312AF12FAF05CFC03BF12FA6C905C93BF12FAAF14FAFE480FBF14FA08
:20AC870040C6FE02DF14FE660F128F1B21318E317D5C01085C800803EF03FE520FBF14FA8D
:20ACA70036C9FE8F15FA71D471999F15FA3694FA718471A99F15FAFE050F8F15FA71B99FFB
:20ACC70015FA5C0F704082FA02E13C00718C6071C936C9FE71E471D99F15FAF198024F826B
:20ACE700FADE78318E12312CC0C34915FA316AD1DD044C02DF3EAFCCFE5C0332F401CEFB74
:20AD07000116A8000412FAB80014AA02316DB806A9B80431AE14A80635055C031417360089
:20AD270000CEFB0B0014A8045C03121543DE275C0312EF1A91DF1FAFCCFE5C0312A800040B
:20AD470012FAB80014A9B8045C034361D308C4C5A804FE820EB9880281EF811008D7200AC1
:20AD6700C1AFCAFEB802F6B804A800340000320E00FC80D000AF1C215C0312C4C5A9F05CE5
:20AD8700FC03B96C905C93B9AA02FE380EBA028F1A2131495C30708A025CCF61689A023612
:20ADA700C9FE8A0371D471999A033694FA718471A99A03FE090EC4C58A0371B99A03360FA5
:20ADC7002132F401718471C99A0336C9FE71E471D9775C3F9A03A8025C03CEFB01B80A1365
:20ADE700B808675C3E40C6FE0261F8718A9A031504040014AF2221BA02AF2021B9A8001252
:20AE070004080014AF2621BA02AF2421B913040C0014AF2A21BA02AF2821B91304100014D3
:20AE2700AF2E21BA02AF2C21B91304140014AF3221BA02AF3021B91304180014AF3621BAE3
:20AE470002AF3421B9F198028FCBFE312A5C07980370518012A8047C804361C8EEC500A82E
:20AE67000014040300168B5CC04CC0DF3C15A1A114A9311EF1FE690D1613B806C4C5899873
:20AE87000371FB318E12A8064400001761F843A8064400001761F843DC02C3C6880371FCC2
:20AEA70066FBF8FF71F999EF70AA0212316CA9B80631AE035C03FE280D14A8065C0316F66E
:20AEC700431761F84561C306C4C5A95C0314155C0316C4C5A9F05CFC07B806B9AA02123133
:20AEE7006CA80631AE035C03B80644900130F4011261D8322C0117FBF8FF4361D30FA80651
:20AF070044900132F401DE09322C01EF04A95C0312A9FEC20CB9615902AB040400BB6179A9
:20AF270004EE24FF88029F8EFA8803100CD7200C302EFAB804302EFAFE23FE98009F83FA5B
:20AF4700F7D983FA518014137C8045DE53A80416FED30B4CC0DF28AF42FE340500CEFB038E
:20AF670000B8028B980171FB318E14A80245DC0315B802880171FCA8026071F99BEF17EB1A
:20AF870042FEABB8025C034561E314155C0314A802F05CFC05BBA804040400B804A3EFA12C
:20AFA70040C6FE02DF71C0C18F8EFA776140DD67FE190CDF62675004D6042AFAB8028800E1
:20AFC700318E1614B515B80617312D042AFAB804D98EFA518016157C8047DC3BA8041450D9
:20AFE700058971FBD6B808A80216ABB80A5C0314A8084561C8155C0314A80AF05CFC05BBBA
:20B00700A80404FCFFB804A80204FCFFB802A80614B515B806EFB913312D042EFAB802C056
:20B02700C1518014137C8045DE11A80214F6B9BA02A802040400B802A3EFE4100CD7F61418
:20B04700320E003012FAFC80D0005400E7A33082FAFC6CD0008F3BFE4C08DF2EE583FAAF25
:20B067002EFAF05CFCBF2EFA6C905C93BF2EFAAF30FAFE500BBF30FA513E5F31FA40C6FE68
:20B087000261F8718A9F31FAEF144C21DD0D36C9FE31E30736C8FE71B461D8FE90FE36C833
:20B0A700FE31A30D36C9FE31E307403BFE1161E8D7EE58FBFE080B3615FA71B1FE000B36F0
:20B0C70031FA71B1D78FC8FE7031251951DD5F15FA728FC9FE7371DC627199726371EC62ED
:20B0E70071D99F15FA6071BC61C8D751DD5F31FA738FC9FE7071DC637199736071EC637115
:20B10700D99F31FAD720048F11FA314A5C0791728F31FA703105128FC6FE7391DF0B7108E3
:20B1270031FA51EF5F4FFEEF188FC6FE734C02DF1360718A9F31FA3610FA8F4FFE71F471CD
:20B14700C99F4FFE624F83FA61C8EEA700318E312DB8000406FA16042B001417042800B81A
:20B1670002895CC04CC0DF5593DF0CFEC0FDCF98FA03510C1004D7A802148971FB70517F09
:20B187005F0EFA614861C36CA5500589D612AF10FA317D14AF0EFA319E055C071443DC54AD
:20B1A700C2C37930FA311EF112312D0312154361C3428F11FAFEF70951031004D78F11FA6C
:20B1C7009802EB0EFA3133063611FA31A50DAF10FA316D12AF0EFA31AE0314C2C3792EFA11
:20B1E7005C0312155C034361C30A4242FE61C3048802EFC151041004D7C5C32006C11688C1
:20B2070012318E12B313B802C3C415BB13FBF8FF317336312D1261090AFE0A094C40DF210D
:20B227008814318EC1FE7809B806A1A116AB12A80616ABFE2F021271FCC6A8081413B9DE48
:20B2470008C6C7ABB11412EFC1A800A1B8041631F545A80212C3C4FBF8FFAB35B913317315
:20B2670036312D1261090AFEBC084C80DF218814318EC1FE2A09B808A1A116AB12A8081637
:20B28700ABFE3B011271FCC6A8081413B9DE08C4C5A9B11412EFC0A8041631F543A8021268
:20B2A700FBF8FFAB14A802B913317334312D1261090AFE7108DF218814318EC1FEE108B872
:20B2C70004A1A116AB12A80416ABFE17001271FCC6A8081413B9DE08C4C5A9B1B802EFBFC6
:20B2E700E1100CD7C5C1200E316CA80E31AE03B80A5C0316321500FE8008B80617FBF8FFBF
:20B30700321300FE7408B8088816318EB80412312DB80C61091004FCFFBB13EF3331733518
:20B32700ABFE02084C40DF21ABFEED0712A8084361C316ABFED90714A80645DC0CA80EFEBF
:20B347004308FBF8FF4361D30CAB04FCFFBBA802B1B802EFC8A802317562A81061090C0411
:20B36700FCFFBBA804B1B81031734FABFEB707DF2CAB14AA0212316CA931AE037E0B087ED2
:20B387000A085C036168DF0CA95C0312A80E5C034361D326AB04FCFFBBA810EFC84C80DF36
:20B3A700F3ABFE740712A8084361C3E8ABFE600712A80643DCDEAB14EFCEA8101012D7C59F
:20B3C700200CFE9D07EF2C31732EA800FE57074C40DF1BFE6F0761C315A800FE320714FE83
:20B3E700270745DC09A802FE9B074361D30AFE1007A806B1B806EFCFA806FBF8FF3175628B
:20B40700FE2B07B1B80C317357ABFE1907DF17ABFE060716321500FE6007B8061732130034
:20B42700FE570716EF0F4C80DF2DABFEEB061615FEDD06B806A80412316CA80231AE035C16
:20B447000347FBF8FF61C30FFEBE06614906DC07ABFEE60661D309AB04FCFFBBA80CEFA3A4
:20B46700A80C100ED7C5200CFEF706EF2B31732DA800FEB1064C40DF1AFEC90661C314A8B6
:20B4870000FE8C0612FE810643DC08A800FEAA0661D30AFE6B06A806B1B806EFD0A806FBCF
:20B4A700F8FF317303EE9000FE8306B1B80C317503EE8200A800FE6D06DF27A800FE590630
:20B4C70016321500CEFB02341400CEFB0300B80617321300CEFB02341400CEFB0300B80870
:20B4E700EF114C80DF48A800FE2E06B80815FE1F06B806FBF8FFA80412316CA80814A80207
:20B5070031AE035C034561C325FEFD05614906DC1DA8025C0332F401CEFB01360000CEFBB3
:20B527000B0016C4C5A95C0312174361D308FED005A80CEE75FFA80C100ED78FDCFE9FAC64
:20B54700FAF5ADFA8FD7FE9FAEFAF5AFFA8FD4FE70312A5C069FB0FAE5B2FA403BFE21F112
:20B5670061F88FDDFE9FB1FA8FCFFE31131536CFFE31B51631C306CFADFA08EF0DCFADFA19
:20B5870010EF07719A5C069FADFA368FFAF131A506CFAFFA0251027331B50671AA739FAF57
:20B5A700FA31E50671BA739FAFFA603125066371CA9FAFFAAFAAFA6C03086C80085C03BF0A
:20B5C700AAFAD78FCFFE70311A6150605C01D7CF87FA027128D1FE3688FA71E461C87130FC
:20B5E700BEFB716888FAD7363EFE3183247184F11C003689FA31A319D1DF16368BFA318332
:20B607001036C9FE31850A8FCEFE316A5C017C01D7F1D78FCEFE312A5C034C03DD174C0142
:20B62700DF06363EFE31830D4C02DF07E15F3EFE7C01D7F1D7E1D736C9FE31E52B51C05FB9
:20B6470089FADF243689FA31C31E8FCEFE312A5C034C01DF08363EFE318502E1D74C02DF3A
:20B6670007E15F3EFE7C01D7F1D771108BFAFE76FFD1DF0CFE7F04CF98FA0BCF86FA44D798
:20B68700FE3A04D751035FCEFE4C03DD1F4C02DF07FC446E00D1DD1451035FCEFE91DF0A29
:20B6A700FC446E0091E161E8F1D7F1D7E1D736C9FE31D53151035F89FADF2A3689FA31C3B2
:20B6C7002451035FCEFE4C02DF09FC446E00D1DF02E1D751035FCEFE91DF0AFC446E00913A
:20B6E700E161E8F1D7F1D7368BFA31930BE15F3EFE30020361E860D75144D7510F5F87FA22
:20B70700D7CFA6FA18ECA1BE0036C9FE718461C8D7CFA6FA07712089FAD7200451A06F3E64
:20B72700FE71EB9F3EFEFCBF6D00D1DD37F545FEFCDB6D00D1DD2DAF80FEB800AF82FEB89D
:20B74700028800315A5C034C01DF05302C01EF074C02DF0630F401BF42FE51606F3EFE71C6
:20B76700FB9F3EFE1004D7AFAAFA6C0C5C0C085C7F08FE59038F50219FB6FA8F51219FB7E3
:20B78700FA8F52219FB8FA8F53219FB9FAAF5421BFBAFAAF5621BFBCFAAF5821BFBEFA8FA0
:20B7A7005A219FC0FA8FCFFE70311A5C0173DD0660718C6371999FC1FA36CFFE31B508319E
:20B7C700C30571AA9FC1FA8F5B219FC2FA8F5C219FC3FAD7AFAAFA6C0A086C80085C0AFE57
:20B7E700EC028F5D219FB6FA8F5E219FB7FAAF6021BFB8FA8F62219FBAFA8F63219FBBFA2D
:20B807008F64219FBCFA8F65219FBDFA8F66219FBEFA8F67219FBFFA8F68219FC0FAD78F9A
:20B827006921318E04040012317CAFAAFA319D319E03BFAAFAAF0021BFACFAAF0221BFAE27
:20B84700FA8F6A219FB0FA8F6B219FB1FA8F6C219FB2FA8F6D219FB3FA8F6E219FB4FA8F55
:20B867006F219FB5FA8F70219FB6FA8F71219FB7FA8F72219FB8FA8F73219FB9FA8F7421F7
:20B887009FBAFA8F75219FBBFA8F76219FBCFA8F77219FBDFA8F78219FBEFA8F79219FBFD7
:20B8A700FA8F7A219FC0FA8F7B219FC1FA8F7C219FC2FA8F7D219FC3FA8F7E219FC4FA8F55
:20B8C7007F219FC5FAD7AFAAFA6C095C09085C7F08BFAAFAF6B1BFACFAF6BFAEFACFB0FA2F
:20B8E7004ECFB1FA6FCFB2FA74CFB3FA20CFB4FA53CFB5FA75CFB6FA70CFB7FA70CFB8FA5C
:20B907006FCFB9FA72CFBAFA74CFBBFA65CFBCFA64F5BDFAD7AFAAFA6C025C02085C7F0867
:20B92700BFAAFAFEA001DF17AFA8FABFACFA8FD6FE9FAEFA8FD4FE3159314A9FAFFAD7F62D
:20B94700B1BFACFACFAEFAFFF5AFFAD7FC6B4F00343E064100BA2E11AF0A20BA3211AFFAF8
:20B9670000F05C0F16510F5F0B21318E128FF820318E31CD0703BA3EA96C02B9D78FD2FE27
:20B987000CFE61F8EE98000CFE61F8EEDA000CFD61F8EE93009161F8EE92009161F8EE91D6
:20B9A700009161F8EE94009161F8EEA6000CFE61F8EEA3000CFD61F8EEB2009161F8EEB117
:20B9C700009161F8EEB0000CFE61F8EEAE000CFE61F8EEAC000CF461F8EEAA000CFD61F889
:20B9E700EEB7000CF661F8EEA1000CEC61F8EE9F009161F8EE9E009161F8EEA2009161F8F9
:20BA0700EEA1000CFE61F8EEA4009161F8EEA3000CF661F8EEA1004C0E61F8EE8B00D7CF64
:20BA270098FA0ECF86FA12D7CF98FA05D7CF98FA0AD7CF98FA0CCF86FA58D7FEA9FBD1301A
:20BA4700440B61E830510D9F98FA609F86FA71108BFAD7FE6700D751035FD3FEDF05CF9821
:20BA6700FA13D7CF98FA23D7CF98FA08D7CF98FA14D7CF98FA15D7CF98FA18D7CF98FA1CDA
:20BA8700D7CF98FA1FD7CF86FA21D7CF98FA0FD7CF98FA1AD7CF98FA1BD7CF98FA1ED7CF19
:20BAA70098FA1DD7CF98FA16D7CF98FA12D7CF98FA30D7CF98FA31D7CF98FA32D7CF98FAC5
:20BAC7000DCF86FA51D751C05F0DFA4CC0D7BFAAFAAF0021BFACFAAF0221BFAEFAAF0421DC
:20BAE700BFB0FAAF0621BFB2FA8F0A219FB4FA8F0B219FB5FAD751406F89FA71FB9F89FA9D
:20BB0700D7A80404FCFFB804D7A808314E5C03D7A1A114A9314E5C03D714AA0212316CA9D8
:20BB270031AE035C03D704030014895CC0D7A81061090A04FCFFBBA80CD714A95C0312A808
:20BB4700065C0343D7A80812316CA80414AA02316D16A931AE075C0314A80631AE035C03EF
:20BB670045D7B80613B8088816318EB80C12312DB80E0504FCFFB80413D7CEFB02341400FD
:20BB8700CEFB0300D75C031215CEFB0136000034F401CEFB0B0016A80414A95C031217D79A
:20BBA700A81614FBF8FFA7A7A7A71361090CD7314A5C077051F85F88FA61689F88FAD7FE87
:20BBC70001FA718CD7086C015CF108D75004D6042DFA14895CC0D7F05CFC616B08616A081A
:20BBE700D714A80C12A80E360000CEFB0B00D7AF14FA5CFE085C7F08D7A8040466FA14AA4F
:20BC0700027F0DFA087F0CFA0812316CA97F0BFA087F0AFA0831AE035C03D7AF0EFA5C0363
:20BC270012AF1E211431AD03BF0EFAAF10FA085CF0081215316D31CE03BF10FAAF66FA5C31
:20BC47000312AF0EFAF05CFC03BF0EFA51106F11FA5C979F11FAE16F88FA5CF99F88FAD768
:20BC6700CEFB0116A8080466FA14AA02316DB806A931AE14A80635055C031417360000D792
:20BC87000415FA14895CC04C40D75103FC9FCF00D7FE53FA9F86FAD75103FCD7CF004C0254
:20BCA700D75103FC76CF00D7FE7ADDF58CFAD7318E125103FCD7CF0091D771188BFA408C8A
:20BCC700FA025003D730000AFE5ADD714087FACF86FA458F3EFE718CD7AF10FABF08FAAF3A
:20BCE7000EFABF06FA8F09FA314A5C075004D60406FA12D7FE12FAFCA1BE00CFA6FA05D73F
:20BD07007130BFFB7100D1FED7CF98FA0CE16F89FA719B9F89FACF86FA58D7F6BFDEFED756
:20BD27002004FBF8FF8FDEFE9B314A708FDFFE736D61685C0198018B70311A7263311A750F
:20BD470060315A616A616D5C01748F3BFE724C21DF2F36CFFE31D51D8800313315718B753A
:20BD6700718A709FDEFE8800719C60DE12656C05EF0A31D30C8800313507719A9FDEFE98FF
:20BD870000624C11DF2A36CFFE31E51A880031731271CB7071CA9FDEFE8800315512606C15
:20BDA70050EF0A31E30A880031750571DA9FDEFE624C21DD044C11DF2D51805FCFFE70DDB9
:20BDC7001B63313314718B72718A709FDFFE63719C60DE11626C05EF09D0DF0A63313506FF
:20BDE700719A9FDFFE738FDEFE98025C77708FCFFE980071DC6071B970880071EC6071F910
:20BE07009FDEFE880270312A7263312A7560316A616A616D718C6371E973880071FC63711C
:20BE2700B9759FDFFE60311A7263311A7760315A616A616F5C0172880170D0DF1B880270FD
:20BE4700314A77636168616FFBF8FF5C014E01DD076571CA759FDFFE6571EC6471E9D1E0A9
:20BE670061F8F0D2DD0B603103076571DA759FDFFE65314A73880070315A7260316A708841
:20BE870000317A7465315A616B616A61685C01616C30000761E8601004D720088FA6FA7070
:20BEA70031430F8FA7FAD1DD146148DD109FA6FAEF0B7148A6FAFECE037108A5FA8FA6FAC8
:20BEC700D1DF077108A5FAEEA90336A5FA318503EEB10291DD3F9161F8EE620291DD6B9170
:20BEE70061F8EE00019161F8EE1B019161F8EE4C019161F8EE21029161E8EE6A0236C9FEAE
:20BF070031850B363EFE719461D87170BCFB712889FAEE09027140BCFBF6BFD8FEBFDAFE72
:20BF270051F85FA4FA9FA4FAD53BFE61E8EE370271EA5C789FA4FA302003BFA2FAAFF0211F
:20BF4700BFA0FA7100A5FAEE1D027150BCFB8F0DFA316A91DD1191DD6991DD43AF0CFAFE01
:20BF67005C03323200EF74AF0CFA16FE50031417314E5C0305321900CEFB02B800BFD8FE07
:20BF8700AF0AFA5C0332F401CEFB01360000CEFB0B0012BFDAFEAF42FE4361C30AEF0BFE8C
:20BFA7003303B800FE2303BFDAFEA800BFA2FAFED50251075F88FA7051F85FA4FA6168EE53
:20BFC700A201AF0CFA14316D1215314E5C0314AF0AFA31AE035C0305321900CEFB02B80070
:20BFE700FECC02EFC27110BCFBF6BFD8FEBFDAFE302003BFA2FA308A02BFA0FA51406FA4FC
:20C00700FA5C47EE09017100BCFB308813BFD8FEAF2EFA5C03320A00CEFB02BFDAFE308E6A
:20C0270012BFA2FAAFF221BFA0FAE16F88FA5CF99F88FA51886FA4FA5C8FEED2007120BC4B
:20C04700FB51C05F0DFA754CC0DF09FE870216FE7802EF10AF0CFAFE6402323200CEFB02A2
:20C0670016FE4B021217B80213BFDAFED988FA6098018FA4FA9800313A61785C07DF58656F
:20C087004CC0DF42A80212EBA2FA154361D30F04F40143DC09FE0E0271EA71FBEF2115472C
:20C0A700DE131704F40112154361C309FEF70171FA71EBEF0AAFFE21BFA0FA88005C3F736E
:20C0C70017BFA2FAEF3DAFFE21BFA0FAA802BFA2FA88005C3FEF2BFECC015C3F9800A802AA
:20C0E70042A2FA61D30F325F00FEA001BFA2FA880071FAEF0D326900FE9101BFA2FA880090
:20C1070071EA73635CC77088013159312A61689FA4FA7100A5FAEF4F36C9FE318306711852
:20C127003EFEEF143689FA8F3EFE71A471999F3EFE719C36BCFB71E1FCCCC800EF297130A6
:20C14700BCFB308813BFD8FEBFA2FA30F401BFDAFEFE3301E1706F88FA5CF99F88FA606FF1
:20C16700A4FA5CF99FA4FA36A5FA318309F5A6FAF5A7FAEEFD008FA6FA9FA7FAE1FC76CF4F
:20C1870000EEEF00DBA0FAE1FCD7CF009161E8EEBB008FA5FA9800310303EED6008FA4FA52
:20C1A70098015CC061F8EECA004C40DF3CAFA2FAB806325C00FED4001413440000DBB2FBAF
:20C1C70013B8041561F843DE74FECE00DE6FA806326C00FEB600FBF8FF141344000015619A
:20C1E700F8614904DE45EE8A004C8061E8EE8300AFA2FAB806326C00FE91001413440000D0
:20C20700DBB2FB13B8041561F84361D330FE8A00DE2BA806325C00FE7200FBF8FF14134411
:20C2270000001561F861490461C3488B5CC17088028161015C3E61689FA5FAEF36AFFC2158
:20C24700BFA0FA88015C3F9FA4FAEE2FFFE1FC9FCF00FE3200F5A6FAF5A7FA51C05FA5FA4C
:20C2670070513F5FA4FA9FA4FA609FA5FAAFD8FEBFA2FA36A5FA510731850951C05FA4FA05
:20C28700E161E8F11008D7F6BFA0FAD7CEFB01360000346400CEFB0B00D78804311A9806AF
:20C2A7005C1F4FEF21D7AFF621BFA0FA8804D7BFD8FEAF0AFA5C03320A00CEFB02D7316D21
:20C2C70012AF0AFA31AE035C03D7BFD8FE30327F5F06FAD6D7AF08FA317D12AF06FA319E09
:20C2E700035C07321400CEFB02D7E6A1BF04FA36C8FE30100071A461C8F612086C01081492
:20C3070036C9FE31B50EAF04FA6C02BF04FA13086C03081431950EAF04FA6C08BF04FA15E0
:20C32700086C08081431A50DAF04FA6C04BF04FA15086C04086C80086C2008BF8A05717B4A
:20C34700E7300300BF02FAAFC8FE31CD12AF04FA616B08616AFE6A0B6C40FE650B6C80FEB9
:20C36700600B6C02FEAD0ADF08AF04FA086C18EF0A4C02DF0AAF04FA086C0808BF04FA36B4
:20C38700C8FE31A30B31B512AF8605085CFEEF06AF8605086C0108BF8605349405AF02FAEF
:20C3A700B9AF04FABA02300303BA10EE4207C78F3AFE4C01DD074C0561E8EEA30034A80552
:20C3C700301800BA02A9086C0408B9FE7909FECE0ADF12AF04FAF05C806168DD12AF8605BE
:20C3E700085CFEEF06AF8605086C0108BF8605403AFE01DF10FE2A0A71083FFE300081FCE1
:20C407002C9A00EF0F348405A9085CFE08B9A9086C0108B9FE880ADF0FAF04FAF05C806191
:20C4270068301000DF05EF06300800BF8E05302111FE2F0A5100318E143208CC5112FC1CAC
:20C447004F00363FFE319512712890FA301100FE1B09510D5F3FFE9F3FFEFE0D0AEED0000C
:20C467004C04DF47AF9805B800FE9108F53BFEA800F112FEDD0934E62161F834E72189F09E
:20C4870003BF9805FEC008FE040AFE1B0AFEE609FEC608FEFF097168BBFB716040FE519003
:20C4A7006F3FFE5C9D9F3FFEEE85004C02DF39E16F3FFE9F3FFED53BFEDF0C31130930003C
:20C4C70082FC2C9A00EF04710090FAFE2F08F53BFEFED4097168BBFB716040FEFE7A08FEC9
:20C4E700B30971183FFEEF484C03DF2AF6BF8005FE2F09E16F90FA71AB9F90FA3000716F85
:20C507003FFE71FB9F3FFEF53BFE71103FFE5183FC2C9A00EF1A3690FA318314FE5009DC49
:20C527000C51F05F3FFEDD05FEB501EF03FE0604FBF8FFF53AFE717BFAFE330961C8EE38ED
:20C547000151F05F3FFEAF8E056061E88F40FE5C1F9B511F5F40FE704DDD388B4C0CDF087F
:20C56700AFA405086C04EF0B604C0CDF0AAFA405085CFB08BFA4058B4C0B8F41FEDF0A7118
:20C58700FA9F41FEFE0709EF0A317507FEEF08717841FE511FFBF8FF5F40FE734D61F8EEE5
:20C5A7008B008B7063FECD07D161E8EE7F00511F5F40FE4C0CDD084C14DD044C1CDF1471DB
:20C5C7006040FE88004C0ADD077168BBFBFE8907FEC20888004C11DD084C19DD044C09DFCB
:20C5E700127160BBFB300300BF02FAAF02FABF9405EF3A4C0CDD084C1CDD044C14DF1E712D
:20C6070060BBFBFE8F08363EFE32200071A461D8323000A9616B08616A08B9EF104C10DDB3
:20C62700044C08DF087168BBFBFC54CF008800FEE104FBF8FF8F41FE735C1FDF11AF8805C1
:20C64700605C0FDF0951E05F40FE6D9F40FE633175278FE521318E12AF9A05312D5C03085F
:20C667005CFC080312FE1D08DF0FFE1108717841FECF3AFE04716040FE717AFA8F40FE73AF
:20C6870031635536BBFB31E34551F05F3FFEDF3E6331733BFE0808DD27635C1F4C08DD20E8
:20C6A700FEB9074C08DD19FEB207DD14AFB0016031030AFC1FCF005104FC76CF00E1C6D7C7
:20C6C7005104FC9FCF00717040FE5107C6D76371FB9F40FE5103C6D75C3F9F40FEF1C6D7DD
:20C6E700C78F3FFE314A980091DD600CFE61F8EE95000CFD61F8EE1A019161F8EE440191C0
:20C7070061F8EE52019161E8EE8001AF9805318E12FE710761E8EE7201FE6207FC54CF006C
:20C72700AF04FAF05CC0440080DD1AAF04FAF05CC04400C061E8EE3A0151035FC8FE4C0288
:20C7470061E8EE2E01301000EE2B01AF8605F0128FCBFE315A5C034C03DF0613086C9CEF4E
:20C767000E4C02DF0613086C4CEF0413086C0408348605B9AA026C10BA02FE110751306FB6
:20C787003FFE5C3FEE0101AF9205F05CC06168DF2BAF9205605C0791DF0AAF9205605C38E8
:20C7A7004C08DF13AF9205605C0791DD0FAF9205605C384C08DF05301400EF1EDBD621FE13
:20C7C700C306DD13AFB2FB44E502DE19AFA005318E12FEB006DF0E300A00FE9005510F5FC9
:20C7E7003FFE9F3FFE51F05F3FFE61E8EE9C00FE8C068F41FE705CE09F41FE60316307AFD7
:20C8070084055CFDEF05AF84056C02BF8405FE5906EF78D53BFEDD07710090FAF53BFE8FDF
:20C82700E621318E125106FCD7CF0091DD5DFE4D06FC54CF00FE3E06FE5A06301000FE2CDB
:20C8470005EF3DAFB2FB442103DE40FE400651806F3FFE5C8FEF3132F401FE2806DF09FEB9
:20C867001C06712090FAEF1BFE7A04D1DF1DFE1D06EF18300800FEF404300062FC2C9A0077
:20C88700FEE705510F5F3FFE9F3FFEC0C18F3FFE314A6140DF02C6D7716040FEEFF88F3E25
:20C8A700FE718C718B735011DC05718A735021639F3EFE609F3BFEFE0D03F1FE4F043000F0
:20C8C70008BF8205D7363EFE319320FE8505DD19AF04FAF05CC0440080DF0E3641FE31D375
:20C8E70007FEAA05715041FED7EF2A3484053641FEA96C04B931D507FE8305715841FE36B8
:20C907003EFE31A30834A405A95CFDB9D734A405A95CFEB9D7348405A95CFBB9AA206C036A
:20C92700BA20D791DF08348405A96C02B9D7348405A95CFDB9D72004DB8805C0C3AF8E05C3
:20C94700315E6071BC8F3EFE71B9759F3EFE51F05F3FFE61E8EE5801625C0F61F8EE0201EB
:20C96700A800314D31CEB802FE0405DC14511F5F41FE4C14DF0B65718A9F3EFEE6B802EFB8
:20C9870016A80031CE60718C6571899F3EFE34AA05A9086C0808B98F3BFE318E12A80243ED
:20C9A700DD08716040FE710090FA6168DD19A80212B1440200DC2504FDFFDD20440400DDEC
:20C9C7001BCF3BFEFFEF3DF53BFE348A05A9085C3F08B9FC54CF00FE6D03EF288F3BFED1C7
:20C9E700DD044CFFDF06629F3BFEEF04710890FA91DF11363EFE302100718461C83011004C
:20CA0700609F3BFEFEC001FEA900AF8805B80031BE6071AC363EFE8F3BFE71A14C21DD4239
:20CA27004C11DD3E4C08DD3AFE31044C10DF30511F5F40FE4C0CDF27348005A9085CFE0837
:20CA4700B9E6A1BA0E8F41FE73315310FE0404DD0BFEE903CF3BFE11710890FAFED303FE2C
:20CA67009B02403BFE11DF25A80031EE12AF9205F05CC0616862DF184F44FEDD0B36D1FEB9
:20CA8700718461D87120BFFB9F44FEEF03F544FEA800BF88053641FE31D5118FE621318E37
:20CAA70012FEE103DF06FED503FECA031004EF031004D7FEB903DC378F41FE705C1F4C141E
:20CAC700DF2D605CE09F41FE34AA05A9085CF708B9301400FE96023641FE31E307AF84057F
:20CAE7005CFDEF05AF84056C02BF8405FE7B03D7302C01BF42FE511F5F3EFE9F3EFEF54525
:20CB0700FE348405A95CFEB9EECD02348405A96C01B9D770511F735F40FE6148DD2C635F13
:20CB270041FEDF26600CF74C03DC130CFDDD0A0CFB4C02DC104C0ADF1130470DEF033021CB
:20CB470011FE1F03D730E502EFF7D712FE0D034C0CDF1F13448813DF0730470DFE0403D744
:20CB6700321400CEFB01360000341B00CEFB0B00EFEAD7C7C1AFB0FBB802327300CEFB018A
:20CB8700360000343075CEFB0B0014C3C6A8002532003CCEFB0114C0C3F661D8B127FBF878
:20CBA700FF32003CCEFB026109001215360000347300CEFB0B0016A8021417360000CEFB0A
:20CBC7000B00316D1004D7AF04FAF05C20616861F8D751035FC8FE4C02DF0D403BFE21DF7C
:20CBE70011AF04FA6C10EF0F4C03DF0E403BFE21DFEFAF04FA5CEFBF04FAAF04FABF960596
:20CC0700D7AF88056071DC61C8D7FE4F027051E05F41FE6168739F41FE600CFEDD400CF919
:20CC2700DD640CF8DD6B4C08DD72AF8405F05C026168E661F8F660718C6371E99F41FE340D
:20CC47008405A96C02B9300C00BA0A635C1F4C13DF5B51106F3FFE5C1F9F3FFEEF4F6331C7
:20CC67005308FEEE0161E8FED301FE9000FED70051E05F41FE9F41FEFEB701348805A90812
:20CC87005C0108B9EF27348005AA285CFDBA28EF14348005AA2A085CFD08EF07348005AA41
:20CCA7002A5CFDBA2AE6B9635CE09F41FE716040FEFC6E5400348805A9085C2008B9D75146
:20CCC700045F3EFE73DF11AF8C05605C074C03DF02E1D7D3DF02F1D7AF8C05605C384C184C
:20CCE700E161E8F1D7AF8C05605C0791DF02F1D7AF8C05605C384C08E161F8F1D7FEF0FD89
:20CD070071083EFE51F35F3FFE9F3FFED77340C6FE02DF2B363EFE318525AF8405F05C016F
:20CD27006168DD1B93DF08AF04FA086C40EF06AF04FA085CBF08BF04FAAF04FABF9605D7E8
:20CD4700AF880531FE60D734A805A96C02B9AA026C02086C0208BA02D7F6BF02FA349405D0
:20CD6700AF02FAB9AA10085CCF08BA10D712FEB10013BA0AD7C17388004C10DF05634C0890
:20CD8700DD3F88004C08DF05634C10DD3488004C14DF05634C0CDD2988004C0CDF05634CE0
:20CDA70014DD1E88004C08DF05634C18DD13634C08E061E8F088004C18E161E8F16158C690
:20CDC700D7E1C6D7348805A9086CC05CC008B9AA02086CC008BA02D7AF04FA085CE7FE33D8
:20CDE70000DF08AF04FA086C18EF0A4C02DF0AAF04FA086C0808BF04FAAF80056168DF070B
:20CE0700AF04FABF9605D7348005F6B9AF04FABA16E6B9D708BF04FA8FCBFE315A5C034C7F
:20CE270003D7348405A9085CFC08B9A9086C0308B9D751606F3FFE5C6F9F3FFED734A4051A
:20CE4700A9086C2008B96371DA9F41FE5106FC76CF00D7AF8405F05C046168D7AF8E056008
:20CE67005C1FD7FE0DFDBFA205D7E6BF8005D7AF800560718CD7715841FEFE98FAD75106E5
:20CE8700FC9FCF00D75106FCD7CF004C02D75106FC76CF00D734A405A9085CCF08B9D7AFBD
:20CEA70004FAF05C406168D7348005A9085CFE08B9AA06085CE208BA06F6BA0E30FF00BA57
:20CEC70008D708BF04FAAF04FA08D736F000300F0A718234F000BAC4F6BAC6716AE5716B05
:20CEE700E1713AE6713BE2711AE6711BE2714AE6714BE2715AE6715BE2712AE6712BE2713E
:20CF07006AED716AE9BAA0AAC8085CFE08BAC8AACA085CFE08BACAD7AFB0016031032DF6E7
:20CF2700BF20FE5100318E14326FCF5108FC1C4F0034B201AA04086C0408BA04C918DB0525
:20CF4700716BE1716BE5A9086C0108B9D7AF38FE6168DF10AFB0016031050934B401A90860
:20CF67006C0108B9716BE1D7A220FECEABACD7C79800FEA3FF8800735002D60422FE14AF23
:20CF870020FEB9E6D3DD040193DFFC6F39FE086F38FE08BF38FEC6D7C774DB38FEC0C3648A
:20CFA700D1C3C66475DD0817311E169512DFF864318E1462310515E764D1DD05311C91DFB9
:20CFC700FBA800617B08617A08BF38FEC6EE7DFFC79800C3C4FB38FE8800D173DD071731AC
:20CFE7001E1693DFF98800318E1266718CF6B800FB20FEF1DE29311C7922FE121743DE0AD6
:20D0070004FFFF16F661D8A1B800172312A80061D8B14400001361F84530010261E360C6F9
:20D02700D7C1C7C3C6C5C2F6B800A80043DD11A80214899BA800A1B800A7A515B802EFEA1C
:20D047001004D7C1C7C3C6C5C2F6EF1243DD13A80214A9BBA7A7A5A515B802A800A1B80092
:20D06700EFEA1004D7C716F6B80043DD0A649BA800A1B800A7EFF3C6D7C716F6EF0A43DD1E
:20D087000B15BBA7A7A800A1B800EFF2C6D720061662318EB8020714B5F7C0C3A802311E87
:1DD0A700B80413F112A8043343DE0F8B70899B6099B5C2C3A3C0C3A7EFE21006D7AE
:20D0C40000000000000000000000000000000000000000000000000000000000000000004C
:20D0E40000000000000000000000000000000000000000000000000000000000000000002C
:20D1040000000000000000000000000000000000000000000000000000000000000000000B
:20D124000000000000000000000000000000000000000000000000000000000000000000EB
:20D144000000000000000000000000000000000000000000000000000000000000000000CB
:20D164000000000000000000000000000000000000000000000000000000000000000000AB
:20D1840000000000000000000000000000000000000000000000000000000000000000008B
:20D1A40000000000000000000000000000000000000000000000000000000000000000006B
:20D1C40000000000000000000000000000000000000000000000000000000000000000004B
:20D1E40000000000000000000000000000000000000000000000000000000000000000002B
:20D2040000000000000000000000000000000000000000000000000000000000000000000A
:20D224000000000000000000000000000000000000000000000000000000000000000000EA
:20D244000000000000000000000000000000000000000000000000000000000000000000CA
:20D264000000000000000000000000000000000000000000000000000000000000000000AA
:20D2840000000000000000000000000000000000000000000000000000000000000000008A
:20D2A40000000000000000000000000000000000000000000000000000000000000000006A
:20D2C40000000000000000000000000000000000000000000000000000000000000000004A
:20D2E40000000000000000000000000000000000000000000000000000000000000000002A
:20D30400000000000000000000000000000000000000000000000000000000000000000009
:20D324000000000000000000000000000000000000000000000000000000000000000000E9
:20D344000000000000000000000000000000000000000000000000000000000000000000C9
:20D364000000000000000000000000000000000000000000000000000000000000000000A9
:20D38400000000000000000000000000000000000000000000000000000000000000000089
:20D3A400000000000000000000000000000000000000000000000000000000000000000069
:20D3C400000000000000000000000000000000000000000000000000000000000000000049
:20D3E400000000000000000000000000000000000000000000000000000000000000000029
:20D40400000000000000000000000000000000000000000000000000000000000000000008
:20D424000000000000000000000000000000000000000000000000000000000000000000E8
:20D444000000000000000000000000000000000000000000000000000000000000000000C8
:20D464000000000000000000000000000000000000000000000000000000000000000000A8
:20D48400000000000000000000000000000000000000000000000000000000000000000088
:20D4A400000000000000000000000000000000000000000000000000000000000000000068
:20D4C400000000000000000000000000000000000000000000000000000000000000000048
:20D4E400000000000000000000000000000000000000000000000000000000000000000028
:20D50400000000000000000000000000000000000000000000000000000000000000000007
:20D524000000000000000000000000000000000000000000000000000000000000000000E7
:20D544000000000000000000000000000000000000000000000000000000000000000000C7
:20D564000000000000000000000000000000000000000000000000000000000000000000A7
:20D58400000000000000000000000000000000000000000000000000000000000000000087
:20D5A400000000000000000000000000000000000000000000000000000000000000000067
:20D5C400000000000000000000000000000000000000000000000000000000000000000047
:20D5E400000000000000000000000000000000000000000000000000000000000000000027
:20D60400000000000000000000000000000000000000000000000000000000000000000006
:20D624000000000000000000000000000000000000000000000000000000000000000000E6
:20D644000000000000000000000000000000000000000000000000000000000000000000C6
:20D664000000000000000000000000000000000000000000000000000000000000000000A6
:20D68400000000000000000000000000000000000000000000000000000000000000000086
:20D6A400000000000000000000000000000000000000000000000000000000000000000066
:20D6C400000000000000000000000000000000000000000000000000000000000000000046
:20D6E400000000000000000000000000000000000000000000000000000000000000000026
:20D70400000000000000000000000000000000000000000000000000000000000000000005
:20D724000000000000000000000000000000000000000000000000000000000000000000E5
:20D744000000000000000000000000000000000000000000000000000000000000000000C5
:20D764000000000000000000000000000000000000000000000000000000000000000000A5
:20D78400000000000000000000000000000000000000000000000000000000000000000085
:20D7A400000000000000000000000000000000000000000000000000000000000000000065
:20D7C400000000000000000000000000000000000000000000000000000000000000000045
:20D7E400000000000000000000000000000000000000000000000000000000000000000025
:20D80400000000000000000000000000000000000000000000000000000000000000000004
:20D824000000000000000000000000000000000000000000000000000000000000000000E4
:20D844000000000000000000000000000000000000000000000000000000000000000000C4
:20D864000000000000000000000000000000000000000000000000000000000000000000A4
:20D88400000000000000000000000000000000000000000000000000000000000000000084
:20D8A400000000000000000000000000000000000000000000000000000000000000000064
:20D8C400000000000000000000000000000000000000000000000000000000000000000044
:20D8E400000000000000000000000000000000000000000000000000000000000000000024
:20D90400000000000000000000000000000000000000000000000000000000000000000003
:20D924000000000000000000000000000000000000000000000000000000000000000000E3
:20D944000000000000000000000000000000000000000000000000000000000000000000C3
:20D964000000000000000000000000000000000000000000000000000000000000000000A3
:20D98400000000000000000000000000000000000000000000000000000000000000000083
:20D9A400000000000000000000000000000000000000000000000000000000000000000063
:20D9C400000000000000000000000000000000000000000000000000000000000000000043
:20D9E400000000000000000000000000000000000000000000000000000000000000000023
:20DA0400000000000000000000000000000000000000000000000000000000000000000002
:20DA24000000000000000000000000000000000000000000000000000000000000000000E2
:20DA44000000000000000000000000000000000000000000000000000000000000000000C2
:20DA64000000000000000000000000000000000000000000000000000000000000000000A2
:20DA8400000000000000000000000000000000000000000000000000000000000000000082
:20DAA400000000000000000000000000000000000000000000000000000000000000000062
:20DAC400000000000000000000000000000000000000000000000000000000000000000042
:20DAE400000000000000000000000000000000000000000000000000000000000000000022
:20DB0400000000000000000000000000000000000000000000000000000000000000000001
:20DB24000000000000000000000000000000000000000000000000000000000000000000E1
:20DB44000000000000000000000000000000000000000000000000000000000000000000C1
:20DB64000000000000000000000000000000000000000000000000000000000000000000A1
:20DB8400000000000000000000000000000000000000000000000000000000000000000081
:20DBA400000000000000000000000000000000000000000000000000000000000000000061
:20DBC400000000000000000000000000000000000000000000000000000000000000000041
:20DBE400000000000000000000000000000000000000000000000000000000000000000021
:20DC0400000000000000000000000000000000000000000000000000000000000000000000
:20DC24000000000000000000000000000000000000000000000000000000000000000000E0
:20DC44000000000000000000000000000000000000000000000000000000000000000000C0
:20DC64000000000000000000000000000000000000000000000000000000000000000000A0
:20DC8400000000000000000000000000000000000000000000000000000000000000000080
:20DCA400000000000000000000000000000000000000000000000000000000000000000060
:20DCC400000000000000000000000000000000000000000000000000000000000000000040
:20DCE400000000000000000000000000000000000000000000000000000000000000000020
:20DD04000000000000000000000000000000000000000000000000000000000000000000FF
:20DD24000000000000000000000000000000000000000000000000000000000000000000DF
:20DD44000000000000000000000000000000000000000000000000000000000000000000BF
:20DD640000000000000000000000000000000000000000000000000000000000000000009F
:20DD840000000000000000000000000000000000000000000000000000000000000000007F
:20DDA40000000000000000000000000000000000000000000000000000000000000000005F
:20DDC40000000000000000000000000000000000000000000000000000000000000000003F
:20DDE40000000000000000000000000000000000000000000000000000000000000000001F
:20DE04000000000000000000000000000000000000000000000000000000000000000000FE
:20DE24000000000000000000000000000000000000000000000000000000000000000000DE
:20DE44000000000000000000000000000000000000000000000000000000000000000000BE
:20DE640000000000000000000000000000000000000000000000000000000000000000009E
:20DE840000000000000000000000000000000000000000000000000000000000000000007E
:20DEA40000000000000000000000000000000000000000000000000000000000000000005E
:20DEC40000000000000000000000000000000000000000000000000000000000000000003E
:20DEE40000000000000000000000000000000000000000000000000000000000000000001E
:20DF04000000000000000000000000000000000000000000000000000000000000000000FD
:20DF24000000000000000000000000000000000000000000000000000000000000000000DD
:20DF44000000000000000000000000000000000000000000000000000000000000000000BD
:20DF640000000000000000000000000000000000000000000000000000000000000000009D
:20DF840000000000000000000000000000000000000000000000000000000000000000007D
:20DFA40000000000000000000000000000000000000000000000000000000000000000005D
:20DFC40000000000000000000000000000000000000000000000000000000000000000003D
:20DFE40000000000000000000000000000000000000000000000000000000000000000001D
:20E004000000000000000000000000000000000000000000000000000000000000000000FC
:20E024000000000000000000000000000000000000000000000000000000000000000000DC
:20E044000000000000000000000000000000000000000000000000000000000000000000BC
:20E0640000000000000000000000000000000000000000000000000000000000000000009C
:20E0840000000000000000000000000000000000000000000000000000000000000000007C
:20E0A40000000000000000000000000000000000000000000000000000000000000000005C
:20E0C40000000000000000000000000000000000000000000000000000000000000000003C
:20E0E40000000000000000000000000000000000000000000000000000000000000000001C
:20E104000000000000000000000000000000000000000000000000000000000000000000FB
:20E124000000000000000000000000000000000000000000000000000000000000000000DB
:20E144000000000000000000000000000000000000000000000000000000000000000000BB
:20E1640000000000000000000000000000000000000000000000000000000000000000009B
:20E1840000000000000000000000000000000000000000000000000000000000000000007B
:20E1A40000000000000000000000000000000000000000000000000000000000000000005B
:20E1C40000000000000000000000000000000000000000000000000000000000000000003B
:20E1E40000000000000000000000000000000000000000000000000000000000000000001B
:20E204000000000000000000000000000000000000000000000000000000000000000000FA
:20E224000000000000000000000000000000000000000000000000000000000000000000DA
:20E244000000000000000000000000000000000000000000000000000000000000000000BA
:20E2640000000000000000000000000000000000000000000000000000000000000000009A
:20E2840000000000000000000000000000000000000000000000000000000000000000007A
:20E2A40000000000000000000000000000000000000000000000000000000000000000005A
:20E2C40000000000000000000000000000000000000000000000000000000000000000003A
:20E2E40000000000000000000000000000000000000000000000000000000000000000001A
:20E304000000000000000000000000000000000000000000000000000000000000000000F9
:20E324000000000000000000000000000000000000000000000000000000000000000000D9
:20E344000000000000000000000000000000000000000000000000000000000000000000B9
:20E36400000000000000000000000000000000000000000000000000000000000000000099
:20E38400000000000000000000000000000000000000000000000000000000000000000079
:20E3A400000000000000000000000000000000000000000000000000000000000000000059
:20E3C400000000000000000000000000000000000000000000000000000000000000000039
:20E3E400000000000000000000000000000000000000000000000000000000000000000019
:20E404000000000000000000000000000000000000000000000000000000000000000000F8
:20E424000000000000000000000000000000000000000000000000000000000000000000D8
:20E444000000000000000000000000000000000000000000000000000000000000000000B8
:20E46400000000000000000000000000000000000000000000000000000000000000000098
:20E48400000000000000000000000000000000000000000000000000000000000000000078
:20E4A400000000000000000000000000000000000000000000000000000000000000000058
:20E4C400000000000000000000000000000000000000000000000000000000000000000038
:20E4E400000000000000000000000000000000000000000000000000000000000000000018
:20E504000000000000000000000000000000000000000000000000000000000000000000F7
:20E524000000000000000000000000000000000000000000000000000000000000000000D7
:20E544000000000000000000000000000000000000000000000000000000000000000000B7
:20E56400000000000000000000000000000000000000000000000000000000000000000097
:20E58400000000000000000000000000000000000000000000000000000000000000000077
:20E5A400000000000000000000000000000000000000000000000000000000000000000057
:20E5C400000000000000000000000000000000000000000000000000000000000000000037
:20E5E400000000000000000000000000000000000000000000000000000000000000000017
:20E604000000000000000000000000000000000000000000000000000000000000000000F6
:20E624000000000000000000000000000000000000000000000000000000000000000000D6
:20E644000000000000000000000000000000000000000000000000000000000000000000B6
:20E66400000000000000000000000000000000000000000000000000000000000000000096
:20E68400000000000000000000000000000000000000000000000000000000000000000076
:20E6A400000000000000000000000000000000000000000000000000000000000000000056
:20E6C400000000000000000000000000000000000000000000000000000000000000000036
:20E6E400000000000000000000000000000000000000000000000000000000000000000016
:20E704000000000000000000000000000000000000000000000000000000000000000000F5
:20E724000000000000000000000000000000000000000000000000000000000000000000D5
:20E744000000000000000000000000000000000000000000000000000000000000000000B5
:20E76400000000000000000000000000000000000000000000000000000000000000000095
:20E78400000000000000000000000000000000000000000000000000000000000000000075
:20E7A400000000000000000000000000000000000000000000000000000000000000000055
:20E7C400000000000000000000000000000000000000000000000000000000000000000035
:20E7E400000000000000000000000000000000000000000000000000000000000000000015
:20E804000000000000000000000000000000000000000000000000000000000000000000F4
:20E824000000000000000000000000000000000000000000000000000000000000000000D4
:20E844000000000000000000000000000000000000000000000000000000000000000000B4
:20E86400000000000000000000000000000000000000000000000000000000000000000094
:20E88400000000000000000000000000000000000000000000000000000000000000000074
:20E8A400000000000000000000000000000000000000000000000000000000000000000054
:20E8C400000000000000000000000000000000000000000000000000000000000000000034
:20E8E400000000000000000000000000000000000000000000000000000000000000000014
:20E904000000000000000000000000000000000000000000000000000000000000000000F3
:20E924000000000000000000000000000000000000000000000000000000000000000000D3
:20E944000000000000000000000000000000000000000000000000000000000000000000B3
:20E96400000000000000000000000000000000000000000000000000000000000000000093
:20E98400000000000000000000000000000000000000000000000000000000000000000073
:20E9A400000000000000000000000000000000000000000000000000000000000000000053
:20E9C400000000000000000000000000000000000000000000000000000000000000000033
:20E9E400000000000000000000000000000000000000000000000000000000000000000013
:20EA04000000000000000000000000000000000000000000000000000000000000000000F2
:20EA24000000000000000000000000000000000000000000000000000000000000000000D2
:20EA44000000000000000000000000000000000000000000000000000000000000000000B2
:20EA6400000000000000000000000000000000000000000000000000000000000000000092
:20EA8400000000000000000000000000000000000000000000000000000000000000000072
:20EAA400000000000000000000000000000000000000000000000000000000000000000052
:20EAC400000000000000000000000000000000000000000000000000000000000000000032
:20EAE400000000000000000000000000000000000000000000000000000000000000000012
:20EB04000000000000000000000000000000000000000000000000000000000000000000F1
:20EB24000000000000000000000000000000000000000000000000000000000000000000D1
:20EB44000000000000000000000000000000000000000000000000000000000000000000B1
:20EB6400000000000000000000000000000000000000000000000000000000000000000091
:20EB8400000000000000000000000000000000000000000000000000000000000000000071
:20EBA400000000000000000000000000000000000000000000000000000000000000000051
:20EBC400000000000000000000000000000000000000000000000000000000000000000031
:20EBE400000000000000000000000000000000000000000000000000000000000000000011
:20EC04000000000000000000000000000000000000000000000000000000000000000000F0
:20EC24000000000000000000000000000000000000000000000000000000000000000000D0
:20EC44000000000000000000000000000000000000000000000000000000000000000000B0
:20EC6400000000000000000000000000000000000000000000000000000000000000000090
:20EC8400000000000000000000000000000000000000000000000000000000000000000070
:20ECA400000000000000000000000000000000000000000000000000000000000000000050
:20ECC400000000000000000000000000000000000000000000000000000000000000000030
:20ECE400000000000000000000000000000000000000000000000000000000000000000010
:20ED04000000000000000000000000000000000000000000000000000000000000000000EF
:20ED24000000000000000000000000000000000000000000000000000000000000000000CF
:20ED44000000000000000000000000000000000000000000000000000000000000000000AF
:20ED640000000000000000000000000000000000000000000000000000000000000000008F
:20ED840000000000000000000000000000000000000000000000000000000000000000006F
:20EDA40000000000000000000000000000000000000000000000000000000000000000004F
:20EDC40000000000000000000000000000000000000000000000000000000000000000002F
:20EDE40000000000000000000000000000000000000000000000000000000000000000000F
:20EE04000000000000000000000000000000000000000000000000000000000000000000EE
:20EE24000000000000000000000000000000000000000000000000000000000000000000CE
:20EE44000000000000000000000000000000000000000000000000000000000000000000AE
:20EE640000000000000000000000000000000000000000000000000000000000000000008E
:20EE840000000000000000000000000000000000000000000000000000000000000000006E
:20EEA40000000000000000000000000000000000000000000000000000000000000000004E
:20EEC40000000000000000000000000000000000000000000000000000000000000000002E
:20EEE40000000000000000000000000000000000000000000000000000000000000000000E
:20EF04000000000000000000000000000000000000000000000000000000000000000000ED
:20EF24000000000000000000000000000000000000000000000000000000000000000000CD
:20EF44000000000000000000000000000000000000000000000000000000000000000000AD
:20EF640000000000000000000000000000000000000000000000000000000000000000008D
:20EF840000000000000000000000000000000000000000000000000000000000000000006D
:20EFA40000000000000000000000000000000000000000000000000000000000000000004D
:20EFC40000000000000000000000000000000000000000000000000000000000000000002D
:20EFE40000000000000000000000000000000000000000000000000000000000000000000D
:20F004000000000000000000000000000000000000000000000000000000000000000000EC
:20F024000000000000000000000000000000000000000000000000000000000000000000CC
:20F044000000000000000000000000000000000000000000000000000000000000000000AC
:20F0640000000000000000000000000000000000000000000000000000000000000000008C
:20F0840000000000000000000000000000000000000000000000000000000000000000006C
:20F0A40000000000000000000000000000000000000000000000000000000000000000004C
:20F0C40000000000000000000000000000000000000000000000000000000000000000002C
:20F0E40000000000000000000000000000000000000000000000000000000000000000000C
:20F104000000000000000000000000000000000000000000000000000000000000000000EB
:20F124000000000000000000000000000000000000000000000000000000000000000000CB
:20F144000000000000000000000000000000000000000000000000000000000000000000AB
:20F1640000000000000000000000000000000000000000000000000000000000000000008B
:20F1840000000000000000000000000000000000000000000000000000000000000000006B
:20F1A40000000000000000000000000000000000000000000000000000000000000000004B
:20F1C40000000000000000000000000000000000000000000000000000000000000000002B
:20F1E40000000000000000000000000000000000000000000000000000000000000000000B
:20F204000000000000000000000000000000000000000000000000000000000000000000EA
:20F224000000000000000000000000000000000000000000000000000000000000000000CA
:20F244000000000000000000000000000000000000000000000000000000000000000000AA
:20F2640000000000000000000000000000000000000000000000000000000000000000008A
:20F2840000000000000000000000000000000000000000000000000000000000000000006A
:20F2A40000000000000000000000000000000000000000000000000000000000000000004A
:20F2C40000000000000000000000000000000000000000000000000000000000000000002A
:20F2E40000000000000000000000000000000000000000000000000000000000000000000A
:20F304000000000000000000000000000000000000000000000000000000000000000000E9
:20F324000000000000000000000000000000000000000000000000000000000000000000C9
:20F344000000000000000000000000000000000000000000000000000000000000000000A9
:20F36400000000000000000000000000000000000000000000000000000000000000000089
:20F38400000000000000000000000000000000000000000000000000000000000000000069
:20F3A400000000000000000000000000000000000000000000000000000000000000000049
:20F3C400000000000000000000000000000000000000000000000000000000000000000029
:20F3E400000000000000000000000000000000000000000000000000000000000000000009
:20F404000000000000000000000000000000000000000000000000000000000000000000E8
:20F424000000000000000000000000000000000000000000000000000000000000000000C8
:20F444000000000000000000000000000000000000000000000000000000000000000000A8
:20F46400000000000000000000000000000000000000000000000000000000000000000088
:20F48400000000000000000000000000000000000000000000000000000000000000000068
:20F4A400000000000000000000000000000000000000000000000000000000000000000048
:20F4C400000000000000000000000000000000000000000000000000000000000000000028
:20F4E400000000000000000000000000000000000000000000000000000000000000000008
:20F504000000000000000000000000000000000000000000000000000000000000000000E7
:20F524000000000000000000000000000000000000000000000000000000000000000000C7
:20F544000000000000000000000000000000000000000000000000000000000000000000A7
:20F56400000000000000000000000000000000000000000000000000000000000000000087
:20F58400000000000000000000000000000000000000000000000000000000000000000067
:20F5A400000000000000000000000000000000000000000000000000000000000000000047
:20F5C400000000000000000000000000000000000000000000000000000000000000000027
:20F5E400000000000000000000000000000000000000000000000000000000000000000007
:20F604000000000000000000000000000000000000000000000000000000000000000000E6
:20F624000000000000000000000000000000000000000000000000000000000000000000C6
:20F644000000000000000000000000000000000000000000000000000000000000000000A6
:20F66400000000000000000000000000000000000000000000000000000000000000000086
:20F68400000000000000000000000000000000000000000000000000000000000000000066
:20F6A400000000000000000000000000000000000000000000000000000000000000000046
:20F6C400000000000000000000000000000000000000000000000000000000000000000026
:20F6E400000000000000000000000000000000000000000000000000000000000000000006
:20F704000000000000000000000000000000000000000000000000000000000000000000E5
:20F724000000000000000000000000000000000000000000000000000000000000000000C5
:20F744000000000000000000000000000000000000000000000000000000000000000000A5
:20F76400000000000000000000000000000000000000000000000000000000000000000085
:20F78400000000000000000000000000000000000000000000000000000000000000000065
:20F7A400000000000000000000000000000000000000000000000000000000000000000045
:20F7C400000000000000000000000000000000000000000000000000000000000000000025
:20F7E400000000000000000000000000000000000000000000000000000000000000000005
:20F804000000000000000000000000000000000000000000000000000000000000000000E4
:20F824000000000000000000000000000000000000000000000000000000000000000000C4
:20F844000000000000000000000000000000000000000000000000000000000000000000A4
:20F86400000000000000000000000000000000000000000000000000000000000000000084
:20F88400000000000000000000000000000000000000000000000000000000000000000064
:20F8A400000000000000000000000000000000000000000000000000000000000000000044
:20F8C400000000000000000000000000000000000000000000000000000000000000000024
:20F8E400000000000000000000000000000000000000000000000000000000000000000004
:20F904000000000000000000000000000000000000000000000000000000000000000000E3
:20F924000000000000000000000000000000000000000000000000000000000000000000C3
:20F944000000000000000000000000000000000000000000000000000000000000000000A3
:20F96400000000000000000000000000000000000000000000000000000000000000000083
:20F98400000000000000000000000000000000000000000000000000000000000000000063
:20F9A400000000000000000000000000000000000000000000000000000000000000000043
:20F9C400000000000000000000000000000000000000000000000000000000000000000023
:20F9E400000000000000000000000000000000000000000000000000000000000000000003
:20FA04000000000000000000000000000000000000000000000000000000000000000000E2
:20FA24000000000000000000000000000000000000000000000000000000000000000000C2
:20FA44000000000000000000000000000000000000000000000000000000000000000000A2
:20FA6400000000000000000000000000000000000000000000000000000000000000000082
:20FA8400000000000000000000000000000000000000000000000000000000000000000062
:20FAA400000000000000000000000000000000000000000000000000000000000000000042
:20FAC400000000000000000000000000000000000000000000000000000000000000000022
:20FAE400000000000000000000000000000000000000000000000000000000000000000002
:20FB04000000000000000000000000000000000000000000000000000000000000000000E1
:20FB24000000000000000000000000000000000000000000000000000000000000000000C1
:20FB44000000000000000000000000000000000000000000000000000000000000000000A1
:20FB6400000000000000000000000000000000000000000000000000000000000000000081
:20FB8400000000000000000000000000000000000000000000000000000000000000000061
:20FBA400000000000000000000000000000000000000000000000000000000000000000041
:20FBC400000000000000000000000000000000000000000000000000000000000000000021
:18FBE40000000000000000000000000000000000000000000000000009
:02FBFC00E9021C
:02FBFE00418C38
:00000001FF
