:0E200000EC35220000000000E90263400010F1
:02200E000000D0
:2020100001010000000101005B0451020000000000020101000000000003000102000000F0
:20203000000000002C010A002CD102002CB104002C41060000000000000000000000000006
:20205000C89001000000000000000000000000000000000000000000000000000000000017
:20207000000000003C0100000000000000060000011052656E657361732054657374204605
:2020900057000000000000001C001C00A700750130021F03CD07D108AC09EC0A03001400C1
:2020B0001E00280050005A00640078007A3A40384A385438A23A3C385C3810399339A03938
:2020D000AA39B439B9393B3A6C3A723A883A8D3A923A9F3A973A0000000000000000000068
:2020F0000000000000000000000000000102040810204080CE370000F13B000000000000A0
:202110000000000000000000000000000000000000000000000000000000000000000000AF
:202130000000000000000000000000000000000000000000D5370000FB3B0000000000004D
:2021500000000000000000000000000000000000000000000000000000000000000000006F
:202170000000000000000000000000000000000000000000320011011900FA003C000100BB
:2021900088134303B301F4013B01BC02FB046419AD022C01110158022D6E1919966E016EA7
:2021B000161B10FA6464FA28C8FA0F28320A051EFA00FA00FA00FA000A0072010A0014000F
:2021D0004A7D1ED414474E4033AC29CCB8653D9B0000066B775E8961E75F1460E5602A61CA
:2021F0007A6197614E627362405F875FC95E2A5F00000000000000000000000000003071A1
:20221000E5727A719771DD71A7717D729F72B472F0712E724F726A7200000000000000003A
:052230000000000000A9
:20223500CBF820FE30A0FDFCC12300FCBA23003660F93096FBEF04CC0000A747DFF93620F7
:20225500FE30E0FEEF04CC0000A747DFF94100320800EF08B31149EAAF4858F9F643DFF41B
:202275004100320000EF08B31149F2AF4820FEF643DFF4FC892800ECF00000F6EFFEFD99BD
:2022950023C1E1FC833E00C0ED9223FD9923C15102FC833E00C0ED9223FD9923C15103FC8F
:2022B500833E00C0ED9223FD9923C15104FC833E00C0ED9223FD9923C15105FC833E00C0AB
:2022D500ED9223FD9923C15106FC833E00C0ED9223FD9923C15107FC833E00C0ED9223FD69
:2022F5009923C15108FC833E00C0ED9223FD9923C1510BFC833E00C0ED9223FD9923C15114
:202315000CFC833E00C0EF75FD9923C1510DFC833E00C0EF68FD9923C1510EFC833E00C0B9
:20233500EF5BFD9923C1510FFC833E00C0EF4EFD9923C15110FC833E00C0EF41FD9923C1A8
:202355005111FC833E00C0EF34FD9923C15112FC833E00C0EF27FD9923C15113FC833E005B
:20237500C0EF1AFD9923C15114FC833E00C0EF0DFD9923C15115FC833E00C0EF009EFC60E1
:0C2395009EFD61FC61FF8EFD708EFCD788
:1023A10033053503164361F8D7B5B7899B17EFF5A8
:2023B100CFF00031CFFC009CD7717BFAFEF1FFD716C80300AEF82761D339315E12F643DD61
:2023D10027BBBC02BC04BC06BC08BC0ABC0CBC0EBC10BC12BC14BC16BC18BC1ABC1CBC1E16
:2023F1003704200037B3EFD6AEF847DD06F6BBA7A7EFF5D7F560F9F561F9F6BF64F9BF6862
:20241100F9BF66F9F56AF9F562F9F563F934FC0089719A99F6BF0805340000F75110FC6B89
:202431003E00715BE7D7FCEF3B00D1DD07AF0405318DDE15D5C8F9DF10D563F9DF0BFCE003
:202451003B00D161E8CFC8F9FF8F60F991D1DD1291D1DD224C05DF798F61F9D1DF4B510E01
:20247100EF4F8F61F9D1DF045106EF4591DF045102EF3EE1EF3BAF64F9440000DD53125103
:2024910007FC3347004C02DF485107FC23470030FFFF0264F9BF64F96168DF2FF6BF000541
:2024B100CF62F908CF60F918D791DF04510AEF01F1CF60F902318E1230FFFF0266F9318DCA
:2024D10003BF0005AF64F96168DD065107FC134700D7D560F961F8BF0C05D7C5C3C7C17732
:2024F100AF0805B8028F60F973D1DD08634C0661E8EEA800625080D6128800318E1467FBD9
:20251100F8FFF0616B08616A616C08616DBF1005A80CBF66F9A8066168DD04530FEF01F33E
:20253100A806BF68F9639F6AF988059F61F98B318E311EDC2CE60266F9311EB80430140595
:20255100F7EF10130161090614A914AB35B9AB040200A3BB13614904DCE9510032EE25EF6C
:20257100055100325326318E145110FC6B3E004061F901880270DF0971BA9802606C09EF6A
:2025910002718A9802A802BF0805D560F9DF03E1EF0251079F60F9A80EBF64F91008D78F9B
:2025B10060F94C18DD044C06DF04F6BF0005F560F9D7717BFA300F00BF0405F6BF08053475
:2025D1000000F75110FC6B3E008F60F9318E31FDDE04F6BF0005F560F9717AFAD7C7AF04F8
:2025F10005B800AEF816319503F1EF07AEF81631A3F7E1D1880070DF168800311A5C0273D7
:2026110060719C6371A99F62F9CF60F918EF13313506CF60F906EF0AAEF816318522CF602D
:20263100F9085107FC234700300F00BF0405F6BF0805340000F75110FC6B3E00FCBD4300D4
:20265100C0D7C7AF0405B800AEF816319503F1EF07AEF81631A3F7E1D1880070DF16880081
:20267100311A5C027360719C6371A99F62F9CF60F918EF13313506CF60F906EF0AAEF816B8
:20269100318538CF60F9085107FC2347004060F918DD10E60266F9311E14DB68F930140580
:2026B100FE1A00300F00BF0405F6BF0805340000F75110FC6B3E00FCBD4300C0D7C1C7C319
:2026D100F6EF1AA80416AB12C6C713BBA804040200B804A800040200B800A802A1B80245F2
:2026F100DCE11006D7713AEE713AEA3492013000C0B9AA26085CFD08BA26AA28085CFD082D
:20271100BA28AA24086CF008BA24D7714AEE714AEA349401300080B9AA24085CFB08BA2444
:20273100AA26085CFB08BA26AA226C02BA22D7715AEE715AEA3496013000C0B9AA22085C72
:20275100F708BA22AA24085CF708BA24AA206C10BA20D77140F300D7C1712BE3CB90000071
:20277100712BE75115FC6B3E00A80012314D23B16C805C8FBE90C0D7712AE7340000F751F4
:2027910015FC6B3E00712BE3CB900000D7CEABACD7C1510BFC6B3E00A800FEAF00BD1A7162
:2027B1003BE2713BE634B201A9086C0208B9C0D7C1510CFC6B3E0034B601A9085C0F08B970
:2027D100A80044D107DC06A9086CF0EF0D441500A908DC046CA0EF026C4008B9A800FE6BD4
:2027F10000BE64714BE2714BE634B201A9086C0408B9C0D7AFB00160311A5C01D7C1510DA8
:20281100FC6B3E00A800FE4300BE66715BE2715BE634B201A9086C0808B9C0D734B401A99F
:20283100086C0208B9713BE2713AE6D734B401A9086C0408B9714BE2714AE6D734B401A9E7
:20285100086C0808B9715BE2715AE6D744D107DC1232DC0234E803CEFB01360000CEFB0BE7
:2028710000B1D7441500DC0832EA00340A00EFE732DC05CEFB02B1D7C7FC482900FC0F406D
:2028910000EE9700AF8AFB6168DF26AF8CFB6168DF1FAFA4F96168DF18AFA6F9085CF008ED
:2028B1006168DF0D51F05FA9F9D1DD05D5C8F9DD06FCED2F00EF5CFC1635009800FC3B3734
:2028D10000738801708800615063615891D1DD270CFED1DD264C04DF3AFC474000FCC840F2
:2028F10000125100318E1413329E27FC69270061FDFC1A4000EF1861EDEF18FCC8400012D5
:202911005100318E1413329E27FC69270061EDFC892700FC2E3B00FC372400FC8C3F0098D7
:2029310000FCEB2E00708800615898018F8BFB317303EE4FFFC0D7300114FCD04300300311
:2029510000C1340400F73060EAFCBE4400C0340500F73060EAFC064500320300300303FCE6
:202971003445005400F7F6FCE74500F1FC9B4700306CF9BF92FB3088F9BF8EFB300001FC8E
:20299100BE3E00FC502F00717AFAD78FC6F9318E311EDC0E510F5FA9F9D1DD079161F8FEAF
:2029B1009C00D7FE1400D7F6BFA4F9BFA6F9BFA8F9510F5FA9F99FA9F9D78FCAF973318E9D
:2029D100311EDE0A63718B9FCAF9F5A8F9D78FA8F94C02DC350CFED1DD3991D1DD3F91D121
:2029F100DD4591D1DD4E91DF2063718B9FCAF97138A7F9E16FA9F95CF19FA9F9F5A8F95116
:202A1100106FA9F95C1F9FA9F9D7E5B2F9CFA8F902EF1CCFB2F902CFA8F903EF12CFB2F97A
:202A310003CFA8F904EF08CFB2F904CFA8F9057100C6F9D7CFB2F905CFA8F906EFF18FA415
:202A5100F97031051DAFA4F9440100DF04FE5F00D7E16FA9F95CF19FA9F9E6F5A8F9BFA4A2
:202A7100F9D7311504FE9000D7312504FE4301D731351AAFA4F9440800DF04FE9E01D7E103
:202A91006FA9F95CF19FA9F9300800EFCE315504FEEF01D7316504FE6B02D78FA5F9310503
:202AB10006718B9FA5F9D760317503FE2503D78FCAF973318E311EDE1363718B9FCAF971F3
:202AD10030A7F97108A4F9F5A9F9EF1C8FA8F9D1DD1A4C0ADF157108A4F97138A7F951105B
:202AF1006FA9F95C1F9FA9F9F5A8F9D7E5B2F9CFA8F90A7100C6F9D78FCAF973318E311EA7
:202B1100DE1363718B9FCAF97130A7F97118A4F9F5A9F9EF3C8FA8F9D1DD3A0CECD1DD3FCC
:202B310091D1DD4591D1DD4B91D1DD5191D1DD5791D1DD5D91D1DD6391D1DD6C91DF157171
:202B510018A4F97138A7F951206FA9F95C2F9FA9F9F5A8F9D7CFB2F902CFA8F914EF44CFA9
:202B7100B2F903CFA8F915EF3ACFB2F904CFA8F916EF30CFB2F905CFA8F917EF26CFB2F930
:202B910007CFA8F918EF1CCFB2F908CFA8F919EF12CFB2F909CFA8F91AEF08CFB2F90ACF27
:202BB100A8F91B7100C6F9D7CFB2F911CFA8F91CEFF18FCAF973318E311EDE1363718B9F88
:202BD100CAF97130A7F97128A4F9F5A9F9EF1E8FA8F9D1DD1C0CE2D1DD2191D1DD2791D187
:202BF100DD3091DF0B7128A4F97138A7F9F5A8F9D7CFB2F907CFA8F91EEF12CFB2F908CFEF
:202C1100A8F91FEF08CFB2F909CFA8F9207100C6F9D7CFB2F90ACFA8F921EFF18FCAF97318
:202C3100318E311EDE1563718B9FCAF97130A7F97138A4F9F5A9F9F5A8F9D78FA8F9D1DD58
:202C51001E0CD8D1DD3391DF157138A4F97138A7F9F5A8F951106FA9F95C1F9FA9F9D7FCD5
:202C7100C443006168DF045105EF0251149FB2F9CFA8F9287100C6F9D7E5B2F9CFA8F929D2
:202C9100EFF28FCAF973318E311EDE1563718B9FCAF97130A7F97158A4F9F5A9F9F5A8F9E7
:202CB100D78FA8F9D1DD2A0CCED1DD2E91D1DD3491D1DD3A91D1DD4391DF157158A4F971A4
:202CD10038A7F9F5A8F951106FA9F95C1F9FA9F9D7E5B2F9CFA8F932EF1CCFB2F902CFA840
:202CF100F933EF12CFB2F903CFA8F934EF08CFB2F904CFA8F9357100C6F9D7CFB2F914CFF7
:202D1100A8F936EFF18FCAF973318E311EDE1563718B9FCAF97130A7F97168A4F9F5A9F916
:202D3100F5A8F9D78FA8F9D1DD2E0CD9D1DD3391D1DD3991D1DD3F91D1DD4591D1DD4E91AB
:202D5100DF157168A4F97138A7F9F5A8F951306FA9F95C3F9FA9F9D7CFB2F915CFA8F927AE
:202D7100EF26CFB2F90BCFA8F928EF1CCFB2F90CCFA8F929EF12CFB2F90DCFA8F92AEF08CD
:202D9100CFB2F90ECFA8F92B7100C6F9D7CFB2F910CFA8F92CEFF18FCAF973318E311EDE41
:202DB1001363718B9FCAF97130A7F97108A5F9F5A9F9EF0E8FA8F9D1DD0C4C32DF0771087B
:202DD100A5F9F5A8F9D7CFB2F90FCFA8F9327100C6F9D7C78FCAF973318E311EDE13637146
:202DF1008B9FCAF97130A7F97178A4F9F5A9F9EF3E8FA8F9D1DD3D0CC4D1DD4691DF33FCCC
:202E1100C04000B800880031051DAEF81631951751FD5FA6F973AFAAF9F05C6044004063D1
:202E310061F8719A9FA6F97178A4F97138A7F9F5A8F9C0D7CFB2F913CFA8F93C7100C6F97A
:202E5100EFF0CFB2F912CFA8F93DEFF0D78FB6F9310505712308EF1731150E712308F5B7DC
:202E7100F95109FC134700EF0C3125097122085109FC234700F5B6F9320A005109FC334733
:202E9100004C02DF238FB7F9819FB7F9318E443200DC0F8D0871AC8D0871A97C049D08F527
:202EB100B7F95109FC134700320A005109FC334700D1E161F85107D7FCF626005100318E33
:202ED10014320E2F5107FC6B3E00711308711A28710BE5F5B8F9F5B9F9D740B8F9018FB963
:202EF100F9DF08D1DF0BF5B8F9EF06D161E8E5B8F9FC052800D1510361F85107D7FCBD4309
:202F1100005100318E1432222F30E803FCA22700D731140803F1EF01E19FB9F9FC2D28008E
:202F3100D7712A28717A21D78D01317AD7FEF8FF4F5FF9DD09E55CF99F5DF99F5FF9D77103
:202F51006301716B2171286200712302712B22717A2171730171005500710205710B25716F
:202F7100105500711205711B25710307710B27711307711B27713307713B2771005800718E
:202F91000208710B28711308711B283653008CA9719A9CA97182710203710B237192711296
:202FB10003711B2371A2712203712B23F6BFBAF9F5BCF9F5BDF9F5BEF9F5C0F9F5C1F9FC24
:202FD100402700FC642700FCEA3A00FC052400FCC92E00FE4BFFE1FC7E3C00D7200AFCC01E
:202FF1004000B804FC8B43009FC2F9F55EF9FE3CFF7102078F8CFB310303EE8900AEF80433
:20301100040016318520FCF936008804719C8FB6F9DE04718AEF02719A9FB6F971088CFB86
:20303100F5BDF9EE3803712302D5BDF9DF25F5BCF97120B6F95108FC234700F5C0F9F5C179
:20305100F98F8AFB3113385108FC134700E5BDF9EE0B035103FCBB3C00317503EEFF027C35
:2030710080442083DC10328A025108FC3347004C0261E8EEE8025108FC234700F5BDF97115
:20309100088CFBEED80231151CAEF8040400168FB6F9319504718AEF02719A9FB6F97118CC
:2030B1008CFBEEB90231250471ABEF1231350A71220271388CFBEEA50231450871CB9F8CA9
:2030D100FBEE9A0231550471DBEFF3316303EE4E028F95FB735CC04C4061E8EE4301EB929B
:2030F100FBA9B806EB92FBAA02B80863311A5C1F4C06DF06E558F9EE2701AEF80407001606
:2031110031F303EE1B0188065C1F4C02AF8EFBB802DF3BAEF80404001631E5053242A0EF28
:2031310003324280A8021413B93000FFBA02F6BA043001FFBA06AF90FB086C085C08085CF0
:20315100FEBF90FB30002FFC084100EED30088065C1F4C03DF47A8084401FFDF40AEF80476
:2031710004001631E5053243A0EF03324380A8021413B93001FFBA0230C500BA04300400B0
:20319100BA06AF90FB086C085C08085CFEBF90FB30002FFC084100E55EF9EE840088065C5C
:2031B1001F4C04DF2FA8084401FFDF28E5C0F9AEF80404001631E5053244A1EF0332448109
:2031D100A8021413B93001FFBA02AF90FB086C045C04EFB688065C1F4C05DF67A80844011C
:2031F100FFDF60F5C0F9AEF80404001631E5053245A0EF03324580A8021413B93001FFBA7F
:2032110002AF90FB086C045C04085CFEBF90FB30002FFC084100E55EF9E1FC7E3C00F55B16
:20323100F9D558F9DD16FC8B43004C08DD0E300012FC084100F558F9CF59F90871688CFB0C
:20325100EE1B0188065C1F4C10DF2EA8084401FFDF27710207AEF80404001631E50532500C
:20327100A0EF03325080A8021413B93001FFBA02300A00BA04F6EE07FF88065C1F4C11DF0C
:203291000AA8084401FFDF03F1EF01E1D1880670DF6E88075C079801605C1F9800880431A4
:2032B1000303EE7CFFAEF80404001631B3045102EF025103FC7E3C00A806168800318E1277
:2032D1008801F0B800A80214A808BA0217FBF8FF086C405C60085CF8616B08616A6D086E2B
:2032F10001B9AF90FB086C045C04085CFEBF90FB30002FFC084100E55EF9E55BF9EE21FF1E
:2033110071FA71EB9806AEF804040016AEF831E505040600EF0304080014A912EEA1FE8FBF
:203331008DFB7331351BAEF8040400163195056371BBEF27AFA4F96168DF237160A4F9EF58
:20335100EE31250471ABEF1331450471CBEF0C31550471DBEF0531650571EB9F8DFBD55E2A
:20337100F9DF7AD55CF9DD75D55BF9DD70FC8B43004C08DD68D5C0F9DD63EB8EFBF55AF90B
:203391008F5DF95080D6040A001288043165053006A1EF03300681B93001FFBA0213BA0454
:2033B100F6BA06AF90FB086C085C08085CFEBF90FBFC8B43009FC2F98FC0F99FC3F9300089
:2033D1002FFC084100FC8B43009FC2F940C2F908DD05D5C2F9DF06F55CF9E55EF98F8AFB50
:2033F1007331750D71630171730171788AFBEE1101316513AEF80404001631B50371620144
:2034110071688AFBEEFB00311551712302D5BDF9DF0A7100A4F9E5BDF9EEE6008FA7F931D6
:20343100350A71BB9FA7F9711307EF145103FCBB3C0012317503EEC9007C80442183DE0ABE
:2034510071188AFBF5BDF9EEB800137C80447D9561C8EEAD00713307EEA700314522712367
:2034710002AEF804040016318508FCC44300616861F87133077130A4F971488AFBEE8200FB
:20349100310514AFA4F96168DF787132077110A4F971088AFBEF6B312513AFA4F96168DFE8
:2034B100617120A4F96371AB9F8AFBEF55313514AFA4F96168DF4B7132077150A4F971381B
:2034D1008AFBEF3E315510AFA4F96168DF347160A4F96371DBEFD18F8BFB310507718B9FA1
:2034F1008BFBEF1E36A7F931B50D300062FC0841007138A7F9EF0BAFA6F96168DD04F6BF98
:20351100A6F9100AD7200AFCC04000B808E1FCBB3C00B8025104FCBB3C00B80088083113C2
:2035310003F1EF35FC8F4700D1DFF6AEF80409001631F5EDFCC44300325500CEFB01360084
:2035510000346400CEFB0B0014A80031FF43A80061F845DECCF5BCF9E19807AEF8040800F3
:2035710016318303F1EF1DAEF8040800163193F4A80031FF440000A80061F844D959DCE49D
:20359100F5BCF9E19806A8020161D373A80244ED0ADC0530EC0AEF0B44A700DC0551067323
:2035B100EF5AF6BFBAF9EF57318F01B800049C2016A80261490061D34163318F0104AC20F7
:2035D10014A9B8041504020016A800049C20B80014A914ABFBF8FF61290412A80225CEFB6A
:2035F10001B802AB04020016AB2514A802360000CEFB0B0012A80403EFA993633175A9AF53
:20361100BAF9445100DC0BF5BCF9E19801C80003EF10443D00F19801DE05E19800EF03C85B
:203631000002AEF8040800163183088801D161F8FEDD008FBAF974880073880672880170BB
:203651008807FCE74500AEF804080016319509AEF80409001631F31A8806318E12F6231478
:203671008801318E128807318E0345DF055107100AD7F1EFFAC7FCC04000B800880171FCD1
:203691008FBCF9DE49D1DF55AEF816EB8EFB31E5053001A0EF03300180B9AEF81631E30C55
:2036B100AEF816319533AEF81631A52DEB8EFB3000FFBA02AF90FB086C045C04085CFEBFF3
:2036D10090FB30002FFC084100E5BCF9EF0F91DF0CFC8B43004C0861E8CFBCF90251074011
:2036F100BCF90161F8F1C2D75100318E14323137510DFC6B3E00CB66B32D34B201AA046C4D
:2037110010BA04715BE2715BE6A9086C0808B9D734B401A9086C0808B9715BE2715AE6D7A8
:20373100E1FC883C00FCBD4300D7C7FCC04000B8008FBCF9D1DF6840C0F901DF7632881311
:203751005108FC3347004C02DF695108FC234700AEF8A11631F55CAEF816EB8EFB31E5050A
:203771003006A0EF03300680B9EB8EFB303412BA02E17FC1F99FC1F9EB8EFB318EBA04EB0C
:203791008EFBF6BA06AF90FB086C085C08085CFEBF90FB30002FFC084100E5BCF9EF149141
:2037B100DF11FC8B43004C08DD095108FC134700F5BCF9F1D5BCF961F85107C2D7F5C4F934
:2037D100F5C5F9D78FC4F90C7FD1DD0891D1DD084C7EDF16FE1400D78F60F94C06DD084C67
:2037F10008DD044C1861F8FED302D7D560F9DD05CFC4F981D7F562F97108CAF9309002FC2A
:20381100E32400FE0500CFC4F982D7200AF6B8088FB2F99175318E12654C15DE0E13124997
:20383100E620311C9EFC79BC2061CBF3EE6902300068B808533DEE5F02300080B808534C77
:20385100EE5502F6B808534EEE4D02FCC44300326500CEFB01B80013B804A8003600003481
:203871006400CEFB0B00B80213B806A802360000340C00CEFB0B001507A80412A8003600C8
:203891000034B004CEFB0B00320C00CEFB02B804A802DF08DC0614A80612EF0A040C001432
:2038B100A8061261D8A315360000340C00CEFB0B00FBF8FF320C00CEFB0212A8023323BB34
:2038D100F661D8B1612906141361290416A8061261D8B14517FBF8FF61F861490061D30A63
:2038F100A802040C00B80261D8A3A802360000340C00CEFB0B00313DB8085349EE9901FC25
:20391100C84300B800FC8F470075A800320A00CEFB02B80265D1F7DF14A802327800CEFBE6
:2039310001360000346400CEFB0B00B802A8025C036168A80214DF04C3C6EF0C040004B862
:20395100001361D8A116A800F05CFC25B8001761D8B12316655C0375F647FBF8FF1561F876
:2039710061490061D30AA802040004B80261D8A331DCA802313E03085C8008B808534AEEA6
:203991001601300013B808BFAAF95348EE0901305C12B8085314EEFF0030482CB808531589
:2039B100EEF50030E803EFEAFCC84300B800FC8F470075A800320A00CEFB02B80265D1F783
:2039D100DF14A802327800CEFB01360000346400CEFB0B00B802A8025C036168A80214DFFA
:2039F10004C3C6EF0C040004B8001361D8A116A800F05CFC25B8001761D8B12316655C03A0
:203A110075F647FBF8FF1561F861490061D30AA802040004B80261D8A331DCA802313E032A
:203A3100085C8008B8085347EF6EF1FC9C4600316C31AE035C03320A00CEFB02446400DE98
:203A510003F6EF11320A00CEFB010418FC313E5C1F085CFC08B808533FEF3D300300EEE36A
:203A7100FDFCC843006168DF05300640EF03300240B808533CEF21300648EFF5533AF1EF7C
:203A910018534DF1EF13FCC843006168DF03F6EF03300300B8085339E1718CE6C13002009A
:203AB100C1DE0AAEF8040C00145008EF0534AAF9500963320002FCEC2400100ED74060F9D5
:203AD10018DF0A7100CAF98F62F99FCBF9FCB02500F5C4F97108C6F9D7C7F5C6F9F5C7F991
:203AF100F5C8F9F5C9F9F5CAF9F5CBF9F1EF2388005004D61604042114AA0212A90361F80C
:203B1100DE0D17040421148A029EFCA91661FA8800819800318E440800DCD4C0D7C78FC705
:203B3100F972D1DD28F173EF1A63318E04FC2016625DD1DD0C09FC207CFF5FC7F9729FC75E
:203B5100F98363318E440800DCDFEE8000D5C8F9DD26F173EF1B63318E04FC20168FC8F992
:203B7100705DD1DD0A09FC207CFF61589FC8F98363318E440800DCDED5C6F9DD50F1EF4466
:203B91008801318E04FC20168FC6F998005DD1DD3088015004D61604442114AA0212A903C5
:203BB10061F8DE0F17044421148A029EFCA91661FAEF0EC2C3FBF8FF09FC207CFF5D9FC604
:203BD100F98801819801318E440800DCB3C0D7F612EF02A3137C80440880DCF7F1D7E1D73D
:203BF100F5CCF9F5CDF9E5CEF9D78FCCF90C7FD1DD0891D1DD084C7EDF16FE1400D78F6049
:203C1100F94C06DD084C08DD044C1861F8FE4000D7D560F9DD05CFCCF981D7F562F9711887
:203C3100CAF930A802FCE32400FE0500CFCCF982D7C751075FCEF99800E6C1C1AEF80404F0
:203C51000014320002300602FCEC24001004C0D74060F918DF0A7110CAF98F62F99FCBF9F1
:203C7100FCB02500F5CCF97118C6F9D7D75C079FCEF97110C6F9D7708F89FB735C30E1DF90
:203C91001B6091DF108F620031150A6371AA71BB9F89FBF1D7604C02DD035102D78F620099
:203CB1003125F76371BA71ABEFE673D1DF04AF7EFBD74C03DF04AF80FBD74C04DF04AF826A
:203CD100FBD78F89FB312A5C0370636140DF04F6B1EF124C01DF04AF84FBD74C0230FEFF85
:203CF10061F8AF86FBD7F614320600307EFBFCA5AF00710BE7CE3181717AFA3630FF3216A3
:203D11000071820071F261ED61ED710AE7AD1E316E14F6163000A8CEFB0B00BF7EFB717BE4
:203D3100FAFE2E0151CF5F89FB9F89FBD78F89FB7071FB739F89FB314A5C0391DD68916127
:203D5100F8EE8F00605C4070DD128E3031030A636C9071DB9F89FBEF39D0DF1FAF8AFB612D
:203D710068DF18368CFB318312AF80FB442103DE0A8E30310505FED900EF178E30310512FA
:203D9100FE9E00BF82FB311E12AF80FB311E03BF80FB8F89FB705C0CDD5DFEB50051906FFB
:203DB10089FB71DBEF4D605C0CDF08CE3108605C4FEF0E63312A71BA5C0B9E316371DA5CFF
:203DD1006F9F89FB3630FF518071820071F26F89FBEF2063312A5C0391DF08FE3300BF84A9
:203DF100FBEF06FE2B00BF86FBFE660051906F89FB5CD3709F89FB60317503F1EF1271EC07
:203E11005103DC0CAF80FB44210330070361D860D7DB7EFBAD1E316ECEFB01316C31AE0312
:203E3100D7C7AD1E316E12AF7EFBCEFB01C3C4327300CEFB0116C0C315327300CEFB02123F
:203E5100A8003303121736000034003CCEFB0B00C6D73630FF71F37183D7C3774C16C5C27C
:203E7100DE0E675004D60400F91413BA02A800B9C6D75004D6120400F914AA026168A9610A
:203E9100F8616861F8D7130400F914AA02609EFCA91661FAD7F1735004D60400F914F6BA16
:203EB10002B983634C16DFEED7301C12D7C1FCA63E00F177318E120431001413CA00000411
:203ED10041001467CA00FF81774C08DFE7CE38FFCE39FF51FC6FE4FF9EE4710AE5714AD41F
:203EF100710A2236620071828801D1DD05711A22719288004C0ADD05712A2271A23630FFA8
:203F1100719371A371B371C271D371E3710A24FE7004FCF7AD00FC16A200FCF73C00FC47B2
:203F31009C00FC514800FC205800FC6F7900FC0A48008F2A205080D6128F2520318E31FD47
:203F5100168F2920318E31BDB8008F2B20318E31AD148F2620318E31ED616F08616E08FB16
:203F7100F8FF6E01086D616C08616D616B08616A08FE23088F2420C6EE3908CFD5FE07FC75
:203F91003E3D00FE6C08FC4C9C00FE6508FCDAA200FE5E08FC5C4900FE5708FC3C5800FE6C
:203FB1005008FCA37900FE4908FCC69D00FE4208363EFE718436D0FE7191FC694D007051AA
:203FD100B35FD0FE7360718C6371A9363EFE71A471B940C6FE0261F871EA71FB40C7FE02C5
:203FF10061F871FA9FD0FE8FD5FE7391DF0BAFB00160310304F5D5FEF3CEABAC63D7E53AFE
:20401100FE343E06A96C01B9D734F005A95CFBB95104FC9BAE0061ED5104FCC4AE00FC7971
:20403100AE00FC16A200363FFE718461C8CF3AFE05717040FED7FEA607DD1934A405A95CF7
:20405100FC085CFC08B9AA4C6C04BA4C13086C015CE3081213BF8605EC79AE00FE8007DD13
:204071000613086C010812AFD2F9F05CC0440040DF0AAFD2F9F05C026168DD0613085CFEAB
:204091000812348605AA1E5CFC085CFC08BA1EAA6A6C04BA6A13085CE308B9EC79AE00AF51
:2040B100F005F05C04616861E8FE5DFFEEFD02C7AFD0FEB800C6D78FD5FE4C03DF15D53B03
:2040D100FE30FA00DF3051805FC9FE323C00E661E813D74C07F6DF1E36C9FE30190031F36A
:2040F1001531E30F51085FC8FE32320030110161E813D7301101D7C1C77398008FD3FE70A4
:20411100312A5C0F4C08DF031004D7605CFC98019FD3FE630C7F7088004C8C61F8EE54018C
:204131004C8E61F8EE4D014C8361F8EE4601604C0261D8EE3E0188004C2FDF094064FA1DE8
:2041510061F8EE2F014C6261F8EEBE014C60DF213659FA319303EEDD0136D1FE31E303EE51
:20417100D40151F05F54FA4C5061E8EE2101EEC5018F3BFE70D161F8EED50136D1FE3185E1
:2041910003EECC0188004C21DF1E604C2161E8EEBE01FC279600D161E8EE9A014064FA376A
:2041B10061F8EE9101EEA8010CFD4C02DC0688004C0CDF0F36CBFE31F5094054FA1161F851
:2041D100EE730188004C22DF0F36CDFE31F5094054FA2161F8EE32014C10DF158F64FA737F
:2041F1000CB34C0261D8EE4D01634C4161F8EE450188004C04DF094064FA4D61F8EE0A01B2
:204211004C2FDF094064FA4D61F8EE33014C25DF174064FA4361E8EE3601AF48FE44840051
:2042310061F8EE1101EE28014C45DF174064FA4361E8EE1B01AF48FE44830061F8EEF60049
:20425100EE0D014C48DF0C366DFA31B303EE0001EEED004C49DF224064FA4E61E8EEF000DB
:20427100AF48FE44880061E8EEE500366DFA31B303EEDC008800EEC7004C53DF0C366DFA9E
:2042910031C303EECA00EEB7003657FA31D307CFD2FEFFEEBA004C02DF0B604C2161F8EE95
:2042B1009400EEAB000CF94C0261D8EE880088004C09DF0936C9FE31D350EE93004C0ADFF2
:2042D1000936C9FE31E343EE86004C0BDF0836C9FE318336EF7A4C0DDD664C22DD354C2FD7
:2042F100DD5E4C61DF0FFC694D0091DF63363EFE319343EF5B40C6FE01DD554C11DF0760B5
:204311004C11DF1FEF304C12DF059FD2FEEF414C14DF07604C11DD1EEF364C16DF0D604C14
:2043310021DD1336C9FE31E30DEF250CBD4C02DE098802D1DF1A8800EFD088004C46DF1087
:204351009FD2FE88017088025C036160609FD3FE8FD2FE7081DF0CF5D2FE51106FD3FE5C6D
:20437100D3EF0C51C35FD3FE73D0DF096371BA9FD3FEEE93FD6371DAEFF58FD3FE312A5CCA
:204391000FD734FC00896C0399DB3C04FBA00513086C075CE708BF3C04176C915C91BFA072
:2043B10005301E1EBF9C05895CFC99D7F5D5FEEC44AE00AFD8FED7AFDAFED78F44FED7C101
:2043D10071FB318EBFC8FE51F05FC9FE7088005C0F6168709FC9FE880071FC8FC8FE727186
:2043F100F9739FC8FE6231250D63313304603135056071FAEF036071FB7370639FC9FE51FA
:20441100305FC8FE4C306071DB70DF0371DA709FC9FE510C5FC8FE4C0CDD0B36C8FE31E3C9
:20443100056071EBEF036071EA739FC9FEAF3E06F05C016168DD748F3BFE75D1DF0D363F5B
:20445100FE318307F6BF8005BF8E05AFD2F95C01BFD2F963313508AFD2F96C02BFD2F963FF
:20447100311508AFD2F96C08BFD2F963312508AFD2F96C04BFD2F9AFC8FE31CD12AFD2F931
:20449100616B08616A08BFD2F9AFD2F9BF960565D1E061F8F08F3FFE310310D0DF0DAFD25A
:2044B100F9F05CFE616861E8E53AFEC6D7C5FE2003AFCAFEF05CFC03BFCAFE880631595C39
:2044D10060708801718C6071F970880031295C1C7351035FCBFE616B6160609FCBFEFC5A47
:2044F1008E00403BFE21DF0836D1FE318302C6D7C6EC04AD00C5FED802AFCCFEF05CFC0380
:20451100BFCCFE880031295C1C708801718C6071F97051635FCDFE7360616B9FCDFEC6ECDE
:20453100388B00C3C7C1FBF8FF758FCFFE9804311A5C0198018FCEFE73617D5C03D1AFCE63
:20455100FEB802DD0851FC5F57FA9F57FA63312A7D5C03DD08513F5F57FA9F57FA655C034D
:2045710070635CF0738B31295C0C6168616B9FCEFE51E05FCFFE7062718C60718970625C97
:204591001E61689FCFFE88059FD7FEFCE08F00FBF8FF8FCFFE735C0270DF178801D1DF2865
:2045B100637E0431332236CFFE31B503314319D0DD218801D1DD11A8027FCFFE087FCEFEA7
:2045D10008F05C056168DD0B36D0FE718461D8715060FA1006D7758FD4FE313A775C03610E
:2045F1004BDD1267615B5C03DD0B36D0FE718461D8714060FA511F5FCFFE7765718C67717C
:20461100D9756031797062718C6071E9616D9FCFFE3138635C187051E75FD4FE61689FD419
:20463100FE649FDCFEAFCEFEF05CE0616861F8D75105FCC4AE007178D1FED7C1758FD4FE04
:20465100746101706561706071BC61D8714060FA65311A5C0770645CF861689FD4FE8800FF
:204671009FD6FE13BF76FAC6D71251BF5FCEFE75623105046571EA7513F05C8061686571C6
:20469100FBDF049FCEFED771FAEFF8D1DF07DBD6F9AFD4F9D791DF07DBDEF9AFDCF9D7F768
:2046B100F6D7C773604C02DE3ED3DD3B93639800624C01DF1A60318E120450FA1688004D8D
:2046D100DE25FEFC00040C0014AA0212A9C6D7D1DF1560318E120452FA1688004DDE08FE8F
:2046F100DF00044400EFE1F7F6C6D7734C0260DE0F4C01DF040950FAD7D1DF040952FAD7E0
:20471100F1D7700CF94C03DC02E1D760FC9BAE00F1D7700CF94C03DC02E1D760FCC4AE00D1
:20473100F1D7700CF94C03DC035103D760ECFCAE00D1DF1F3657FA31C51331D5104064FAC9
:2047510041DF0A715857FA5105FC9BAE00714857FAF1D73657FA31D302E1D7714057FAF15F
:20477100D78F57FA314A5C01D7D95FFA6140DD07D161E8711060FA6160609F5FFAD751C015
:204791005FDBF94CC0E161E8F1D75C3C36DDFE719471999FDDFED7C1FE210075A800085C6D
:2047B10080081265318E03BF62FAC6D7AF62FA085C8008D7718C3662FA7181D7E15F62FAAD
:2047D100D75004D61413321C00CEFB0204D4F905D736000034FA00CEFB0B005C0312D73426
:2047F1008005AA0612F6B9BA0EAFD2F9F05C406168D75FD5FE9FD5FED7201AAEF8040600DF
:20481100B80434140032D021FCA12300F6B802C8000088004C10DE17880073A8041661C968
:20483100318E12A80203B8028800819800EFE3AEF804190016A802604DDF03101AD7EFFEBC
:204851005400328200FEF70E5100318E1432BD43510FFC6B3E00E547FE8F10209FC6FE9FF6
:20487100C7FED734FC0089718A99300111BF0804714BE7AF38046C80BF3804FE3200FE206E
:204891000C5104ECC4AE00343804A95C7FB9EE6C0CF6BF0804FE090CFE320C6168DD03007C
:2048B100EFF6FE0B00714AE734FC0089718B99D78F10209FC6FE9FC7FEFED00EE1EF00738D
:2048D100D3DF2560318E12312D16340C04316CAA285C7F085CF3616E08616FBA28A9085CD0
:2048F1003F616A08616BB9D760318E1231EC340C04A95C3F03B9D7D134C6FE61E834C7FEC5
:2049110089D7C773AF3404B80063FEEAFF73A8005C7F085CCF0893DF09086C3008BF3404B4
:20493100C6D7086C20EFF573D38FC7FEDF13614861D304609FC7FE604FC6FEDE0D9FC6FE5F
:20495100D7614861D304609FC7FED7200EAF0404B804880575314503EE6E02FEA50EDF06E3
:20497100E547FEEE6F02AF0604F05C40616861E8EE360265310303EE5B02AF000460316590
:2049910003EE5102AEF80404001631E503EE45024067FA0461F8EE3C02655C0EAF1004B83C
:2049B10008E761F8F760980371DC629802E761C8F788035C1F7065311A5C07BF48FE880244
:2049D100318E160450FE14A80831CE605C07980699A808F05C806168629807DF2C8806D132
:2049F100DD1B716048FE895002D61417321C00CEFB020454FE12301404FC6FAF00CF67FAA8
:204A11000251806F4FFEEEF000717048FE341204A931FE607088005CC073606163A931AE3C
:204A3100605C1E616B73A9315E6071DC6371D99800A912317CA800319D319E03B800AEF814
:204A51001631831FA80012317E441B00DC1513BF78FAFECD0CFEBE0CDEA3AF3004B9A5A559
:204A7100A7EFF28800755C0173DD2888005C2072DD21AF48FE424AFEDF19655C1E7051C080
:204A91005F78FA616B616A61689F78FA51406F4FFEEF6665FE950C311E12A800317E441B06
:204AB10000DC05300D00EF04A1311EF11413F101047AFA12301404FC6FAF00A80014BF78FB
:204AD100FA8800FE660C041A001215317E4361D31D40C6FE01DF05FE8E0CDD1240C7FE01D5
:204AF100DF05FE830CDF0751206F4FFEEF0BCF67FA0251806F4FFE71DB9F4FFEAF48FE1229
:204B110004BFFF440200DC1C13444F02DF06FEC201D1DF10AF48FE440302DF44AF4AFE44DA
:204B31000D02DF3C8803316A9803880291DF297140D0FEAF48FE444F02DF1DFEB101D1DDF3
:204B510017AF80FEB80AAF82FEB80CAEF8040A001671B436D0FE71D18803708802FEC7FDCF
:204B71008802D1DF0A510A6F4FFE9F4FFEEF1D4047FE02DF17FE410AD1DF0E364FFE31A3F6
:204B91000BFE480CF567FAEF03FE250C8802D1DF13FEC401FBF8FF4E07DF09F546FECF6782
:204BB100FA06EF2B300001EF29AF0C046031550ECF67FA0271704FFE300500BF48FE300004
:204BD10040BF0604F6B804EF0CF546FEE567FA300051BF04048F67FA724C0161F8EEBB0096
:204BF1004C0661F8EEB400880473314503EEA500AEF80404001631E515D2DF126371FC5179
:204C11000961C851049F67FA304000EE8A008F46FE734C07DF0FFEBF0B6C1008B9F567FA32
:204C3100F546FEEF764C08DF13AF00046031630CF546FEFEA20B6C4008B9EF5F624C02DF9E
:204C51003EAF48FE440D00DF1AFECF00CF67FA02300D00BF48FEF546FECF47FE0271704F06
:204C7100FEEF38624C02DF17AF48FE444F00DF0FFED408D1DD25CF67FA08F546FEEF1C9326
:204C9100DF19FE9600300D00BF4AFECF47FE02CF46FE06EF06305100BF04048F67FA4C018A
:204CB100DD094C06DD05A804FEF2008FFC00718C5107DE194047FE02DF168F46FE6F67FA37
:204CD100DF0E3000205F4FFE510361E860100ED7F1EFFA2004FE5C0A8800705C1F91DF0C97
:204CF100605CC04C40E161E8F11004D7F1EFFA2004AF74FEB800AF76FEB8024051FE05DC71
:204D1100178803313A5C07704C03DF031004D74C04F161E87060EFF4F1EFF1FE8307FEAC46
:204D3100076168DD0300EFF6E1EEB107AF0C0460314308FE1D0A6C1008B9D7FE150A5CEF0A
:204D5100EFF6AF0C0460315308FE070A6C2008B9D7FEFF095CDFEFF651EF0F64FA4C06DE7C
:204D7100058F3EFEEF06AF0C0460314A5C01D7120476FF440200DC2213448900DD1C44881B
:204D910000DD17444F00DD12F05C036168DF0BE15F4FFE30111061E860D75113D72004B815
:204DB10002AF0604B8008F47FE91DD5891DD649161F8EEE7019161F8EE26030CF361F8EEFC
:204DD1004E039161F8EEF4039161E8EE3D04FE000A61E8EE3504880270310303EE2C0431A1
:204DF1001A5C074C02DD044C06DF064067FA0261F871584FFE605C0E61E8FEB409CF47FECB
:204E110002EEAB03FEFC0961F8EEFF03CF47FE02EEF803FE6E0961E8EE6A0140C6FE02DF9C
:204E31002F363EFE318329D546FEDD24364FFE31851EAF4AFE441000DD16FC6CAC00D1DF70
:204E51000F4067FA02DD1B364FFE31D315EE35018F67FA4C02DD06364FFE31D511D546FE03
:204E7100DD0CF546FEFE4E099F4EFEEE1701364FFE31D503EEFA008F46FE700CF04C02DEDA
:204E910076FE8508E1FE7AFAAF4AFEF05C03FE74068F4AFE705CC04C80DF0BFE5109DC1989
:204EB100CF47FE11EF13605C1F318E148F53FEFE2C0930A8FEFC6FAF00F54EFED9C7FEE149
:204ED100FEFCF9FE12095CF108B9AF4AFEF05C03440002DF08AF0004086C05EF06AF000460
:204EF100086C0708BF00044047FE1161F8EE9500CF47FE03EE8E00600CFC4C0361C8EE8404
:204F110000FE0508F1FEFAF9FEA608AF4AFE1260705CC04C80DF16364FFE31C30BFECF08DA
:204F3100DC2BCF47FE11EF25FE5B07EF204C40DF15605C1F318E148F52FEFEA108308CFE43
:204F5100FC6FAF00EF07F552FE13BF1004FE88085CF108B9D9C6FEF1FE64F9FE7A086C0193
:204F710008B94047FE1161E8CF47FE03F54EFEEF144C02DF0671584FFEEF0AFE4B07FE1184
:204F910008CF47FE138F47FE4C03DD074C1161E8EE7802AF48FEBF4CFEEE6F02FE320861C6
:204FB100E8EE6702880270310303EE5E02CF47FE025C0EDF74AF4AFE12F05C036168DF0847
:204FD100510A6F4FFE9F4FFE4067FA02DF0BAF48FE44050061F8F567FAAF48FE440D00DF1E
:204FF1001213440300DF0CCF67FA03FEDE07F546FEEF2C8F46FE4C04DD044C10DF14F54651
:20501100FE364FFE31A318FE6805D1DF12FEA107EF0D5104FC9BAE00FEB107CF47FE04716A
:20503100084FFEE54EFEEE860160311A5C07734C02DD044C06DF4C364FFE318546AF4AFEC1
:2050510014F05C036168DF3BAF48FE16F05C03616861E8EE2D0117444F00DF0E15444F0032
:20507100DD0844100061E8EE190117448800DF1315444F00DD0D448800DD0844100061E8E0
:20509100EE0001AF4CFE440D00DF0EAF4AFE440300DF06CF67FA05EF32634C02DD044C067C
:2050B100DF1E364FFE318313AF4AFE16F05C031417444F00DD05156168DD05FEF806EF05EC
:2050D10093DD1251109F4EFEFEE60671084FFEF546FEEEDA00343404A90400016C08B9EF0A
:2050F100E24067FA02DF09FEC006FE6401EEF600FECA0661E8EE1301FEAF068F46FE4C112B
:20511100DD044C05DF055112EEDB005107EED600FEBE0661E8EEF300880270310303EEEA2B
:20513100008F4FFE7371EB9F4FFECF47FE02605C0EDF248F78FAFEF305041A0012AF78FA9C
:20515100317E4361D30C5104FC9BAE00CF47FE12EF45E54EFEEF4060311A5C074C02DD047B
:205171004C06DF2F63310523AF4AFEF05C036168DF19AF48FE12F05C036168DF0613444F51
:2051910000DF08F567FAFE4306EF24FE28069F4EFEEF04CF4EFE104047FE02DF128F4FFEDE
:2051B10071AC718B9F4FFEF546FE61C8FE0206FEDA05E1FE09F7E6BF0404EF4FFEC505DF23
:2051D1004A364FFE31E32BFEF305DD06FE1405D1DD39FED5054067FA02DD08FE0505D15151
:2051F1001061E8FED0059F4EFEF546FEFEC205EE1AFC4067FA02DF0671684FFEEF0DFEA934
:2052110005FEE503FE8B05CF47FE11A800BFC4FE1004D7C1AFC4FEF05C806168DF0FFE63B5
:2052310005DD0AFE6605E1FE95F6E1C6D7FEB304D1DF1BAFC4FEF05C806168DD11FE440565
:20525100DF0CD9C6FEF1FE76F6D9C7FEEFD8F1C6D7AF4AFE1204F9FF61F8EEBA0004FFFF5F
:2052710061F8EED100B144030061D8EEF70004FCFFDD7F04FCFF61F8EE280104FFFF61F8CA
:20529100EEA10104FEFF61F8EEA90104FEFF61F8EE230104D5FF61F8EEBA0004FFFF61F8DB
:2052B100EEE20004F3FF61F8EEED0004CCFF61F8EE160104FFFF61F8EE1E0104FEFF61F8F4
:2052D100EE26010479FEDD3F04BEFF61F8EEC80004C9FF61F8EE21010479FFDD3204BEFFC0
:2052F10061F8EEB30044370061F8EE23015180EE5401AF48FE44030030030061E8300500BC
:20531100609F67FA5180D7AF48FE440302EF4CAF48FE440303EF44AF48FE44410061F8EEC8
:20533100220144040061F8EE1A01441000DFBEFE4A0461E860D7AF48FE44440061F8EE030B
:205351000144040061F8EEFB00441000DF9FFE2B0461E860D7AF48FE44420030030061E83B
:2053710030100060D7FE090461D8EED70013440C0061F8EECE0044100061E8EE6FFFFEFB32
:205391000361E860D7FEE90361D8EEB70013440C0030800361E860D7134248FE30130361D9
:2053B100E860D7F2308100FEB90361E8EE9500FEA70361E860D7F2308F00FEA60361E8EEDD
:2053D1008200FE940361E860D7F2308500FE9303DF72FE840361E860D7F2304500FE8303A9
:2053F100DF62FE740361E860D7F2308700FE7303DF52FE640361E860D7FE6C03DF0451137F
:20541100EF44E2308700FE5A0330031061E860D7FE5503DDE95202308700FE4603300310E0
:2054310061E860D7F2308200FE3803DF17FE290361E860D7F2308C00FE2803DF07FE190387
:2054510061E860D75103D7C7C16291DD1191301000DF14A8006C03B800301003EF09A800B1
:205471006C02B800301002B80262FE8AF44C02FBF8FFDF16AF48FE614902E361E8F361497C
:2054910000E161E8F1616B1004D7F11004D773FEC1025CCF08B9D361F8D7A9086C3008B91C
:2054B100D7C7510A5F4FFE9800340E04327E00A96C80B95400FE8702F567FAE547FEC0C17E
:2054D10051F55F4FFE6160609F4FFEC6D7AF0E04F05C80D7AF0004F1085C1008D7D1DF0D07
:2054F100340C04A95CFC085CFE08B9EF10340C04AA326CC0BA32A9086C0108B9D7343E04D0
:20551100A95C3FB9D7440000DF08340C04A95CFCB9D7440003DF08340C04A96C02B9D73459
:205531000C04A96C01B9D7D1DF08340004A95CFBB9D7340004A95C0FB9A96C54B9D7AF0077
:205551000431AE605C01D72004AF54FEB800AF56FEB802445B04DF178801317312314A5C7A
:20557100074C05DF0A8800D1E161E8F11004D7F1EFFA2004AFA8FEB800AFAAFEB802445BBF
:2055910004DF33880131732E314A5C074C05DF2688004C11DD144C13DD104C15DD0C4C217C
:2055B100DD084C22DD044C25DF03E1EF065C30E161F8F11004D7F1EFFA2004FE7601445BC9
:2055D10004DF23880131731E314A5C074C05DF1688004C23DD044C24DF03E1EF064C26E1F2
:2055F10061E8F11004D7F1EFFA20048F78FA75FE3A0112AF78FA317E2312441B0061C832F7
:205611001A0065718A71DB9F78FA13A1B800A1312EF1146298020C025C0361E8A5AF4AFEE3
:2056310031BD31BE16644C08320070DE05318E1231CC17616B08616A086C80FEC0001231B0
:20565100BCAF78FA317E036C80BF1204FEBA008F78FAFED700311E607788023105116731CC
:205671008E12A800311E03010479FA14CA0000675002D612A800311E1413047AFA321404A8
:205691001004EC6FAF0051C05F78FA9F78FAAF4AFE6C805C80085C1F08BF1004AF78FA3179
:2056B1007EBF1204441B00DC12FE7600FE6700DE09A9BF3004A5A5A7EFF2D7A1311E1432FE
:2056D1001404307AFAEC6FAF00FE3D00AF48FE6C905C90085C1F08FE2400A131BD6C84BFF0
:2056F1001204D74067FA02DF08AF48FE440500DF0B8F4FFE316305315A5C01D7E1D7BF103F
:20571100048F78FA311A318ED7F614320E00301404FCA5AF00D7AF78FA317EA1311E1217F0
:2057310043D7F616BF320400347AFAD7311A5C0F501AD6D7AF70FEB804AF72FEB806D73034
:2057510046FEFC91AF0054003206013078FAFC91AF00D7340C04A908D7AF48FE440400303D
:205771008003D7FEE1FCD1D7AF48FEF05C036168D7AF48FE1204FDFF440200D73080034040
:20579100C6FE02D7A804F05C806168D7E6FE2FF1E0D7D9C6FEF1FE26F1D9C7FEE1FE1FF158
:2057B100340004A9086C0108B9D75104FCC4AE00D7F6FE50FDD7AF4AFEFEB3F5D78FB12163
:2057D100318E125104FCFCAE004C02D7F6BF48FED7A804FE3DFAD1D7340004A908D7318EED
:2057F1001231CD05BF1004311CC3C4321404D751E15F78FA9F78FAFEEFFDAF78FA317E44A9
:205811001B00D7AF0C045C03085C01086168D754003209003064FAFC91AF00F6BFDEF9BFB6
:20583100DCF9CF64FA1171483EFED7C78F66FA70818F67FA9801DF06CF64FA16EF568F67E5
:20585100FA734C01DF0951035F65FA91DD05634C06DF05FEF41BEF3C4C01DD0D4C05DD09D1
:20587100604C11DD044C22DF114064FA1ADD0B405AFA0BDD05FE701BEF1A604CFEDF09FED8
:20589100C51FCF64FA1CEF0C634C08DF07FEB71FCF5AFAF08F64FA735CF098004C10DF05C7
:2058B100FE6601EF5F4C60DF05FE5418EF564C50DF08FE921FFE2B18EF4A4067FA02DF298E
:2058D100AF48FE440D00DF21634C26DD084C39DD044C3ADF05FE101BEF0FFEFF1E5103FE53
:2058F100B31ACF64FA1BFEE01E88000CE0DD0D0CF0DD0E4C10DF0DFE7F0FEF08FEDB02EFAC
:2059110003FE4305D567FA61E8EEA00088014C0261E8EE970051C15F95FB73AF48FE14609E
:205931007061015C3E616B9F95FB60317347316310FEEB1FBF94FB513F5F95FB9F95FBEF0D
:205951006B15F05C036168DF0FFED31F128F50FEFED31F3054FEEF0DFEC41F128F51FEFE94
:20597100C41F3070FEFC6FAF0051406F95FB71FB9F95FBEF37AF78FA317E12FEA11F03BFC8
:2059910094FB51806F95FB71EB9F95FBDB9A20C0C3AF94FB5C0143DB92FB61D304A800EFDF
:2059B10001A1311E14307AFAFC6FAF004064FA41DD0A5105FCC4AE00715857FA8F64FA0C76
:2059D100EFDD420CFEDD3E0CF0DD1D0CE2DD194C10F1DF128FA821318E125102FCFCAE0049
:2059F100D1300103DF1CC6D78F67FA6F66FAF1DFF536D1FE51033183ED3003205F57FAE197
:205A1100DDE460EFE15107EFDD8F64FA0CEFDD580CFE61F8EE28019161F8EE98009161F86F
:205A3100EEAE019161F8EE8B010CFC61F8EEAD009161F8EE0E019161F8EE3F019161E8EE91
:205A51009701D546FE61E8EE8F014066FA0F61E8EE8601F566FAFECC1DFC6FAF00304F007B
:205A7100FEBA1DCF64FA1CD78F66FA4C01DF08F566FACF64FA13D74C02DF1BFC744800FC95
:205A91000E5500E15F3EFEFC9F5400F566FAFE551DCF64FA14D74C19DF0BFC744800E1FC66
:205AB100EE5400EFCA4CF261E8EE2D01715840FEF1EC4FA800E7FE4C1D61E8EE1B01FE08B5
:205AD1001DFE291DDC12CF64FA21FE211E9161F8FE131DF1ECC4AE00CF64FA31D7FCE5540A
:205AF10000616861E8EEF1004046FE0761F8EEE800FEF91CDE144066FA22DD0E8FAA2131AD
:205B11008E12FE001D61E8EECF00E15F3EFEFC9F5400F6BFDEF9BFDCF9BF6AFA8F3BFE4CF1
:205B310021DD044C11DF05F1FC9BAE00FE9A1C71483EFEF566FACF5AFA0BCF64FA11D7CFCB
:205B510055FA03D7D546FE61E8EE8D004067FA03DF18F6BF6AFACF5AFA0AFE901C30210052
:205B710061D8303100609F64FAD78F3FFE312A5C034C0361F8EED218EE6D184067FA02DF4B
:205B910058AF48FE444F00DF1BFE1D1A91DF0C71084FFE304F00FE841CEF15FE0B1A4C0310
:205BB100DD07EF0C448A00DF07FE091CCF64FA1DF567FAD7FE58FCFE221CFE191CFE091CC3
:205BD100D53BFE61F8FE081CFC984800CF64FA15D7FCA24800CF64FA11D7C78F64FA0CDF9C
:205BF100DD4891DD5C9161F8EE90009161F8EEE1009161F8EE59019161E8EE1C024067FACB
:205C11000261E8EE2702FE051C61E8EE3502FEB81BFC37AA0051C05FDBF94CC061E8EEFA55
:205C3100018FD9F95064D6EEF401FCDE5400616861E8EEE401E1FCEE5400CF64FA22EED83D
:205C510001363EFE31B318DB9C21FEB81B61E8EEC701FE741B715840FEF1C6EC4FA800FE30
:205C7100841B3640FE71D461D8CF5AFA28715840FEFE5C1BCF64FA23EE9E014067FA02DF5C
:205C91002EAF48FE44410061E8EE8501FE3A1B3002F35F3FFE9F3FFE8F50FE9F53FAFEEEE9
:205CB1001BCF5AFA06CF64FA24F567FAEE6A01DB9821FE501B61E8EE5F01FE0C1B8F3FFE0A
:205CD100312A5C034C0361E8EE7801CF5AFA29EE47014067FA02DF1D4066FA0461E8EE30CE
:205CF10001FC279600D161F8EE2601CF68FA42F54EFEEE3401D546FE61E8EE1C014066FAB6
:205D110004DD094068FA4261E8EE0D01E552FEAFDCF9BF8CFEAFDEF9BF8EFE304200BF4A11
:205D3100FECF46FE06CF64FA25FEE81B04D4F912045F001413045C00B800895CC04CC06151
:205D5100E8EED500C4C5A5506489D6C6EC77AA00D546FE61E8EEC1008F4EFE4C0361E8EE01
:205D71008600FEE21AF568FAAF48FE440300DF22FE731AFE9E1B0433FA14895CC04CC0DDE9
:205D910007308813FC77AA00E55AFACF64FA26EE870051705FD7F9308813DD1451C05FDB0B
:205DB100F94CC0DF088FD9F95064D6EF03FE4F1BFC77AA00AF48FE440400DF06CF5AFA023D
:205DD100EF14CF5AFA0351705FD7F9DD068FAD21FEC91AFE101A51705FD7F9DF4CCF64FA08
:205DF100235102C6EC9BAE004C11DF1DFC279600D1DD1E40D2FE2261E8CF68FA42F54EFE14
:205E1100CF5AFA18F566FAEF204C10DD044C80DF04C6EEC2154C07DD2AC6D7FEE11AFC77F8
:205E3100AA00F567FACF5AFA07C6EE4816DB9621FED219DFE4FE91198F3FFE312A5C034C5D
:205E510003DDD6C6EEA1158F64FA0CCF75318E12654C0E61C8EE7D011312490022311C9E34
:205E7100FC79E42161CBFCDE5400616861E8EE6401E1FCEE5400FE57198F3EFE705CE04C88
:205E910080DD283657FA31A522363EFE31C30D6071DA5C3F9F3EFECF64FA3BD7CF46FE11F6
:205EB100300D02BF4AFECF64FA3DD76071FA5C9F9F3EFECF64FA32D7D546FE61E8EE15010D
:205ED100404EFE03DF13FE1D1951206F3EFE5C2F9F3EFECF64FA3BEF3C4067FA02DF0FAFA7
:205EF10048FEF05C036168DF05FEEB14EF2751806F3EFE5C9F9F3EFEFC694D0091DF12CFE7
:205F110046FE0871483EFECF64FA3ECF5AFA0EEF04CF64FA32F567FAD78F67FA4C04DD07F0
:205F31004C0961E8EEAE00F567FACF64FA32D74067FA0261F8EE9F148FAE21318E1251026B
:205F5100FCFCAE009161F8EE8B00FE7C18FEA71961E8EE80008F45FE4FBD21DE16FE3E15DC
:205F7100304F02FE6B19CF64FA3CFE8A19DF66A045FED7EEF014D546FEDF5A51E05F3EFEF4
:205F91004C80DF06CF64FA32EF364C60DD324CA0DD2E4067FA02DF1A404EFE03DF14AF48F4
:205FB100FE444F02DF0CFE2018FC469600F567FAEF0E8F4EFE4C04DD044C1261F8FEA61476
:205FD1004067FA0261F8EE0E14FE2B19DF07FE1518CF64FA3BD74067FA02DF1AFC279600BD
:205FF100D161F8EEF1134066FA0361F8CF68FA41F566FAEE7F14D546FEDFDAFEE618CF642F
:20601100FA34D7D546FE8F4EFE61E8EE83004C0761F8EED3134C10DF25364FFE31B31CFE5B
:20603100C4178F65FA735C0370635CFC0C0461689F65FAF566FACF64FA35D7EE99134C112D
:20605100DF1FFC279600D161F8EE8B134066FA03DF06CF68FA41EF04CF5AFA1BF54EFEEF67
:206071008F4C03DD144067FA0261E8EE67FFAF48FE44420061E8EE5CFFAF54FEBFDCF9AFAF
:2060910056FEBFDEF9CF5AFA04F567FACF64FA36D791DF2251F35F3FFE9F3FFE51035F65E8
:2060B100FA9F65FAF54EFEF566FACF5AFA10F568FAF1ECC4AE00FE35184C0261E8EE15FF84
:2060D100FE13178F3FFE312A5C034C0361F8EE5813EE14134067FA0261F8EEFA128FAC2199
:2060F100318E12FE1F17DF13FEDE168F65FA312A4FBC2161E3EE8900EE2E13FEF0174C02F4
:2061110061E8EED0FEFECE168F3FFE312A5C034C0361F8EE1313EECF124067FA0261F8EE8C
:20613100B5124066FA03DF08F566FACF68FA41D7D546FE61E8EE9DFED55AFA61E8EE95FE81
:2061510051F85F58FA4C18DF0AD568FADF05300300EF0A4C2030040061E8300C00BF4AFE74
:20617100CF46FE04CF64FA38D74067FA0261F8EE65124068FA41DD094066FA0361E8EE5463
:20619100FECF64FA33D7D546FE61E8EE47FE8F4EFE7391DF28AF4AFE440300DF0AE55AFADE
:2061B100CF64FA39EE92006391DF12AF4AFE440200DF0ACF5AFA1ECF64FA39EF7C630CF06C
:2061D1004C02DE2CAF4AFE14440200DF1E634C11DF0CF54EFE300702FC517900EF5815447D
:2061F1000200DF07300102FC517900FEE911EF49FC279600D1DF15CF64FA37FE6116DF0641
:20621100CF5AFA02EF33CF5AFA03EF2DAFD6F9BFDEF9AFD4F9BFDCF9FE4416DF0DFC3190BF
:20623100004C04DF05FEC011EF0FFE3216510261E851039F5AFAFE3C12F566FAD74067FA0A
:206251000261F8EEA211D546FE61E8EE87FD4066FA0661E8EE7EFD300600FEC015CF64FACF
:206271003AD74067FA0261F8EE7D11D546FE61E8EE62FD404EFE01DF0AF566FAFC37AA002D
:20629100EEF211EE6211AF48FE1204FEFF61F8EEEB00B144020061D8EECB0104FDFF61F81E
:2062B100EEC30104FFFF61F8EEE60004FFFF61F8EEF60004FFFF61F8EE010104FFFF61F807
:2062D100EE280104FFFF61F8EE3F0104FFFF61F8EE930104FCFF61F8EE8E0104FFFF61F800
:2062F100EEB60104FFFF61F8EE660204FEFF61F8EE830104FEFF61F8EEC70104D5FFDD6541
:2063110004FFFFDD6E04FFFF61F8EE110104FFFF61F8EE510104FEFF61F8EE1B0204F7FFCA
:2063310061F8EE210104CCFF61F8EEE40104FFFF61F8EEE40104FEFF61F8EEAD0104FEFFC3
:2063510061F8EE260204FFFF61F8EE480244010061F8EE5D0213F05C03616861E8EE1201CA
:206371005110EEA701FE8514DCF6CF64FA23CF5AFA19D7FE7714DEE8CF64FA34D7FE6D1443
:20639100DCDECF5AFA17FE5D14F567FACF64FA26D7FE5914DC0E36C9FE31E5C45141FE3419
:2063B1000FEEC201FE3D15EFCFFE4114DE0636C9FE31E5AC5144FE1C0FEEAA0136C9FE5163
:2063D1001031D514FCB0950091DF0BD568FA5103DD06510CEF025104FEBA0F36CEFE31F3C8
:2063F10003EE820171608CFBEE7B01D55AFA61E8EED701F567FA36CEFE71F461D871608CCB
:20641100FBCF5AFA09CF64FA43D7D55AFA61E8EEB801F567FACF5AFA08CF64FA43D78FD7B6
:20643100F9314A5C0791DF4AAF56FEF05CF0440080DD0D440050DF3AFEAB13E1FC385500FA
:20645100CF64FA51EF2CFE60114C01DF0C304F00FECA13CF64FA44EF194C02DF15FE86133F
:20647100CF64FA4DEF0CEE6E0F40C6FE0161F8EEEEFEF567FAD7D5142061F8EEE2FE40C690
:20649100FE0161F8EED9FEFE631361C8EED1FEFC419800308C00EEC700FE5113DC0936C9E8
:2064B100FE31E303EEB9FED5112061F8EEB1FE40C6FE0161F8EEA8FEFC939600308100EE5F
:2064D1009E00FE2813DE0936C9FE31E303EE90FED5162061F8EE88FE40C6FE0161F8EE7FBA
:2064F100FEFC009700308F00EF76D5152061F8EE6EFE40C6FE0161F8EE65FED57AFADF063C
:20651100FC4B9700EF04FCF297005187FE860EEF55D51220DF0BEE47FED5132061F8EE3FB4
:20653100FE40C6FE0161F8EE36FEFEB912FE8512F567FACF64FA43D740C6FE0161F8EE1F66
:20655100FED55AFA61E8EE8100F567FA71608CFBD740C6FE015110DDB3FC67940030820027
:20657100BF4AFEFE8D12CF64FA44D740C6FE0161F8EEECFD366DFA31B303EEE3FDF567FA41
:20659100FE3212FE6712DE08F1FC39AC00FE5612CF64FA4ED740C6FE01DD0E366DFA31B54E
:2065B10008F567FAFE0E12EF095110FEE70DCF64FA4440C6FE0161F8EEA5FD366DFA31C313
:2065D10003EE9CFDF567FAFEEB11D72008F56CFA8F68FA704C4161F8EE26028F66FA734C6B
:2065F1000361F8EE1B024C04DF17FED912DD0BAF4AFE44420061F8EE2D02CF64FA24EE26B4
:2066110002604C42DF07CF5AFA16EE1A02634C0BDF06300A00EE2C014C0CDF06300900EEF8
:2066310022014C0DDF06300B00EE18014C05DF06300700EE0E014C0ADF06300800EE0401D6
:206651004C13DF06FE900DEEDD014C0EDF25E6A1FECA11CF64FA3840C6FE0261E8EEC70156
:20667100FE8A1161C8EEBF01CF6CFA38CF64FA45EEB4014C14DF06301000EE76014C23DFDF
:2066910019FEBD1191300D0261E8300D03FE4112CF64FA4AF553FEEE8D014C0F61E8EE8906
:2066B10000FE9D114C01DF0D304F02BF4AFECF46FE10E3EF0E4C02304F03DDEF304F00FE40
:2066D1005B11F3AF90FB14312E6071FB1852FE63318E321C00CEFB021215311EF1085CFE65
:2066F1000814130446FEB800044600B80612AF8EFBFC6FAF00A80614A9B802A800044800D5
:2067110014A9B8048802735CC061E8EE1901AEF80403001631F303EE0D01635C1F4C06610E
:20673100F8EE0301A046FEEEFD004C12DF06FE1D11EEF3004C15DF05301100EF074C1FDF79
:2067510008301600BF4AFEEF5A4C1ADF12308300BF4AFE51806F78FA318EFE7C11EF444CFE
:206771001BDF05308400EFE84C16DF2AAF78FA6C015C01085C7F08FE5F11FEC4104C01DFD1
:2067910009308602FE4A11EE9D004C02308603DDF3308600EFAE4C18DF0F301200BF4AFE7E
:2067B100F552FECF46FE05EF7E4C1CDF05301400EFEB4C17DF1B40C6FE02DF65F6BF8CFEAE
:2067D100D95FFA8F60FABF8EFEE552FE304600EF224C30DF23FE69104C01DF10308802BFDC
:2067F1004AFECF46FE1071204FFEEF3B4C02DD37308800FE2710EF2F4C32308B00DDF4EFAF
:2068110026CF64FA3340C6FE02DF1CFEDF0FDE17F1FC39AC00FECE0F8F64FA9F6CFAEE4B27
:20683100FEF560FAF566FA1008D7F56CFAAF4AFE04F7FFDD1E04FFFFDD1304FFFFDD1A4440
:206851003700DF34CF66FA04CF64FA24D7CF66FA0BEF0ACF66FA0CEF04CF66FA0DCF46FED2
:2068710005CF64FA4240C6FE02DF0DFE7F0FDE08CF6CFA42CF64FA46D78F64FA0CBFDD7564
:206891009161F8EE5F029161F8EE14059161F8EEC5059161F8EEAE019161F8EE13020CFC9F
:2068B10061F8EEAD069161F8EE12079161F8EE27049161F8EE2A079161F8EE90079161E887
:2068D100EE1F084067FA0261E8EE0908AF48FE125CFC44890061E8EED20740C7FE0261E81B
:2068F100EEE607366DFA31B303EEDD07FEC60EF567FAEED4074067FA02DF76FEC80FDF3287
:20691100D566FADD0BD568FADD06CF64FA45EF2DFE73F98F57FA705C0391DF07605CFC70E9
:206931009F57FA605CC04C40DF13605C3F9F57FAEF0BFE940EF6BF6AFACF5AFA1571084FBE
:20695100FE8FD2FE4C2161E8FE2E0FFC4F5500D161E8EE80008F64FA4C26DD794C1ADD7543
:206971004C43DD714C4DDD6D4C4EDD69FE5A0EEF64D546FEDF5FFE52FC8F46FE70D18F6403
:20699100FADF0A4C45DF4A71084FFEEF484C1BDD1A4C4ADD164C4BDD1240C6FE02DF0CFEF0
:2069B1004B0EDE0760FE120FFE3B0E4064FA41DF2440C6FE02DF0BFE330EDE06CF64FA455B
:2069D100EFC5FE7C0EDF06CF64FA42EF04CF64FA4C71004FFE4064FA41DF43DB6AFAFE248A
:2069F1000EDF3BF6BF6AFAFE40FED546FEDD1AF55AFAFED40D40C6FE02DF0EFEEF0DDE09FD
:206A11008F46FEFEB40EFEDD0D8F64FA4C41DD0E4C46DF0671084FFEEF0471004FFE8FB850
:206A310021318E125105FCFCAE004C0261E8EEB106AF6AFA616861E8EEA7065105FCC4AE97
:206A510000715057FAD7FCF45600D1DF348FB221318E12FEAF0D61E8EE8706FE6B0D8F69F3
:206A7100FA9F46FEF569FAFED70DDF0C8F6CFAD1DF63CF64FA42EF04CF64FA4C71004FFE62
:206A9100D7FE450D8F66FA4C03DF06CF68FA41EF0A0CF54C0361D8CF5AFA188FD2FE4C21A0
:206AB10061E8FED40DF566FAF546FEF569FAEEC409FCF45600D1DF228FB221318E12FE446F
:206AD1000D61E8EE1C06FE000D8F69FA9F46FEF569FA8F6CFA9F64FAEFA2FEEC0CF546FE55
:206AF100F569FAEF36D546FE61E8EEF505F566FA8F4EFE4C8061F8EE4D044C1061F8EE4641
:206B1100044C11DD044C13DF1FAF4AFE1204F6FF440200DC061344090061F8CF5AFA188F18
:206B3100D2FEFE540DEE4D094C12DF1EFE7C0D61D8713057FA13440B0030050BDD058FD2DF
:206B5100FE5005FC517900EE2B094C0361E8EE1A01D55AFA61E8EE1201F567FAAF48FE4446
:206B71000300DF18E55AFA51030F4AFEFEF70C61E8EEEB00E1FC4FA800EEE300440400DD39
:206B910005441000DF1DFE220D61D8713057FA13440B0030030B61F8EEC0008FD2FE5003DE
:206BB100EEB800440C00DF108FAF21FEEE0CFE350CCF5AFA03EEA700444100DF1E8F50FE2F
:206BD1009F53FA5002FEC70CFE220CDC08CF5AFA06CF64FA24300007EE8000444400DF19E6
:206BF1008F50FE9F52FA5002D6143218FA3054FEFC6FAF00300008EF62444F00DF19F1FE9D
:206C1100590BD1DF0D30072FFC517900CF67FA02EF4D30002FEF44448100DF05300011EF3D
:206C31003A448F00DF05300016EF30448500DF05300043EF26444500DF05300044EF1C4488
:206C51008700DF05300046EF12448200DF05300012EF08448C00DF07300014FC517900405E
:206C710064FA4261E8EE7A04EE0A084C01DF3BAF4AFE444F00DF0AF0512FFC517900EEF4BC
:206C910007444600DF18715059FA8F8FFE9F5DFA7CFF5F60FA9F60FAF55FFAEED707448822
:206CB10000DF04FEDA0BD7EECB074C1361E8EE3104AF4AFE444F00DF0730072FEC5179000F
:206CD10044880061E8EE1A04300748FC51790051076F6DFA9F6DFAD7D546FE61E8EE0204DC
:206CF100F566FA8F4EFE7391DF25AF4AFE444F02DD05444F03DF0AF0512FFC517900EE8EAC
:206D11000044880261E8EE8600FE740BEE80008FD2FE704C46DD044C2FDF49634C11DD0466
:206D31004C13DF0660FE510BEF654C12DF09605005FC517900EF584C03DF1D604C2FDF0ED5
:206D5100E1FE170AD15007DDAFF567FAEFA9F567FAF0FC517900EF374C10DF3360E0FC5153
:206D71007900EF2B4C48DF27634C11DD044C13DF0B60FE040B51076F6DFAEF104C10DF0F07
:206D910060E0FC517900E16F6DFA5CF99F6DFA4064FA4F61F8EE4A03FEDA06F6EC1655001E
:206DB1004067FA02DF16300745FC517900300725FC517900FE2006715856FAD7320C00FE76
:206DD100430A61F8EE7B02D546FE61E8EE1303D568FADD2351F85F58FA4C20DD1A4C80DDEE
:206DF10016AF48FE440A00DF0E715856FA510CFEA305CF64FA44D78F66FA4C1DDF263085C6
:206E110000FE190AAF78FA6C04086C80085C04BF78FAAF8EFB340500327AFAFC6FAF00F5FC
:206E310083FAEF194C1EDF1D304500FEEF09EB8EFBA9BF8CFEAA02BF8EFEE552FEFE8909C9
:206E5100CF64FA44D74C1061E8EE9602715856FA8F58FA313AEF98D546FE61E8EE83028F5E
:206E710066FA4C1DDD1C4C0FDD184C08DD144C14DD104C1EDD0C4C10DD084C31DD044C32ED
:206E910061F8F566FA8F4EFE4C0161E8EE9800300045FC517900300025FC517900300010A6
:206EB100FC517900300004FC51790030002FFC517900300049FC517900300032FC51790075
:206ED100AF4AFE12440300AF48FE14DF1744090061E8E55AFA600C03FE8B09DF26E1FC4F51
:206EF100A800EF1F13440C00DF0C15440900DD13CF5AFA03EF0D1504F6FF44020061D8CFAD
:206F11005AFA024064FA6161E8FE690530F7FF0248FE44020061C8EEC801FE420961E8EE42
:206F3100C001713057FAD74C13DF1CAF4AFE444F00DF0530072FEF08448900DF073007891E
:206F5100FC517900EE2E058FD2FEE0FC517900EE8504D546FE61E8EE8801404EFE03DF1A5C
:206F7100FEDE089161F871483EFE30000DFC517900F567FAF566FAEE53014067FA02DF0FBC
:206F9100AF48FEF05C036168DF05FEE804EF1E363EFE319306CF5AFA14EFEFFC694D009164
:206FB100DF08FEA908F567FAEF03FE3B0430010DFC517900F6FC165500F566FAD78F67FA28
:206FD1004C04DD074C0961E8EE17014C04F061E8E05161FC517900FE6D08FE9804F55AFA91
:206FF100D78F5BFA318E12FE1B08DD564067FA02DD508F66FA4C08DF12FECD07300400FE98
:207011001B08CF64FA4471084FFED74C14DF08FEB707301000EFE84C0F61E8EEC400FEA818
:2070310007FE1D08DF15304F00FEF10771084FFECF64FA44FEEE07EC6FAF00F566FAE0EE55
:2070510036FCFE8407FE2D04715856FAD7FCF45600D1DF448FB221318E12FEA807DF05FE49
:207071008B07DC05FE8607DC798F66FA4C31DF12FE5607308900FEA40771004FFECF64FAA7
:2070910044D74C14DF5CFE4007301000FE8E0771084FFECF64FA44D7FE2E07FED7033007C1
:2070B10049FC517900300710EC51790051F85F6DFA7513441000DF0B656C039F6DFAF567A8
:2070D100FAEF06656C079F6DFA71284FFEF6FC165500EEA0038F6DFA705C07DD05605CF89F
:2070F100EFE4D74064FA51DF168FA821318E12FE1307DF0BFED206F1FC385500EE7603D738
:207111008F64FA0C9F75318E12654C0D61C8EEC3011312492822311C9EFC790E2261CB5122
:20713100035F65FA4C01DF12FEC206DC08FEB606CF64FA6AD7CF64FA67D74C02DF13365735
:20715100FA31A305CF64FA63D7FE9A06CF64FA66D7FC3D4D00300009FC51790071208CFB3F
:20717100710859FAF545FEEF6B4067FA0261F8EE76024066FA0661E8EE5901300600FE9C37
:2071910006CF64FA64D7D546FE61E8EE4601FE8406DD41EE52024067FA02DF1CD55AFADF4B
:2071B10017FE2506F567FAFE6406DF09CF5AFA07CF64FA65D7EE30028FA921318E12FE44B9
:2071D1000661E8EE0E01FE0006EE1C02D55AFA61E8EE000151FC5F65FA9F65FAEE96024012
:2071F10067FA02DF2AD55AFADF25FE2106DF1DFCEBAB00D161F8EEDB00FECD05FCCAA70002
:20721100F567FACF5AFA07CF64FA6BD7EE3B02DB9221FEF00561E8EEBA00EE2D024067FA13
:207231000261F8EE24024066FA0661E8EEA500FC534D00300600FEE405CF64FA6CD7D54608
:20725100FE61E8EE8E00FECC05DF0BFE5F01FE9505CF64FA6DD7EEF1018FB021318E12FE2B
:20727100A305DF70FE6205CF64FA31D74067FA0261F8EED5014066FA06DF59FC534D00FC36
:20729100CAA700300600FE9405CF64FA68D7D546FEDF41FE7F05DF08FE4B05CF64FA69D7D6
:2072B100EEA7014067FA02DF20D55AFADF1BFE1805FE5A05DF10FEF400FC0E5500CF5AFA87
:2072D10007CF64FA21D7EE8101DB9421FE360561F8EE7601D720064C419800E661E8F660D3
:2072F1007391DF48FE0605DC43308CFEFC8A8C009F52FEAF8CFE12B802AF8EFEB804AEF8CD
:207311000404001440C6FE02DF0AAEF8040500167182EF0EAEF80405001671838F5CFA9F5F
:2073310052FE13BF8CFEA9BF8EFEEF5C0950FA759F52FE63318E1640C6FE02DF1D93DF06E8
:207351007100FFF9EF2CFEB204128F3320318E317D5C01085C800803EF157108FFF993DF50
:207371000B8F5CFA614DDE049F52FE75FE8C04BFE2F9655002D61417321C00CEFB0204E03B
:20739100F9328CFEFC6FAF008800318EBF4AFEFE61041006D74C10DF0840C6FE0161F8517D
:2073B10004318EBF4AFEF552FEFE4704D7FCB254008F10209FC7FEE0E1FCD04800FE100481
:2073D100F61432060030D4F9FCA5AF0051FC5F65FA9F65FAD7EF11F567FAFEFF03E546FEAE
:2073F100FEE603CF64FA1BD7FE0204DC11FED903E1FC4FA800308813FC77AA00EF03FEE51A
:20741100034067FA01DD17CF46FE078F3FFE735CF370635CFC0C045C0C61689F3FFEFEBB19
:2074310003F567FACF64FA1AD7364FFE319306CF5AFA29EF02EF13FCB25400FE8B03FE9517
:2074510003CF55FA03CF64FA13D7FCB25400FC0E5500FE7B03FE7103F1FCC4AE00CF5AFA0F
:207471000DCF64FA12D751A06F3EFE71EB9F3EFECF64FA32D7E1FC39AC004067FA0261F811
:20749100714857FA3657FA31C3085105FC9BAE00EF04715057FAF54EFECF64FA41D7E553F0
:2074B100FE40C7FE0130018061E83001A0BFA8FE3000FFBFAAFED714AF62FA125C03085C26
:2074D10080086168DD2613317E605C074C04DE1C8F2F20318EB98F2C203169318E128F2E1F
:2074F10020F06C20F05C2703BA02E1D7F1D7C3200414F6B802B800AF62FAF05CFC12B802AB
:20751100AEF8A1A11640C6FE02DF20AF62FA5C03085C80616A08616BBB8F2C2031595C608E
:207531007088025C9F61689802EF10880370313A5C074C03DC05605CC79803AF1820B9AB81
:20755100BA02AF1C20BA04AF1E20BA06AF2020BA08AF1A20BA0A88044C02DF488803313AB3
:207571005C074C01DD044C02DF2EAF30205C07BA0C8F2C203169318E128F2D20F06C40F038
:207591005C4F03BA0EF6BA10BA1215041400FE26FF0C05718B1006D715040C00FE18FF0C48
:2075B100031006D751031006D72006AF54FEB800AF56FE12B802AEF8A1A11488017731733B
:2075D1005B13445B04DF4F67314A5C074C05DF0D8800FEE900D1E161F8F11006D74C06DD52
:2075F10003F1EFF68800D1DF19366DFA31C513AF3E06F05C026168DDE8343E06A96C08B98D
:20761100EFDF4C01DD044C02DFD73003105F6DFAF1DDC760EFC4FE9C01EE9C0088005C1F80
:207631004C04DD094C05DD05675CF89801880098045CC0DF5C88045C1F7391DF46A94400E4
:20765100FFDF40FC694D00D1DD1140C6FE02DD0B880471FA71EBFE6501EF16880471EA7188
:20767100FBFE5A01F9C6FE3090FEFE81FE819F52FE36CEFEE131F303EE5FFF71608CFBE1AE
:20769100EE57FF3663FA31A313634C0661F8EE50FF880471FA71EBFE2401EFE3FE16016310
:2076B1004C04DD044C05DF09CF5BFA165102EE29FF4C0661F8EE29FFCF5BFA0CEFEE2004BA
:2076D1000CFEDD170CD1DD4091DD2991DD3091DF1FAF3C06B802AF3E06EF35AF3E06F05CDC
:2076F100026168DD0B71708BFB343E06A96C08B9F11004D7F6B800AF7C06B802EF14AF707A
:2077110006B802AF6C06EF08AF8C06B802AF8E06B800FE9300CF52FE02302450BF8CFE30BB
:207731005B04BF8EFEA802BF90FEA800BF92FEE11004D72004B80013B802FE6B0088015CDD
:207751009F40C6FE0161E871DA9801E552FEA800BF8CFEA802BF8EFE1004D72008501CD6D7
:207771000446FE12040E0014A9B8041304100014A9B8061304460014A9B80013044800142C
:20779100A9B8028804735CC0DD1B8801317A708805317A6148DF0EAEF816637D5C1FE16197
:2077B100E8F11008D7F1EFFAF614320E00308CFEFCA5AF00D771608CFB715056FAD798040F
:2077D100A80612A804FE6BFFD75102FCC4AE00D7F1FC4FA800D7F1FCC4AE00D7E16F6DFAAD
:2077F1005CF99F6DFAD75102FC9BAE00D7363EFE7184D7F567FACF46FE04D7AFE2F95CFE71
:20781100085C7F08D75102FCFCAE004C02D7AF48FE440600D7F566FA404EFE01D7BF4AFEA1
:20783100CF46FE04D7AF90FB12312E6071FB9F52FE13311EF1085CFE0814AF8EFB328CFE1E
:20785100D751035FD3FED7F566FAF567FAD7CF46FE0871483EFECF64FA4BCF5AFA0ED7AF24
:207871004AFE440400D75C037051FC5F65FA61689F65FACF64FA6190D75007FC517900D706
:20789100F567FA300048FC517900CF64FA4FD7D6143234FA3054FEFC6FAF00D7318E12AFB3
:2078B10020FE31DD31DE03BF6AFAD7CF5AFA02AF4AFE1204F7FF440200D79F69FAF546FEFF
:2078D100F1FC39AC00D7DB6AFA5102FCFCAE00D1D7BF4AFECF46FE11D7BF78FAEB8EFBA9BE
:2078F100BF7AFAD75141FEECF9CF46FE06D7DB9021F1FCFCAE00D751E05F3EFE4C20D7AF50
:20791100DAF9316D12AFD8F931AE035C03323200CEFB02D78FDFF9314A5C075004D6D7AF17
:2079310094FBF05CFED7318E312D5C01085CFC0803BF94FB311EF1085CFE0814DB92FBD756
:20795100734FD2FEDF03D361F8D7F5D2FE6031295C3C7051C35FD3FE61689FD3FED7540070
:20797100328A0030D4F9FC91AF008F3BFE4C21DD044C08DF0A403AFE0461E8712057FA40C7
:20799100D2FE8261E8F5D2FEFECE15FE1722E554FAD7FE2F0C51F05F54FA0C80DD290C701F
:2079B100DD1B0CF0DD1C0CE0DD094C10DD0AFE6A00EF17FE3208EF12FE4C0AEF0DFE2A068F
:2079D100EF08FEAB04EF03FE0003513F5FD1FE708F57FA7371DC6071F9724055FA02DF1273
:2079F10070629FD1FE8F54FA91DD2C914C02DC07F1D771EA72EFE98F5EFA6F5AFA6F66FA17
:207A11006F60FAF1DF1060718C5103DC09635C2030030161E860D75107EFFB8F54FA91DDF6
:207A31001D9161F8EEC7009161E8EEC0008F5AFA4C2861E8EEBE01CF74FA02EE1C02D57410
:207A5100FA61E8EEA700365EFA31830636DFFE31D56836DFFE31E3628F3BFE4C11DF0DCF0B
:207A710074FA02FEF314CF54FA81EF314C21DF05FE9C21EFEE4C08DF0CFEDD14FEA51BCF1E
:207A910054FA81EF184C02DD144C04DF06CF66FA19EF0AD1DD07E566FACF3AFE04365EFAB7
:207AB10031850C7100D0FE71008CFB71085EFA515F5FDFFE9FDFFEEE3501DB9C21FEF320B6
:207AD100DD09363EFE31B303EEB50136DFFE31D503EEAC013640FE31D303EEA301403BFE75
:207AF1001161E8EE9A01FEBC20CF66FAF2D7FEF01EDF138FD9F9505CD64282FB61D307CF16
:207B110066FA22EEE0008F5AFA4C04DF1E8FD2FE4C21DD055004FE27FE36CBFE71F461D812
:207B310071508CFBCF54FA11EEBB004C10DF0D300021FE8E20717056FAEEAA004C29DF05AE
:207B5100FED820EF044C02DF06F55AFAEE97006F66FA6F68FA6F67FA61E8EE890040D2FEEA
:207B710021DF06CF66FA03EF7DDB9E21FE4420DF183659FA31A309712059FAFE3E20EF6662
:207B9100FE2220CF66FA11EF5D4055FA02DF57D567FADF528F56FA31734CD560FADF3B368C
:207BB10057FA31D31131553ED5D2FEDD39FEE81C715856FAEF30FE991991DF05FEC619EFA4
:207BD10009FE051A91DF09FE5A20715857FAEF0ED5D2FEDD11FEC01CEF0CCF66FA178FD257
:207BF100FE5004FE5AFD4054FA0261F8EEFEFE5103ECC4AE004C15DF08300122FE41FDEF82
:207C1100594C06DF1ACF54FA218FD2FE5004FE2FFD36CDFE31F303EED3FE71408CFBD74C52
:207C310016DF0CF55AFACF66FA04CF54FA22D74C17DF14714055FA716056FA71008BFBF53D
:207C51005AFACF54FA26D74C29DF0BF55AFAFCF0AC00FEC61FD74C02DF04F55AFAD76F6685
:207C7100FA6F67FA6F68FA61E8EE81FE4055FA0261E8EE78FED560FADF4A3657FA31D31968
:207C91003656FA31D303EE64FED5D2FE61F8EE5CFEFE041C715856FAD7FEB61891DF05FE63
:207CB100E318EF09FE221991DF0FFE771F715857FA8FD2FE5004EE87FCD5D2FE61F8EE2C1E
:207CD100FEEED41BCF66FA17EFE7C78F54FA0C7FDD389161F8EE82009161F8EE94009161A0
:207CF100F8EEFB009161F8EE1C014C0261E8EE7D018FB421FED31E61F8EE7201FEA61ECFFC
:207D110066FA02CF54FA85EE6401D574FA61E8EE5C01F555FA36C8FE31F32C8F3BFE4C116F
:207D3100DF0ACF54FA03CF66FA02EF284C21DF09FE891ECF54FA87EF1B4C08DF17CF66FAC0
:207D510019CF54FA02EF0DFED11E403BFE11DFF1CF54FA03F55AFAEE1401DB9A21FE531E26
:207D710061E8EE0901FE3D1E715840FEFEA01EEE8600D574FA61E8EEF400D53AFE61E8EE6F
:207D9100EC00405AFAF0DD3A40D2FE8CDD34365EFA318505D53BFEDF328F3BFE4C11DF0A28
:207DB100FE191ECF54FA84EEC40036DFFE31F31B4C21DD044C08DF13FE011ECF54FA82EE9A
:207DD100AC0030008CFEFB1DFE9C1AE554FA300082FE6CFB71184FFE715840FEEE8F00AF0D
:207DF10080FB442103DC08DBA021FEC61DDF7FFEB31D36DFFE31F306CF54FA81EF70FEBB0F
:207E11001DE554FAEF688F3EFE315A4C03DC5FFE371051FD5FDDFE98009FDDFE8F5CFA4CBA
:207E310002DC395004D604302014A9165C03442D01DC29AA0212316C1731AE035C0344906C
:207E510001DF19AFCAFE5C0344F100DC0FAF42FE44F401DD078800719A9FDDFE51806F3E8B
:207E7100FE5C9F9F3EFECF66FA03CF54FA02C6D7C78F54FA98000CDFDD309161F8EE98008B
:207E91009161F8EE39010CFE61F8EE48019161E8EE5501405AFA0761E8EE4C01F55AFA712E
:207EB1006856FACF55FA02EE3001D566FA61E8EE360136CDFE31F305FE060AEF1540D2FECB
:207ED1002261E8EE2201EB8EFBA9BFDCF9AA02BFDEF936FFF931851440C6FE01DF0E71784F
:207EF100DEF971484FFE7108FFF9EF1840C6FE02DF127170DEF97100FFF93637FA71843672
:207F11004FFE71C1405AFA0661F8F55AFACF66FA04CF54FA22EED000D566FA61E8EEC80031
:207F31008F5AFA4C01DF43F55AFA300022FE10FA714055FA8FD7F9705C70DF096071CA5CC1
:207F51009F709FD7F9607FDFF95C7061E871408AFBFEA01C045E0014C80023A9BFDAF91327
:207F7100045C0014A9BFD8F9EF3E4C02DF16F55AFAC80003300322FEC6F971608DFB7120C3
:207F9100D1FEEF244C15DD044C18DF0BF55AFA300722FEABF9EF0E4C03DF1251EF5F55FAEF
:207FB1009F55FADF08C8000388009F54FA88004C22DD3536DFF931A3277118D1FEEF2940DA
:207FD1005AFA07DF23F55AFAFE1F15CF54FA25CF74FA03EF13D574FADF0ECF54FA03EF08ED
:207FF10071608DFB7110D1FEC6D78F54FA0CEFDD419161F8EE15019161F8EEBB019161F8C8
:20801100EEC3019161F8EEEC009161E8EED8018FAB21318E12FE9B1B61E8EECA01FE851BB8
:208031003656FA31E503EE9401CF74FA06CF54FA13D7D566FA61E8EEAD01405AFA0461E8C8
:20805100EEA40136CBFE31F30FFED40F31397051075F58FA6168EF258FD2FE730CFDDD0EE3
:2080710091DD114C08DD0D51075F58FAEF0F8FDFF9FE561A313851075F58FA616B9F58FA27
:208091005CF861F8EE6001FE1B1B8FDFF9314A708F72FA313A61785C07DF0E605C07FE46B7
:2080B1001A4CC061F8714059FA51F85F58FA4C18DF303659FA31C52A30327F5FDCF9D642E9
:2080D100DAFE61D31DAFDEF9BFD6F9AFDCF9BFD4F9CF74FA06FEE41A51159F54FA71785671
:2080F100FAD7F55AFA4066FA03DF045112EFEBCF66FA10EFF6320500FEB81A61E8EEE70049
:20811100F55AFACF66FA10CF54FA12D7D566FA61E8EED3008F5AFA4C1EDF17716056FA30ED
:208131000002FE1BF8CF54FA16FE901A714055FAEF4A91DF39FEBC1A042600143659FAA91A
:20815100BFDAF91304240014A9BFD8F9714055FA31C309FE661ACF54FA16EF20320500FE02
:20817100511A61E8CF74FA06CF54FA13EF0E4055FA0161F8CF55FA02CF54FA02405AFA020C
:20819100DF0871608DFB7120D1FE36DFF931A30751FD5FD1FEEF0971608DFB51026FD1FEE7
:2081B1009FD1FEF55AFA300003FE94F7300004FE8EF730000CEE88F7D574FADF2ACF66FA60
:2081D10006CF54FA14D7D566FADF1CFE1C13FE1018DF05FEE619EF03FECA1951EB5F59FA5B
:2081F1009F59FACF54FA02D78F54FA0CBFDD6C0CFE61F8EEB3009161F8EEF2009161F8EEEF
:2082110057019161F8EE85019161F8EE90019161F8EE94019161F8EEBE019161F8EECF0182
:208231009161E8EEE001D566FA61E8EED801711859FA71108CFB513F5F57FA9F57FAF6BF76
:20825100DEF9BFDCF9F555FA51E05F3EFE4C8061E8EEAE01CF66FA03EEFA0036C9FE31E3B5
:208271000C51806F58FA5C879F58FAEF30FEBE12D1DF0C51206F58FA5C279F58FAEF1EFE21
:208291008012D1300C0061F83003006073313851075F58FA616B9F58FA711059FAF55AFA83
:2082B100CF66FA10CF54FA43D7D566FA61E8EE55018F5AFA4C01DF0FFE2519DC05FEE5183F
:2082D100EF28FEF718EF234C03DF10D568FADF0BFE2F12D1DD14FEFF16EF0FFEF71861E890
:2082F1005007510AFE59F6FEC218F55AFAD7D566FA61E8EE10018F5AFA704C01DF14F55A17
:20831100FAFEDC18DC065103ECC4AE005103EC9BAE004C0361F8EEED008F57FA725CC04C06
:2083310040DF14604C02E6A161E8F660733168625C3F616B9F57FAFE9B1861E85007510AB4
:20835100FEFDF58F5AFA4C15DD084C02DD044C1861F8F55AFAFE5418D7D574FA61E8EEA55E
:20837100008FAB21FE631861F8EE9A00FE3618712859FA8F3EFE718C30460461C83049011A
:208391009F74FA609F54FA300421EEB3F58F66FA6F74FADF71CF66FA06CF54FA47D7D566C0
:2083B100FADF63CF54FA48D7405AFA07DF58F55AFA711859FAF555FA513F5F57FA9F57FAC9
:2083D10071108CFBCF74FA02F6BFDEF9BFDCF9300421FE6BF5EE7DFF405AFA07DF28D5741D
:2083F100FADF23F55AFACF74FA05CF54FA4AD7D566FADF12D574FADF0DCF66FA06CF54FA00
:208411004BD7CF54FA85D78F54FA0CAF4C02DC660CFE61F8EECF009161F8EEE7009161F8BF
:20843100EE0E019161F8EE3F019161F8EE5A0191DF43D566FADF3E8F5AFA704C01DD304CE5
:2084510003DD328F57FA735C0391DF14604C02E6A161E8F6605C0370635CFC61689F57FAAC
:208471008F5AFA4C15DD084C02DD044C1861F8F55AFAFE3717D7D566FADFFA8F5AFA4C012C
:20849100DF11714055FACF54FA53F55AFA30000BEEADF44C03DDDE8F59FA31330640D2FEF2
:2084B10061DF0B71BB9F59FA300761FE92F48F5AFA4C02DF0FF55AFA710059FA30000BFEC1
:2084D1007EF4EF184C15DD044C18DF0C30070BFE6EF430070AFEEB16711859FAFECD164C96
:2084F10044DF92EEC2003657FA31A310D574FADF84FE3011FEC516CF54FA54D7FEBD16CFF5
:2085110054FA55D7D566FA61E8EE69FFD574FA61E8EE61FF8FBB21318E12FE961661E8EE05
:2085310053FFFE8016CF66FA06CF54FA57F55AFAD7405AFA07DF18D574FADF13FE6616F545
:208551005AFA712857FACF74FA08CF54FA56D7329600FE5E1661E8EE1BFFFE481671485548
:20857100FACF66FA11EE0AFFD574FA61E8EE05FF714855FA710859FAFE31164C4461E8EE5B
:20859100F3FED566FADFC3EF1FD566FA61E8EEE4FE714855FA71403EFE51F65F59FA9F59C0
:2085B100FAFE08164C44DF0EFEA70F9161F8FE6014CF66FA0BD740D2FE6161E8EEB6FECFCB
:2085D10066FA12D78FDFFE735C1070DD23403BFE11DF1D3640FE31D3176331731351EE5FB9
:2085F100DEFE9FDEFE6371FA5CEE9FDFFEEE4A018F5AFA724C0BDF173640FE31D51151F0D8
:208611005F54FA4C8061E8CF66FA02F55AFAD78F5EFA75310508D53BFE61F8EE8E018F3FEA
:20863100FE745C0273DD0CD0E061F8F065312503EE7901D061E8EE7301624C0B61F8EE6BF8
:20865100014C0D61F8EE64014C0ADF62403BFE1130030061E83002039F66FA609F54FA8F56
:2086710057FA705C0391DF07605CFC709F57FA605CC04C40DF06605C3F9F57FA8FD2FE7093
:208691004C0DDF0C51035FD3FEDF0530000DEF06604C60DE04E0FEA7F2FE0915E555FAF541
:2086B10059FAF55AFA71508DFB717856FAD74C08DF3151075F58FA36C9FE31830471FAEF38
:2086D100026C189F58FACF66FA10F55AFACF54FA528FD2FE700CF64C02DC074068FA4160D6
:2086F100DF16D74C09DF16CF54FA418FD2FE4C0ADDF04068FA41DDEA5004EE43F24CF0DD39
:208711000640D2FE8CDF204054FA83DD1ACF66FAFEFE080F51385F72FA61E8CF74FA14FE71
:208731008314CF54FA83D78FD2FE4C60DF1B3640FE31D30B4066FA11DDA8CF66FA11D771D4
:20875100408DFB300060EEF7F14C62DF0C645CF04C90DD8ECF5AFA0DD74C81DF0E643103F1
:2087710006300081EED9F1E53AFED74C82DF18D3E061F8F06431050460310505CF3AFE0282
:20879100D7300082EEB9F14C8361E8EE54FFD3DF15403BFE21DF09CF3AFE03CF66FAFFD7F6
:2087B100300283EE9AF1300083EE94F1624C0D61F8CF3AFE048FD2FE704C60DF0971408D94
:2087D100FB300060EF15624C0B61F871408DFB604C82DF06368DFB31C504E0FE62F1368DEF
:2087F100FB31C510715040FE51F85FD1FE9FD1FE7118DDFE8F4FFE7571BB9F4FFE8F3FFEEA
:20881100725C0270DF0E365EFA318505D53BFEDD4BD1DD0B365EFA31A505D53BFEDD3D4011
:208831005AFA0DDD378FDEFE71BC61D8712060FA71FC61D8716060FA8FDFFE7071BC61D8E3
:20885100713060FA36DFFE31C54F51EE5FDEFE9FDEFE6071FA5CEE9FDFFEEF39F560FA8F28
:208871005EFA73718B9F5EFAD0DD0C635CFA9F5EFA62719B9F3FFE7118DDFE655CF59F4F6E
:20889100FEF6BFD0FE71008CFBAFDEFE5C08085C8808BFDEFECF66FAFF4054FA83DD1AFE9C
:2088B1007A0D8F72FA705C38DF0B605C07DD0ACF74FA11EF04CF74FA14FEA2F0CF54FA83CB
:2088D100D7200C8F53FA318EC18F50FA318EC13034FAC1AEF8040C001234E0F9A1A1FE3368
:2088F100081006A808B800317503EE2101440000DF134050FA0261C8EE13016168DF06FE8F
:208911003412EE5801A806B80A312DB8040437FA14895CC0734C40DF29A800312D16FE7AA6
:2089310012DD1F1704E0F914A8040436FA16A95C0312AB314E5C03CEFB0136000034F4014E
:20895100EF44D3DF24A800312D16FE4E12DF1A1704E0F914321027A95C03FE1E12CEFB0B0F
:2089710000360000341300EF1D634C80DF39A800312D12FE2512DF2F1304E0F91432F40190
:20899100A95C03FEF511CEFB0B001431AD12AFDCF95C03031615316D31CE12AFDEF9085C38
:2089B100F00803B802EF24AFDEF9085CF00816A800312D04E0F914A95C0312316E07B80275
:2089D100AFDCF95C031431AC13051617BFDCF9A802BFDEF9A8040434FA14A95C0312AFDC02
:2089F100F9F05CFC03BFDCF951835FDFF973A80A608131495C70616B9FDFF951F85F56FAFC
:208A110073A80060815C07616B9F56FAEF4F8FD7F9705C70DD3460314A5C074F53FA61C343
:208A310029FEAC00D1DD238FD7F9314A5C075004D60430FA14A95C036168DD0EAFD6F9BFDF
:208A5100DEF9AFD4F9BFDCF9EF03FEE9108FDFF9314A5C07318EB1B8067120DFF9AFDEF9D3
:208A7100B802316D16A806312D0434FA14A95C03B80012AFDCF9B80431AE075C034361D357
:208A910020A8045C03161331AD07BFDCF9A802085CF00812A800316E616B08616A08BFDE55
:208AB100F9A95C0312AFDCF9145C034361D30715FE3F10BFDCF93628208FDFF97184718953
:208AD1009FDFF93662FA718471999FDFF9100CD7C78FDBF975316A748FD7F9314A5C079197
:208AF100318E12312CC0C34937FA316A614CDF34655CC0DF0AFE1C106168E1DF24C6D74CB5
:208B110080DD044C40DF1DFE0A106168DF16C2C37936FA7FDBF9087FDAF95CF0085C3FEFCC
:208B3100D7F1EFD9F1EFD62008AF5220BFE6F9AF5020BFE4F9AF5620BFEAF9AF5420BFE8AB
:208B5100F9AF5A20BFEEF9AF5820BFECF9AF5E20BFF2F9AF5C20BFF0F9AF6220BFF6F9AF39
:208B71006020BFF4F9AF6620BFFAF9AF6420BFF8F98FCDFE312A5C079F50FAAF36205C0389
:208B910012AFE0F9F05CFC03BFE0F96C905C93BFE0F9AFE2F9FE480FBFE2F940C6FE02DF66
:208BB10014FE660F128F3320318E317D5C01085C800803EF03FE520FBFE2F936C9FE8FE316
:208BD100F971D471999FE3F93662FA718471A99FE3F9FE050F8FE3F971B99FE3F95C0F70A8
:208BF1004050FA02E13C00718C6071C936C9FE71E471D99FE3F9F198024F50FADE78318ED4
:208C110012312CC0C349E3F9316AD1DD044C02DF3EAFCCFE5C0332F401CEFB0116A80004E9
:208C3100E0F9B80014AA02316DB806A9B80431AE14A80635055C031417360000CEFB0B00A2
:208C510014A8045C03121543DE275C0312EF1A91DF1FAFCCFE5C0312A80004E0F9B8001431
:208C7100A9B8045C034361D308C4C5A804FE820EB9880281EF811008D7200AC1AFCAFEB8A0
:208C910002F6B804A800340000320E00FCA5AF00AF34205C0312C4C5A9F05CFC03B96C90FD
:208CB1005C93B9AA02FE380EBA028F322031495C30708A025CCF61689A0236C9FE8A0371E1
:208CD100D471999A033662FA718471A99A03FE090EC4C58A0371B99A0336272032F40171C3
:208CF1008471C99A0336C9FE71E471D9775C3F9A03A8025C03CEFB01B80A13B808675C3E54
:208D110040C6FE0261F8718A9A031504040014AF3A20BA02AF3820B9A8001204080014AF0C
:208D31003E20BA02AF3C20B913040C0014AF4220BA02AF4020B91304100014AF4620BA026C
:208D5100AF4420B91304140014AF4A20BA02AF4820B91304180014AF4E20BA02AF4C20B962
:208D7100F198028FCBFE312A5C07980370518012A8047C804361C8EEC500A80014040300C9
:208D9100168B5CC04CC0DF3C15A1A114A9311EF1FE690D1613B806C4C589980371FB318E57
:208DB10012A8064400001761F843A8064400001761F843DC02C3C6880371FC66FBF8FF711E
:208DD100F999EF70AA0212316CA9B80631AE035C03FE280D14A8065C0316F6431761F84536
:208DF10061C306C4C5A95C0314155C0316C4C5A9F05CFC07B806B9AA0212316CA80631AE29
:208E1100035C03B80644900130F4011261D8322C0117FBF8FF4361D30FA80644900132F445
:208E310001DE09322C01EF04A95C0312A9FEC20CB9615902AB040400BB617904EE24FF88FE
:208E5100029F5CFA8803100CD7200C30FCF9B80430FCF9FE23FE98009F51FAF7D951FA514D
:208E71008014137C8045DE53A80416FED30B4CC0DF28AF42FE340500CEFB0300B8028B9846
:208E91000171FB318E14A80245DC0315B802880171FCA8026071F99BEF17EB42FEABB80249
:208EB1005C034561E314155C0314A802F05CFC05BBA804040400B804A3EFA140C6FE02DFE3
:208ED10071C0C18F5CFA776140DD67FE190CDF62675004D604F8F9B8028800318E1614B584
:208EF10015B80617312D04F8F9B804D95CFA518016157C8047DC3BA8041450058971FBD603
:208F1100B808A80216ABB80A5C0314A8084561C8155C0314A80AF05CFC05BBA80404FCFFD5
:208F3100B804A80204FCFFB802A80614B515B806EFB913312D04FCF9B802C0C15180141372
:208F51007C8045DE11A80214F6B9BA02A802040400B802A3EFE4100CD7F614320E0030E078
:208F7100F9FCA5AF005400E7A33050FAFC91AF008F3BFE4C08DF2EE551FAAFFCF9F05CFCBE
:208F9100BFFCF96C905C93BFFCF9AFFEF9FE500BBFFEF9513E5FFFF940C6FE0261F8718A78
:208FB1009FFFF9EF144C21DD0D36C9FE31E30736C8FE71B461D8FE90FE36C8FE31A30D369E
:208FD100C9FE31E307403BFE1161E8D7EE58FBFE080B36E3F971B1FE000B36FFF971B1D73E
:208FF1008FC8FE7031251951DD5FE3F9728FC9FE7371DC627199726371EC6271D99FE3F976
:209011006071BC61C8D751DD5FFFF9738FC9FE7071DC637199736071EC6371D99FFFF9D7EF
:2090310020048FDFF9314A5C0791728FFFF9703105128FC6FE7391DF0B7108FFF951EF5F23
:209051004FFEEF188FC6FE734C02DF1360718A9FFFF936DEF98F4FFE71F471C99F4FFE62DD
:209071004F51FA61C8EEA700318E312DB80004D4F916042B001417042800B802895CC04C9A
:20909100C0DF5593DF0CFEC0FDCF66FA03510C1004D7A802148971FB70517F5FDCF9614848
:2090B10061C36CA5500589D612AFDEF9317D14AFDCF9319E055C071443DC54C2C379FEF925
:2090D100311EF112312D0312154361C3428FDFF9FEF70951031004D78FDFF99802EBDCF997
:2090F10031330636DFF931A50DAFDEF9316D12AFDCF931AE0314C2C379FCF95C0312155C7F
:20911100034361C30A4242FE61C3048802EFC151041004D7C5C32006C1168812318E12B303
:2091310013B802C3C415BB13FBF8FF317336312D1261090AFE0A094C40DF218814318EC17E
:20915100FE7809B806A1A116AB12A80616ABFE2F021271FCC6A8081413B9DE08C6C7ABB16A
:209171001412EFC1A800A1B8041631F545A80212C3C4FBF8FFAB35B913317336312D1261F6
:20919100090AFEBC084C80DF218814318EC1FE2A09B808A1A116AB12A80816ABFE3B01123E
:2091B10071FCC6A8081413B9DE08C4C5A9B11412EFC0A8041631F543A80212FBF8FFAB14A5
:2091D100A802B913317334312D1261090AFE7108DF218814318EC1FEE108B804A1A116AB13
:2091F10012A80416ABFE17001271FCC6A8081413B9DE08C4C5A9B1B802EFBFE1100CD7C52B
:20921100C1200E316CA80E31AE03B80A5C0316321500FE8008B80617FBF8FF321300FE7497
:2092310008B8088816318EB80412312DB80C61091004FCFFBB13EF33317335ABFE02084CC7
:2092510040DF21ABFEED0712A8084361C316ABFED90714A80645DC0CA80EFE4308FBF8FF78
:209271004361D30CAB04FCFFBBA802B1B802EFC8A802317562A81061090C04FCFFBBA804E3
:20929100B1B81031734FABFEB707DF2CAB14AA0212316CA931AE037E0B087E0A085C036159
:2092B10068DF0CA95C0312A80E5C034361D326AB04FCFFBBA810EFC84C80DFF3ABFE7407E8
:2092D10012A8084361C3E8ABFE600712A80643DCDEAB14EFCEA8101012D7C5200CFE9D07DF
:2092F100EF2C31732EA800FE57074C40DF1BFE6F0761C315A800FE320714FE270745DC09F0
:20931100A802FE9B074361D30AFE1007A806B1B806EFCFA806FBF8FF317562FE2B07B1B840
:209331000C317357ABFE1907DF17ABFE060716321500FE6007B80617321300FE570716EF63
:209351000F4C80DF2DABFEEB061615FEDD06B806A80412316CA80231AE035C0347FBF8FF32
:2093710061C30FFEBE06614906DC07ABFEE60661D309AB04FCFFBBA80CEFA3A80C100ED72E
:20939100C5200CFEF706EF2B31732DA800FEB1064C40DF1AFEC90661C314A800FE8C0612B4
:2093B100FE810643DC08A800FEAA0661D30AFE6B06A806B1B806EFD0A806FBF8FF317303CA
:2093D100EE9000FE8306B1B80C317503EE8200A800FE6D06DF27A800FE590616321500CE9A
:2093F100FB02341400CEFB0300B80617321300CEFB02341400CEFB0300B808EF114C80DFE7
:2094110048A800FE2E06B80815FE1F06B806FBF8FFA80412316CA80814A80231AE035C0367
:209431004561C325FEFD05614906DC1DA8025C0332F401CEFB01360000CEFB0B0016C4C541
:20945100A95C0312174361D308FED005A80CEE75FFA80C100ED78FDCFE9F7AFAF57BFA8F44
:20947100D7FE9F7CFAF57DFA8FD4FE70312A5C069F7EFAE580FA403BFE21F161F88FDDFE33
:209491009F7FFA8FCFFE31131536CFFE31B51631C306CF7BFA08EF0DCF7BFA10EF07719A58
:2094B1005C069F7BFA365DFAF131A506CF7DFA0251027331B50671AA739F7DFA31E50671A0
:2094D100BA739F7DFA603125066371CA9F7DFAAF78FA6C03086C80085C03BF78FAD78FCF77
:2094F100FE70311A6150605C01D7CF55FA027128D1FE3656FA71E461C871308CFB7168567A
:20951100FAD7363EFE3183247184F11C003657FA31A319D1DF163659FA31831036C9FE3168
:20953100850A8FCEFE316A5C017C01D7F1D78FCEFE312A5C034C03DD174C01DF06363EFE20
:2095510031830D4C02DF07E15F3EFE7C01D7F1D7E1D736C9FE31E52B51C05F57FADF24367D
:2095710057FA31C31E8FCEFE312A5C034C01DF08363EFE318502E1D74C02DF07E15F3EFE9C
:209591007C01D7F1D7711059FAFE76FFD1DF0CFE7F04CF66FA0BCF54FA44D7FE3A04D75144
:2095B100035FCEFE4C03DD1F4C02DF07FC694D00D1DD1451035FCEFE91DF0AFC694D00913D
:2095D100E161E8F1D7F1D7E1D736C9FE31D53151035F57FADF2A3657FA31C32451035FCEA7
:2095F100FE4C02DF09FC694D00D1DF02E1D751035FCEFE91DF0AFC694D0091E161E8F1D7DC
:20961100F1D73659FA31930BE15F3EFE30020361E860D75144D7510F5F55FAD7CF74FA1842
:20963100ECC69D0036C9FE718461C8D7CF74FA07712057FAD7200451A06F3EFE71EB9F3EE2
:20965100FEFCE44C00D1DD37F545FEFC004D00D1DD2DAF80FEB800AF82FEB8028800315AAD
:209671005C034C01DF05302C01EF074C02DF0630F401BF42FE51606F3EFE71FB9F3EFE10EC
:2096910004D7AF78FA6C0C5C0C085C7F08FE59038F68209F84FA8F69209F85FA8F6A209F76
:2096B10086FA8F6B209F87FAAF6C20BF88FAAF6E20BF8AFAAF7020BF8CFA8F72209F8EFA17
:2096D1008FCFFE70311A5C0173DD0660718C6371999F8FFA36CFFE31B50831C30571AA9F19
:2096F1008FFA8F73209F90FA8F74209F91FAD7AF78FA6C0A086C80085C0AFEEC028F752058
:209711009F84FA8F76209F85FAAF7820BF86FA8F7A209F88FA8F7B209F89FA8F7C209F8A68
:20973100FA8F7D209F8BFA8F7E209F8CFA8F7F209F8DFA8F80209F8EFAD78F8120318E0408
:20975100040012317CAF78FA319D319E03BF78FAAF1820BF7AFAAF1A20BF7CFA8F82209F3B
:209771007EFA8F83209F7FFA8F84209F80FA8F85209F81FA8F86209F82FA8F87209F83FADA
:209791008F88209F84FA8F89209F85FA8F8A209F86FA8F8B209F87FA8F8C209F88FA8F8DE4
:2097B100209F89FA8F8E209F8AFA8F8F209F8BFA8F90209F8CFA8F91209F8DFA8F92209FEA
:2097D1008EFA8F93209F8FFA8F94209F90FA8F95209F91FA8F96209F92FA8F97209F93FACA
:2097F100D7AF78FA6C095C09085C7F08BF78FAF6B1BF7AFAF6BF7CFACF7EFA4ECF7FFA6F19
:20981100CF80FA74CF81FA20CF82FA53CF83FA75CF84FA70CF85FA70CF86FA6FCF87FA72B6
:20983100CF88FA74CF89FA65CF8AFA64F58BFAD7AF78FA6C025C02085C7F08BF78FAFEA0EC
:2098510001DF17AF76FABF7AFA8FD6FE9F7CFA8FD4FE3159314A9F7DFAD7F6B1BF7AFACF3A
:209871007CFAFFF57DFAD7FCBA3E00343E064100BA2E11AF0A20BA3211AFFA00F05C0F1689
:20989100510F5F2320318E128F1020318E31CD0703BA3EA96C02B9D78FD2FE0CFE61F8EE0F
:2098B10098000CFE61F8EEDA000CFD61F8EE93009161F8EE92009161F8EE91009161F8EE46
:2098D10094009161F8EEA6000CFE61F8EEA3000CFD61F8EEB2009161F8EEB1009161F8EE0E
:2098F100B0000CFE61F8EEAE000CFE61F8EEAC000CF461F8EEAA000CFD61F8EEB7000CF6B1
:2099110061F8EEA1000CEC61F8EE9F009161F8EE9E009161F8EEA2009161F8EEA1000CFEFD
:2099310061F8EEA4009161F8EEA3000CF661F8EEA1004C0E61F8EE8B00D7CF66FA0ECF5463
:20995100FA12D7CF66FA05D7CF66FA0AD7CF66FA0CCF54FA58D7FEA9FBD130440B61E83006
:20997100510D9F66FA609F54FA711059FAD7FE6700D751035FD3FEDF05CF66FA13D7CF668F
:20999100FA23D7CF66FA08D7CF66FA14D7CF66FA15D7CF66FA18D7CF66FA1CD7CF66FA1FF1
:2099B100D7CF54FA21D7CF66FA0FD7CF66FA1AD7CF66FA1BD7CF66FA1ED7CF66FA1DD7CF3E
:2099D10066FA16D7CF66FA12D7CF66FA30D7CF66FA31D7CF66FA32D7CF66FA0DCF54FA51C2
:2099F100D751C05FDBF94CC0D7BF78FAAF1820BF7AFAAF1A20BF7CFAAF1C20BF7EFAAF1E00
:209A110020BF80FA8F22209F82FA8F23209F83FAD751406F57FA71FB9F57FAD7A80404FCFB
:209A3100FFB804D7A808314E5C03D7A1A114A9314E5C03D714AA0212316CA931AE035C0311
:209A5100D704030014895CC0D7A81061090A04FCFFBBA80CD714A95C0312A8065C0343D7C1
:209A7100A80812316CA80414AA02316D16A931AE075C0314A80631AE035C0345D7B8061378
:209A9100B8088816318EB80C12312DB80E0504FCFFB80413D7CEFB02341400CEFB0300D73E
:209AB1005C031215CEFB0136000034F401CEFB0B0016A80414A95C031217D7A81614FBF86F
:209AD100FFA7A7A7A71361090CD7314A5C077051F85F56FA61689F56FAD7FE01FA718CD7D8
:209AF100086C015CF108D75004D604FBF914895CC0D7F05CFC616B08616A08D714A80C1262
:209B1100A80E360000CEFB0B00D7AFE2F95CFE085C7F08D7A8040434FA14AA027FDBF908FE
:209B31007FDAF90812316CA97FD9F9087FD8F90831AE035C03D7AFDCF95C0312AF3620148B
:209B510031AD03BFDCF9AFDEF9085CF0081215316D31CE03BFDEF9AF34FA5C0312AFDCF96E
:209B7100F05CFC03BFDCF951106FDFF95C979FDFF9E16F56FA5CF99F56FAD7CEFB0116A8A0
:209B9100080434FA14AA02316DB806A931AE14A80635055C031417360000D704E3F91489C6
:209BB1005CC04C40D75103FCC4AE00D7FE53FA9F54FAD75103FCFCAE004C02D75103FC9B63
:209BD100AE00D7FE7ADDF55AFAD7318E125103FCFCAE0091D7711859FA405AFA025003D7AB
:209BF10030000AFE5ADD714055FACF54FA458F3EFE718CD7AFDEF9BFD6F9AFDCF9BFD4F9C0
:209C11008FD7F9314A5C075004D604D4F912D7FE12FAFCC69D00CF74FA05D771308DFB71F6
:209C310000D1FED7CF66FA0CE16F57FA719B9F57FACF54FA58D7F6BFDEFED72004FBF8FFCB
:209C51008FDEFE9B314A708FDFFE736D61685C0198018B70311A7263311A7560315A616A66
:209C7100616D5C01748F3BFE724C21DF2F36CFFE31D51D8800313315718B75718A709FDEFF
:209C9100FE8800719C60DE12656C05EF0A31D30C8800313507719A9FDEFE9800624C11DF40
:209CB1002A36CFFE31E51A880031731271CB7071CA9FDEFE8800315512606C50EF0A31E34D
:209CD1000A880031750571DA9FDEFE624C21DD044C11DF2D51805FCFFE70DD1B6331331417
:209CF100718B72718A709FDFFE63719C60DE11626C05EF09D0DF0A63313506719A9FDFFE65
:209D1100738FDEFE98025C77708FCFFE980071DC6071B970880071EC6071F99FDEFE880288
:209D310070312A7263312A7560316A616A616D718C6371E973880071FC6371B9759FDFFE6E
:209D510060311A7263311A7760315A616A616F5C0172880170D0DF1B880270314A776361E8
:209D710068616FFBF8FF5C014E01DD076571CA759FDFFE6571EC6471E9D1E061F8F0D2DD5E
:209D91000B603103076571DA759FDFFE65314A73880070315A7260316A708800317A7465AC
:209DB100315A616B616A61685C01616C30000761E8601004D720088F74FA7031430F8F7596
:209DD100FAD1DD146148DD109F74FAEF0B714874FAFECE03710873FA8F74FAD1DF07710810
:209DF10073FAEEA9033673FA318503EEB10291DD3F9161F8EE620291DD6B9161F8EE0001B3
:209E11009161F8EE1B019161F8EE4C019161F8EE21029161E8EE6A0236C9FE31850B363EB7
:209E3100FE719461D871708AFB712857FAEE090271408AFBF6BFD8FEBFDAFE51F85F72FA20
:209E51009F72FAD53BFE61E8EE370271EA5C789F72FA302003BF70FAAFC021BF6EFA71008A
:209E710073FAEE1D0271508AFB8FDBF9316A91DD1191DD6991DD43AFDAF9FE5C03323200C9
:209E9100EF74AFDAF916FE50031417314E5C0305321900CEFB02B800BFD8FEAFD8F95C0315
:209EB10032F401CEFB01360000CEFB0B0012BFDAFEAF42FE4361C30AEF0BFE3303B800FEA9
:209ED1002303BFDAFEA800BF70FAFED50251075F56FA7051F85F72FA6168EEA201AFDAF9A7
:209EF10014316D1215314E5C0314AFD8F931AE035C0305321900CEFB02B800FECC02EFC275
:209F110071108AFBF6BFD8FEBFDAFE302003BF70FA308A02BF6EFA51406F72FA5C47EE09A3
:209F31000171008AFB308813BFD8FEAFFCF95C03320A00CEFB02BFDAFE308E12BF70FAAF70
:209F5100C221BF6EFAE16F56FA5CF99F56FA51886F72FA5C8FEED20071208AFB51C05FDB42
:209F7100F9754CC0DF09FE870216FE7802EF10AFDAF9FE6402323200CEFB0216FE4B0212D2
:209F910017B80213BFDAFED956FA6098018F72FA9800313A61785C07DF58654CC0DF42A868
:209FB1000212EB70FA154361D30F04F40143DC09FE0E0271EA71FBEF211547DE131704F42A
:209FD1000112154361C309FEF70171FA71EBEF0AAFCE21BF6EFA88005C3F7317BF70FAEF98
:209FF1003DAFCE21BF6EFAA802BF70FA88005C3FEF2BFECC015C3F9800A8024270FA61D3B6
:20A011000F325F00FEA001BF70FA880071FAEF0D326900FE9101BF70FA880071EA73635C6F
:20A03100C77088013159312A61689F72FA710073FAEF4F36C9FE31830671183EFEEF1436C5
:20A0510057FA8F3EFE71A471999F3EFE719C368AFB71E1FCF1A700EF2971308AFB30881322
:20A07100BFD8FEBF70FA30F401BFDAFEFE3301E1706F56FA5CF99F56FA606F72FA5CF99FA0
:20A0910072FA3673FA318309F574FAF575FAEEFD008F74FA9F75FAE1FC9BAE00EEEF00DB48
:20A0B1006EFAE1FCFCAE009161E8EEBB008F73FA9800310303EED6008F72FA98015CC0617D
:20A0D100F8EECA004C40DF3CAF70FAB806325C00FED4001413440000DB80FB13B8041561DB
:20A0F100F843DE74FECE00DE6FA806326C00FEB600FBF8FF14134400001561F8614904DE52
:20A1110045EE8A004C8061E8EE8300AF70FAB806326C00FE91001413440000DB80FB13B85B
:20A13100041561F84361D330FE8A00DE2BA806325C00FE7200FBF8FF14134400001561F8ED
:20A1510061490461C3488B5CC17088028161015C3E61689F73FAEF36AFCC21BF6EFA88016F
:20A171005C3F9F72FAEE2FFFE1FCC4AE00FE3200F574FAF575FA51C05F73FA70513F5F7218
:20A19100FA9F72FA609F73FAAFD8FEBF70FA3673FA510731850951C05F72FAE161E8F110CE
:20A1B10008D7F6BF6EFAD7CEFB01360000346400CEFB0B00D78804311A98065C1F4FBF2159
:20A1D100D7AFC621BF6EFA8804D7BFD8FEAFD8F95C03320A00CEFB02D7316D12AFD8F931C4
:20A1F100AE035C03D7BFD8FE30327F5FD4F9D6D7AFD6F9317D12AFD4F9319E035C073214E3
:20A2110000CEFB02D7E6A1BFD2F936C8FE30100071A461C8F612086C01081436C9FE31B584
:20A231000EAFD2F96C02BFD2F913086C03081431950EAFD2F96C08BFD2F915086C080814EE
:20A2510031A50DAFD2F96C04BFD2F915086C04086C80086C2008BF8A05717BE7300300BF66
:20A27100D0F9AFC8FE31CD12AFD2F9616B08616AFE6A0B6C40FE650B6C80FE600B6C02FE18
:20A29100AD0ADF08AFD2F9086C18EF0A4C02DF0AAFD2F9086C0808BFD2F936C8FE31A30B76
:20A2B10031B512AF8605085CFEEF06AF8605086C0108BF8605349405AFD0F9B9AFD2F9BAD1
:20A2D10002300303BA10EE4207C78F3AFE4C01DD074C0561E8EEA30034A805301800BA0265
:20A2F100A9086C0408B9FE7909FECE0ADF12AFD2F9F05C806168DD12AF8605085CFEEF0695
:20A31100AF8605086C0108BF8605403AFE01DF10FE2A0A71083FFE300081FC517900EF0F66
:20A33100348405A9085CFE08B9A9086C0108B9FE880ADF0FAFD2F9F05C806168301000DFF8
:20A3510005EF06300800BF8E05302111FE2F0A5100318E14322DAB5112FC6B3E00363FFE26
:20A3710031951271285EFA301100FE1B09510D5F3FFE9F3FFEFE0D0AEED0004C04DF47AFD2
:20A391009805B800FE9108F53BFEA800F112FEDD0934B62161F834B72189F003BF9805FEBD
:20A3B100C008FE040AFE1B0AFEE609FEC608FEFF09716889FB716040FE51906F3FFE5C9DE4
:20A3D1009F3FFEEE85004C02DF39E16F3FFE9F3FFED53BFEDF0C311309300082FC51790090
:20A3F100EF0471005EFAFE2F08F53BFEFED409716889FB716040FEFE7A08FEB30971183FE4
:20A41100FEEF484C03DF2AF6BF8005FE2F09E16F5EFA71AB9F5EFA3000716F3FFE71FB9F1B
:20A431003FFEF53BFE71103FFE5183FC517900EF1A365EFA318314FE5009DC0C51F05F3FCB
:20A45100FEDD05FEB501EF03FE0604FBF8FFF53AFE717BFAFE330961C8EE380151F05F3FEF
:20A47100FEAF8E056061E88F40FE5C1F9B511F5F40FE704DDD388B4C0CDF08AFA405086C8A
:20A4910004EF0B604C0CDF0AAFA405085CFB08BFA4058B4C0B8F41FEDF0A71FA9F41FEFE05
:20A4B1000709EF0A317507FEEF08717841FE511FFBF8FF5F40FE734D61F8EE8B008B7063C9
:20A4D100FECD07D161E8EE7F00511F5F40FE4C0CDD084C14DD044C1CDF14716040FE880095
:20A4F1004C0ADD07716889FBFE8907FEC20888004C11DD084C19DD044C09DF12716089FBB3
:20A51100300300BFD0F9AFD0F9BF9405EF3A4C0CDD084C1CDD044C14DF1E716089FBFE8FB1
:20A5310008363EFE32200071A461D8323000A9616B08616A08B9EF104C10DD044C08DF080E
:20A55100716889FBFC79AE008800FEE104FBF8FF8F41FE735C1FDF11AF8805605C0FDF0972
:20A5710051E05F40FE6D9F40FE633175278FB521318E12AF9A05312D5C03085CFC080312C4
:20A59100FE1D08DF0FFE1108717841FECF3AFE04716040FE717AFA8F40FE73316355368973
:20A5B100FB31E34551F05F3FFEDF3E6331733BFE0808DD27635C1F4C08DD20FEB9074C08A7
:20A5D100DD19FEB207DD14AFB0016031030AFC44AE005104FC9BAE00E1C6D75104FCC4AE05
:20A5F10000717040FE5107C6D76371FB9F40FE5103C6D75C3F9F40FEF1C6D7C78F3FFE31CF
:20A611004A980091DD600CFE61F8EE95000CFD61F8EE1A019161F8EE44019161F8EE5201E0
:20A631009161E8EE8001AF9805318E12FE710761E8EE7201FE6207FC79AE00AFD2F9F05C33
:20A65100C0440080DD1AAFD2F9F05CC04400C061E8EE3A0151035FC8FE4C0261E8EE2E0145
:20A67100301000EE2B01AF8605F0128FCBFE315A5C034C03DF0613086C9CEF0E4C02DF066A
:20A6910013086C4CEF0413086C0408348605B9AA026C10BA02FE110751306F3FFE5C3FEE28
:20A6B1000101AF9205F05CC06168DF2BAF9205605C0791DF0AAF9205605C384C08DF13AFB0
:20A6D1009205605C0791DD0FAF9205605C384C08DF05301400EF1EDBA621FEC306DD13AFC7
:20A6F10080FB44E502DE19AFA005318E12FEB006DF0E300A00FE9005510F5F3FFE9F3FFE41
:20A7110051F05F3FFE61E8EE9C00FE8C068F41FE705CE09F41FE60316307AF84055CFDEF15
:20A7310005AF84056C02BF8405FE5906EF78D53BFEDD0771005EFAF53BFE8FB621318E1231
:20A751005106FCFCAE0091DD5DFE4D06FC79AE00FE3E06FE5A06301000FE2C05EF3DAF8042
:20A77100FB442103DE40FE400651806F3FFE5C8FEF3132F401FE2806DF09FE1C0671205E31
:20A79100FAEF1BFE7A04D1DF1DFE1D06EF18300800FEF404300062FC517900FEE705510F63
:20A7B1005F3FFE9F3FFEC0C18F3FFE314A6140DF02C6D7716040FEEFF88F3EFE718C718B6F
:20A7D100735011DC05718A735021639F3EFE609F3BFEFE0D03F1FE4F04300008BF8205D7B9
:20A7F100363EFE319320FE8505DD19AFD2F9F05CC0440080DF0E3641FE31D307FEAA05719F
:20A811005041FED7EF2A3484053641FEA96C04B931D507FE8305715841FE363EFE31A308BB
:20A8310034A405A95CFDB9D734A405A95CFEB9D7348405A95CFBB9AA206C03BA20D791DF58
:20A8510008348405A96C02B9D7348405A95CFDB9D72004DB8805C0C3AF8E05315E6071BCBF
:20A871008F3EFE71B9759F3EFE51F05F3FFE61E8EE5801625C0F61F8EE0201A800314D31A7
:20A89100CEB802FE0405DC14511F5F41FE4C14DF0B65718A9F3EFEE6B802EF16A80031CE49
:20A8B10060718C6571899F3EFE34AA05A9086C0808B98F3BFE318E12A80243DD08716040AB
:20A8D100FE71005EFA6168DD19A80212B1440200DC2504FDFFDD20440400DD1BCF3BFEFFE9
:20A8F100EF3DF53BFE348A05A9085C3F08B9FC79AE00FE6D03EF288F3BFED1DD044CFFDFD1
:20A9110006629F3BFEEF0471085EFA91DF11363EFE302100718461C8301100609F3BFEFE49
:20A93100C001FEA900AF8805B80031BE6071AC363EFE8F3BFE71A14C21DD424C11DD3E4CA2
:20A9510008DD3AFE31044C10DF30511F5F40FE4C0CDF27348005A9085CFE08B9E6A1BA0EEA
:20A971008F41FE73315310FE0404DD0BFEE903CF3BFE1171085EFAFED303FE9B02403BFE47
:20A9910011DF25A80031EE12AF9205F05CC0616862DF184F44FEDD0B36D1FE718461D87127
:20A9B100208DFB9F44FEEF03F544FEA800BF88053641FE31D5118FB621318E12FEE103DF5C
:20A9D10006FED503FECA031004EF031004D7FEB903DC378F41FE705C1F4C14DF2D605CE040
:20A9F1009F41FE34AA05A9085CF708B9301400FE96023641FE31E307AF84055CFDEF05AF22
:20AA110084056C02BF8405FE7B03D7302C01BF42FE511F5F3EFE9F3EFEF545FE348405A9B3
:20AA31005CFEB9EECD02348405A96C01B9D770511F735F40FE6148DD2C635F41FEDF2660CA
:20AA51000CF74C03DC130CFDDD0A0CFB4C02DC104C0ADF1130470DEF03302111FE1F03D75E
:20AA710030E502EFF7D712FE0D034C0CDF1F13448813DF0730470DFE0403D7321400CEFB34
:20AA910001360000341B00CEFB0B00EFEAD7C7C1AF7EFBB802327300CEFB01360000343028
:20AAB10075CEFB0B0014C3C6A8002532003CCEFB0114C0C3F661D8B127FBF8FF32003CCECE
:20AAD100FB026109001215360000347300CEFB0B0016A8021417360000CEFB0B00316D1083
:20AAF10004D7AFD2F9F05C20616861F8D751035FC8FE4C02DF0D403BFE21DF11AFD2F96C68
:20AB110010EF0F4C03DF0E403BFE21DFEFAFD2F95CEFBFD2F9AFD2F9BF9605D7AF880560DC
:20AB310071DC61C8D7FE4F027051E05F41FE6168739F41FE600CFEDD400CF9DD640CF8DD61
:20AB51006B4C08DD72AF8405F05C026168E661F8F660718C6371E99F41FE348405A96C0286
:20AB7100B9300C00BA0A635C1F4C13DF5B51106F3FFE5C1F9F3FFEEF4F63315308FEEE0116
:20AB910061E8FED301FE9000FED70051E05F41FE9F41FEFEB701348805A9085C0108B9EF44
:20ABB10027348005AA285CFDBA28EF14348005AA2A085CFD08EF07348005AA2A5CFDBA2ADE
:20ABD100E6B9635CE09F41FE716040FEFCBD4300348805A9085C2008B9D751045F3EFE7354
:20ABF100DF11AF8C05605C074C03DF02E1D7D3DF02F1D7AF8C05605C384C18E161E8F1D763
:20AC1100AF8C05605C0791DF02F1D7AF8C05605C384C08E161F8F1D7FEF0FD71083EFE516B
:20AC3100F35F3FFE9F3FFED77340C6FE02DF2B363EFE318525AF8405F05C016168DD1B9318
:20AC5100DF08AFD2F9086C40EF06AFD2F9085CBF08BFD2F9AFD2F9BF9605D7AF880531FE94
:20AC710060D734A805A96C02B9AA026C02086C0208BA02D7F6BFD0F9349405AFD0F9B9AA8A
:20AC910010085CCF08BA10D712FEB10013BA0AD7C17388004C10DF05634C08DD3F88004CA5
:20ACB10008DF05634C10DD3488004C14DF05634C0CDD2988004C0CDF05634C14DD1E880030
:20ACD1004C08DF05634C18DD13634C08E061E8F088004C18E161E8F16158C6D7E1C6D73495
:20ACF1008805A9086CC05CC008B9AA02086CC008BA02D7AFD2F9085CE7FE3300DF08AFD223
:20AD1100F9086C18EF0A4C02DF0AAFD2F9086C0808BFD2F9AF80056168DF07AFD2F9BF9633
:20AD310005D7348005F6B9AFD2F9BA16E6B9D708BFD2F98FCBFE315A5C034C03D734840547
:20AD5100A9085CFC08B9A9086C0308B9D751606F3FFE5C6F9F3FFED734A405A9086C200863
:20AD7100B96371DA9F41FE5106FC9BAE00D7AF8405F05C046168D7AF8E05605C1FD7FE0DE3
:20AD9100FDBFA205D7E6BF8005D7AF800560718CD7715841FEFE98FAD75106FCC4AE00D7F4
:20ADB1005106FCFCAE004C02D75106FC9BAE00D734A405A9085CCF08B9D7AFD2F9F05C4096
:20ADD1006168D7348005A9085CFE08B9AA06085CE208BA06F6BA0E30FF00BA08D708BFD260
:20ADF100F9AFD2F908D736F000300F0A718234F000BAC4F6BAC6716AE5716BE1713AE671F7
:20AE11003BE2711AE6711BE2714AE6714BE2715AE6715BE2712AE6712BE2716AED716AE9FC
:20AE3100BAA0AAC8085CFE08BAC8AACA085CFE08BACAD7AFB0016031032DF6BF20FE5100CB
:20AE5100318E143294AE5108FC6B3E0034B201AA04086C0408BA04C918DB05716BE1716B6F
:20AE7100E5A9086C0108B9D7AF38FE6168DF10AFB0016031050934B401A9086C0108B97151
:20AE91006BE1D7A220FECEABACD7C79800FEA3FF8800735002D60422FE14AF20FEB9E6D329
:20AEB100DD040193DFFC6F39FE086F38FE08BF38FEC6D7C774DB38FEC0C364D1C3C66475DE
:20AED100DD0817311E169512DFF864318E1462310515E764D1DD05311C91DFFBA800617B64
:20AEF10008617A08BF38FEC6EE7DFFC79800C3C4FB38FE8800D173DD0717311E1693DFF983
:20AF11008800318E1266718CF6B800FB20FEF1DE29311C7922FE121743DE0A04FFFF16F65D
:20AF310061D8A1B800172312A80061D8B14400001361F84530010261E360C6D7C1C7C3C616
:20AF5100C5C2F6B800A80043DD11A80214899BA800A1B800A7A515B802EFEA1004D7C1C788
:20AF7100C3C6C5C2F6EF1243DD13A80214A9BBA7A7A5A515B802A800A1B800EFEA1004D738
:20AF9100C716F6B80043DD0A649BA800A1B800A7EFF3C6D7C716F6EF0A43DD0B15BBA7A7B0
:20AFB100A800A1B800EFF2C6D720061662318EB8020714B5F7C0C3A802311EB80413F112D5
:18AFD100A8043343DE0F8B70899B6099B5C2C3A3C0C3A7EFE21006D77C
:01AFE9000067
:08AFEA0000FF0100000000005F
:20AFF20000000000000000000000000000000000000000000000000000000000000000003F
:20B0120000000000000000000000000000000000000000000000000000000000000000001E
:20B032000000000000000000000000000000000000000000000000000000000000000000FE
:20B052000000000000000000000000000000000000000000000000000000000000000000DE
:20B072000000000000000000000000000000000000000000000000000000000000000000BE
:20B0920000000000000000000000000000000000000000000000000000000000000000009E
:20B0B20000000000000000000000000000000000000000000000000000000000000000007E
:20B0D20000000000000000000000000000000000000000000000000000000000000000005E
:20B0F20000000000000000000000000000000000000000000000000000000000000000003E
:20B1120000000000000000000000000000000000000000000000000000000000000000001D
:20B132000000000000000000000000000000000000000000000000000000000000000000FD
:20B152000000000000000000000000000000000000000000000000000000000000000000DD
:20B172000000000000000000000000000000000000000000000000000000000000000000BD
:20B1920000000000000000000000000000000000000000000000000000000000000000009D
:20B1B20000000000000000000000000000000000000000000000000000000000000000007D
:20B1D20000000000000000000000000000000000000000000000000000000000000000005D
:20B1F20000000000000000000000000000000000000000000000000000000000000000003D
:20B2120000000000000000000000000000000000000000000000000000000000000000001C
:20B232000000000000000000000000000000000000000000000000000000000000000000FC
:20B252000000000000000000000000000000000000000000000000000000000000000000DC
:20B272000000000000000000000000000000000000000000000000000000000000000000BC
:20B2920000000000000000000000000000000000000000000000000000000000000000009C
:20B2B20000000000000000000000000000000000000000000000000000000000000000007C
:20B2D20000000000000000000000000000000000000000000000000000000000000000005C
:20B2F20000000000000000000000000000000000000000000000000000000000000000003C
:20B3120000000000000000000000000000000000000000000000000000000000000000001B
:20B332000000000000000000000000000000000000000000000000000000000000000000FB
:20B352000000000000000000000000000000000000000000000000000000000000000000DB
:20B372000000000000000000000000000000000000000000000000000000000000000000BB
:20B3920000000000000000000000000000000000000000000000000000000000000000009B
:20B3B20000000000000000000000000000000000000000000000000000000000000000007B
:20B3D20000000000000000000000000000000000000000000000000000000000000000005B
:20B3F20000000000000000000000000000000000000000000000000000000000000000003B
:20B4120000000000000000000000000000000000000000000000000000000000000000001A
:20B432000000000000000000000000000000000000000000000000000000000000000000FA
:20B452000000000000000000000000000000000000000000000000000000000000000000DA
:20B472000000000000000000000000000000000000000000000000000000000000000000BA
:20B4920000000000000000000000000000000000000000000000000000000000000000009A
:20B4B20000000000000000000000000000000000000000000000000000000000000000007A
:20B4D20000000000000000000000000000000000000000000000000000000000000000005A
:20B4F20000000000000000000000000000000000000000000000000000000000000000003A
:20B51200000000000000000000000000000000000000000000000000000000000000000019
:20B532000000000000000000000000000000000000000000000000000000000000000000F9
:20B552000000000000000000000000000000000000000000000000000000000000000000D9
:20B572000000000000000000000000000000000000000000000000000000000000000000B9
:20B59200000000000000000000000000000000000000000000000000000000000000000099
:20B5B200000000000000000000000000000000000000000000000000000000000000000079
:20B5D200000000000000000000000000000000000000000000000000000000000000000059
:20B5F200000000000000000000000000000000000000000000000000000000000000000039
:20B61200000000000000000000000000000000000000000000000000000000000000000018
:20B632000000000000000000000000000000000000000000000000000000000000000000F8
:20B652000000000000000000000000000000000000000000000000000000000000000000D8
:20B672000000000000000000000000000000000000000000000000000000000000000000B8
:20B69200000000000000000000000000000000000000000000000000000000000000000098
:20B6B200000000000000000000000000000000000000000000000000000000000000000078
:20B6D200000000000000000000000000000000000000000000000000000000000000000058
:20B6F200000000000000000000000000000000000000000000000000000000000000000038
:20B71200000000000000000000000000000000000000000000000000000000000000000017
:20B732000000000000000000000000000000000000000000000000000000000000000000F7
:20B752000000000000000000000000000000000000000000000000000000000000000000D7
:20B772000000000000000000000000000000000000000000000000000000000000000000B7
:20B79200000000000000000000000000000000000000000000000000000000000000000097
:20B7B200000000000000000000000000000000000000000000000000000000000000000077
:20B7D200000000000000000000000000000000000000000000000000000000000000000057
:20B7F200000000000000000000000000000000000000000000000000000000000000000037
:20B81200000000000000000000000000000000000000000000000000000000000000000016
:20B832000000000000000000000000000000000000000000000000000000000000000000F6
:20B852000000000000000000000000000000000000000000000000000000000000000000D6
:20B872000000000000000000000000000000000000000000000000000000000000000000B6
:20B89200000000000000000000000000000000000000000000000000000000000000000096
:20B8B200000000000000000000000000000000000000000000000000000000000000000076
:20B8D200000000000000000000000000000000000000000000000000000000000000000056
:20B8F200000000000000000000000000000000000000000000000000000000000000000036
:20B91200000000000000000000000000000000000000000000000000000000000000000015
:20B932000000000000000000000000000000000000000000000000000000000000000000F5
:20B952000000000000000000000000000000000000000000000000000000000000000000D5
:20B972000000000000000000000000000000000000000000000000000000000000000000B5
:20B99200000000000000000000000000000000000000000000000000000000000000000095
:20B9B200000000000000000000000000000000000000000000000000000000000000000075
:20B9D200000000000000000000000000000000000000000000000000000000000000000055
:20B9F200000000000000000000000000000000000000000000000000000000000000000035
:20BA1200000000000000000000000000000000000000000000000000000000000000000014
:20BA32000000000000000000000000000000000000000000000000000000000000000000F4
:20BA52000000000000000000000000000000000000000000000000000000000000000000D4
:20BA72000000000000000000000000000000000000000000000000000000000000000000B4
:20BA9200000000000000000000000000000000000000000000000000000000000000000094
:20BAB200000000000000000000000000000000000000000000000000000000000000000074
:20BAD200000000000000000000000000000000000000000000000000000000000000000054
:20BAF200000000000000000000000000000000000000000000000000000000000000000034
:20BB1200000000000000000000000000000000000000000000000000000000000000000013
:20BB32000000000000000000000000000000000000000000000000000000000000000000F3
:20BB52000000000000000000000000000000000000000000000000000000000000000000D3
:20BB72000000000000000000000000000000000000000000000000000000000000000000B3
:20BB9200000000000000000000000000000000000000000000000000000000000000000093
:20BBB200000000000000000000000000000000000000000000000000000000000000000073
:20BBD200000000000000000000000000000000000000000000000000000000000000000053
:20BBF200000000000000000000000000000000000000000000000000000000000000000033
:20BC1200000000000000000000000000000000000000000000000000000000000000000012
:20BC32000000000000000000000000000000000000000000000000000000000000000000F2
:20BC52000000000000000000000000000000000000000000000000000000000000000000D2
:20BC72000000000000000000000000000000000000000000000000000000000000000000B2
:20BC9200000000000000000000000000000000000000000000000000000000000000000092
:20BCB200000000000000000000000000000000000000000000000000000000000000000072
:20BCD200000000000000000000000000000000000000000000000000000000000000000052
:20BCF200000000000000000000000000000000000000000000000000000000000000000032
:20BD1200000000000000000000000000000000000000000000000000000000000000000011
:20BD32000000000000000000000000000000000000000000000000000000000000000000F1
:20BD52000000000000000000000000000000000000000000000000000000000000000000D1
:20BD72000000000000000000000000000000000000000000000000000000000000000000B1
:20BD9200000000000000000000000000000000000000000000000000000000000000000091
:20BDB200000000000000000000000000000000000000000000000000000000000000000071
:20BDD200000000000000000000000000000000000000000000000000000000000000000051
:20BDF200000000000000000000000000000000000000000000000000000000000000000031
:20BE1200000000000000000000000000000000000000000000000000000000000000000010
:20BE32000000000000000000000000000000000000000000000000000000000000000000F0
:20BE52000000000000000000000000000000000000000000000000000000000000000000D0
:20BE72000000000000000000000000000000000000000000000000000000000000000000B0
:20BE9200000000000000000000000000000000000000000000000000000000000000000090
:20BEB200000000000000000000000000000000000000000000000000000000000000000070
:20BED200000000000000000000000000000000000000000000000000000000000000000050
:20BEF200000000000000000000000000000000000000000000000000000000000000000030
:20BF120000000000000000000000000000000000000000000000000000000000000000000F
:20BF32000000000000000000000000000000000000000000000000000000000000000000EF
:20BF52000000000000000000000000000000000000000000000000000000000000000000CF
:20BF72000000000000000000000000000000000000000000000000000000000000000000AF
:20BF920000000000000000000000000000000000000000000000000000000000000000008F
:20BFB20000000000000000000000000000000000000000000000000000000000000000006F
:20BFD20000000000000000000000000000000000000000000000000000000000000000004F
:20BFF20000000000000000000000000000000000000000000000000000000000000000002F
:20C0120000000000000000000000000000000000000000000000000000000000000000000E
:20C032000000000000000000000000000000000000000000000000000000000000000000EE
:20C052000000000000000000000000000000000000000000000000000000000000000000CE
:20C072000000000000000000000000000000000000000000000000000000000000000000AE
:20C0920000000000000000000000000000000000000000000000000000000000000000008E
:20C0B20000000000000000000000000000000000000000000000000000000000000000006E
:20C0D20000000000000000000000000000000000000000000000000000000000000000004E
:20C0F20000000000000000000000000000000000000000000000000000000000000000002E
:20C1120000000000000000000000000000000000000000000000000000000000000000000D
:20C132000000000000000000000000000000000000000000000000000000000000000000ED
:20C152000000000000000000000000000000000000000000000000000000000000000000CD
:20C172000000000000000000000000000000000000000000000000000000000000000000AD
:20C1920000000000000000000000000000000000000000000000000000000000000000008D
:20C1B20000000000000000000000000000000000000000000000000000000000000000006D
:20C1D20000000000000000000000000000000000000000000000000000000000000000004D
:20C1F20000000000000000000000000000000000000000000000000000000000000000002D
:20C2120000000000000000000000000000000000000000000000000000000000000000000C
:20C232000000000000000000000000000000000000000000000000000000000000000000EC
:20C252000000000000000000000000000000000000000000000000000000000000000000CC
:20C272000000000000000000000000000000000000000000000000000000000000000000AC
:20C2920000000000000000000000000000000000000000000000000000000000000000008C
:20C2B20000000000000000000000000000000000000000000000000000000000000000006C
:20C2D20000000000000000000000000000000000000000000000000000000000000000004C
:20C2F20000000000000000000000000000000000000000000000000000000000000000002C
:20C3120000000000000000000000000000000000000000000000000000000000000000000B
:20C332000000000000000000000000000000000000000000000000000000000000000000EB
:20C352000000000000000000000000000000000000000000000000000000000000000000CB
:20C372000000000000000000000000000000000000000000000000000000000000000000AB
:20C3920000000000000000000000000000000000000000000000000000000000000000008B
:20C3B20000000000000000000000000000000000000000000000000000000000000000006B
:20C3D20000000000000000000000000000000000000000000000000000000000000000004B
:20C3F20000000000000000000000000000000000000000000000000000000000000000002B
:20C4120000000000000000000000000000000000000000000000000000000000000000000A
:20C432000000000000000000000000000000000000000000000000000000000000000000EA
:20C452000000000000000000000000000000000000000000000000000000000000000000CA
:20C472000000000000000000000000000000000000000000000000000000000000000000AA
:20C4920000000000000000000000000000000000000000000000000000000000000000008A
:20C4B20000000000000000000000000000000000000000000000000000000000000000006A
:20C4D20000000000000000000000000000000000000000000000000000000000000000004A
:20C4F20000000000000000000000000000000000000000000000000000000000000000002A
:20C51200000000000000000000000000000000000000000000000000000000000000000009
:20C532000000000000000000000000000000000000000000000000000000000000000000E9
:20C552000000000000000000000000000000000000000000000000000000000000000000C9
:20C572000000000000000000000000000000000000000000000000000000000000000000A9
:20C59200000000000000000000000000000000000000000000000000000000000000000089
:20C5B200000000000000000000000000000000000000000000000000000000000000000069
:20C5D200000000000000000000000000000000000000000000000000000000000000000049
:20C5F200000000000000000000000000000000000000000000000000000000000000000029
:20C61200000000000000000000000000000000000000000000000000000000000000000008
:20C632000000000000000000000000000000000000000000000000000000000000000000E8
:20C652000000000000000000000000000000000000000000000000000000000000000000C8
:20C672000000000000000000000000000000000000000000000000000000000000000000A8
:20C69200000000000000000000000000000000000000000000000000000000000000000088
:20C6B200000000000000000000000000000000000000000000000000000000000000000068
:20C6D200000000000000000000000000000000000000000000000000000000000000000048
:20C6F200000000000000000000000000000000000000000000000000000000000000000028
:20C71200000000000000000000000000000000000000000000000000000000000000000007
:20C732000000000000000000000000000000000000000000000000000000000000000000E7
:20C752000000000000000000000000000000000000000000000000000000000000000000C7
:20C772000000000000000000000000000000000000000000000000000000000000000000A7
:20C79200000000000000000000000000000000000000000000000000000000000000000087
:20C7B200000000000000000000000000000000000000000000000000000000000000000067
:20C7D200000000000000000000000000000000000000000000000000000000000000000047
:20C7F200000000000000000000000000000000000000000000000000000000000000000027
:20C81200000000000000000000000000000000000000000000000000000000000000000006
:20C832000000000000000000000000000000000000000000000000000000000000000000E6
:20C852000000000000000000000000000000000000000000000000000000000000000000C6
:20C872000000000000000000000000000000000000000000000000000000000000000000A6
:20C89200000000000000000000000000000000000000000000000000000000000000000086
:20C8B200000000000000000000000000000000000000000000000000000000000000000066
:20C8D200000000000000000000000000000000000000000000000000000000000000000046
:20C8F200000000000000000000000000000000000000000000000000000000000000000026
:20C91200000000000000000000000000000000000000000000000000000000000000000005
:20C932000000000000000000000000000000000000000000000000000000000000000000E5
:20C952000000000000000000000000000000000000000000000000000000000000000000C5
:20C972000000000000000000000000000000000000000000000000000000000000000000A5
:20C99200000000000000000000000000000000000000000000000000000000000000000085
:20C9B200000000000000000000000000000000000000000000000000000000000000000065
:20C9D200000000000000000000000000000000000000000000000000000000000000000045
:20C9F200000000000000000000000000000000000000000000000000000000000000000025
:20CA1200000000000000000000000000000000000000000000000000000000000000000004
:20CA32000000000000000000000000000000000000000000000000000000000000000000E4
:20CA52000000000000000000000000000000000000000000000000000000000000000000C4
:20CA72000000000000000000000000000000000000000000000000000000000000000000A4
:20CA9200000000000000000000000000000000000000000000000000000000000000000084
:20CAB200000000000000000000000000000000000000000000000000000000000000000064
:20CAD200000000000000000000000000000000000000000000000000000000000000000044
:20CAF200000000000000000000000000000000000000000000000000000000000000000024
:20CB1200000000000000000000000000000000000000000000000000000000000000000003
:20CB32000000000000000000000000000000000000000000000000000000000000000000E3
:20CB52000000000000000000000000000000000000000000000000000000000000000000C3
:20CB72000000000000000000000000000000000000000000000000000000000000000000A3
:20CB9200000000000000000000000000000000000000000000000000000000000000000083
:20CBB200000000000000000000000000000000000000000000000000000000000000000063
:20CBD200000000000000000000000000000000000000000000000000000000000000000043
:20CBF200000000000000000000000000000000000000000000000000000000000000000023
:20CC1200000000000000000000000000000000000000000000000000000000000000000002
:20CC32000000000000000000000000000000000000000000000000000000000000000000E2
:20CC52000000000000000000000000000000000000000000000000000000000000000000C2
:20CC72000000000000000000000000000000000000000000000000000000000000000000A2
:20CC9200000000000000000000000000000000000000000000000000000000000000000082
:20CCB200000000000000000000000000000000000000000000000000000000000000000062
:20CCD200000000000000000000000000000000000000000000000000000000000000000042
:20CCF200000000000000000000000000000000000000000000000000000000000000000022
:20CD1200000000000000000000000000000000000000000000000000000000000000000001
:20CD32000000000000000000000000000000000000000000000000000000000000000000E1
:20CD52000000000000000000000000000000000000000000000000000000000000000000C1
:20CD72000000000000000000000000000000000000000000000000000000000000000000A1
:20CD9200000000000000000000000000000000000000000000000000000000000000000081
:20CDB200000000000000000000000000000000000000000000000000000000000000000061
:20CDD200000000000000000000000000000000000000000000000000000000000000000041
:20CDF200000000000000000000000000000000000000000000000000000000000000000021
:20CE1200000000000000000000000000000000000000000000000000000000000000000000
:20CE32000000000000000000000000000000000000000000000000000000000000000000E0
:20CE52000000000000000000000000000000000000000000000000000000000000000000C0
:20CE72000000000000000000000000000000000000000000000000000000000000000000A0
:20CE9200000000000000000000000000000000000000000000000000000000000000000080
:20CEB200000000000000000000000000000000000000000000000000000000000000000060
:20CED200000000000000000000000000000000000000000000000000000000000000000040
:20CEF200000000000000000000000000000000000000000000000000000000000000000020
:20CF12000000000000000000000000000000000000000000000000000000000000000000FF
:20CF32000000000000000000000000000000000000000000000000000000000000000000DF
:20CF52000000000000000000000000000000000000000000000000000000000000000000BF
:20CF720000000000000000000000000000000000000000000000000000000000000000009F
:20CF920000000000000000000000000000000000000000000000000000000000000000007F
:20CFB20000000000000000000000000000000000000000000000000000000000000000005F
:20CFD20000000000000000000000000000000000000000000000000000000000000000003F
:20CFF20000000000000000000000000000000000000000000000000000000000000000001F
:20D012000000000000000000000000000000000000000000000000000000000000000000FE
:20D032000000000000000000000000000000000000000000000000000000000000000000DE
:20D052000000000000000000000000000000000000000000000000000000000000000000BE
:20D0720000000000000000000000000000000000000000000000000000000000000000009E
:20D0920000000000000000000000000000000000000000000000000000000000000000007E
:20D0B20000000000000000000000000000000000000000000000000000000000000000005E
:20D0D20000000000000000000000000000000000000000000000000000000000000000003E
:20D0F20000000000000000000000000000000000000000000000000000000000000000001E
:20D112000000000000000000000000000000000000000000000000000000000000000000FD
:20D132000000000000000000000000000000000000000000000000000000000000000000DD
:20D152000000000000000000000000000000000000000000000000000000000000000000BD
:20D1720000000000000000000000000000000000000000000000000000000000000000009D
:20D1920000000000000000000000000000000000000000000000000000000000000000007D
:20D1B20000000000000000000000000000000000000000000000000000000000000000005D
:20D1D20000000000000000000000000000000000000000000000000000000000000000003D
:20D1F20000000000000000000000000000000000000000000000000000000000000000001D
:20D212000000000000000000000000000000000000000000000000000000000000000000FC
:20D232000000000000000000000000000000000000000000000000000000000000000000DC
:20D252000000000000000000000000000000000000000000000000000000000000000000BC
:20D2720000000000000000000000000000000000000000000000000000000000000000009C
:20D2920000000000000000000000000000000000000000000000000000000000000000007C
:20D2B20000000000000000000000000000000000000000000000000000000000000000005C
:20D2D20000000000000000000000000000000000000000000000000000000000000000003C
:20D2F20000000000000000000000000000000000000000000000000000000000000000001C
:20D312000000000000000000000000000000000000000000000000000000000000000000FB
:20D332000000000000000000000000000000000000000000000000000000000000000000DB
:20D352000000000000000000000000000000000000000000000000000000000000000000BB
:20D3720000000000000000000000000000000000000000000000000000000000000000009B
:20D3920000000000000000000000000000000000000000000000000000000000000000007B
:20D3B20000000000000000000000000000000000000000000000000000000000000000005B
:20D3D20000000000000000000000000000000000000000000000000000000000000000003B
:20D3F20000000000000000000000000000000000000000000000000000000000000000001B
:20D412000000000000000000000000000000000000000000000000000000000000000000FA
:20D432000000000000000000000000000000000000000000000000000000000000000000DA
:20D452000000000000000000000000000000000000000000000000000000000000000000BA
:20D4720000000000000000000000000000000000000000000000000000000000000000009A
:20D4920000000000000000000000000000000000000000000000000000000000000000007A
:20D4B20000000000000000000000000000000000000000000000000000000000000000005A
:20D4D20000000000000000000000000000000000000000000000000000000000000000003A
:20D4F20000000000000000000000000000000000000000000000000000000000000000001A
:20D512000000000000000000000000000000000000000000000000000000000000000000F9
:20D532000000000000000000000000000000000000000000000000000000000000000000D9
:20D552000000000000000000000000000000000000000000000000000000000000000000B9
:20D57200000000000000000000000000000000000000000000000000000000000000000099
:20D59200000000000000000000000000000000000000000000000000000000000000000079
:20D5B200000000000000000000000000000000000000000000000000000000000000000059
:20D5D200000000000000000000000000000000000000000000000000000000000000000039
:20D5F200000000000000000000000000000000000000000000000000000000000000000019
:20D612000000000000000000000000000000000000000000000000000000000000000000F8
:20D632000000000000000000000000000000000000000000000000000000000000000000D8
:20D652000000000000000000000000000000000000000000000000000000000000000000B8
:20D67200000000000000000000000000000000000000000000000000000000000000000098
:20D69200000000000000000000000000000000000000000000000000000000000000000078
:20D6B200000000000000000000000000000000000000000000000000000000000000000058
:20D6D200000000000000000000000000000000000000000000000000000000000000000038
:20D6F200000000000000000000000000000000000000000000000000000000000000000018
:20D712000000000000000000000000000000000000000000000000000000000000000000F7
:20D732000000000000000000000000000000000000000000000000000000000000000000D7
:20D752000000000000000000000000000000000000000000000000000000000000000000B7
:20D77200000000000000000000000000000000000000000000000000000000000000000097
:20D79200000000000000000000000000000000000000000000000000000000000000000077
:20D7B200000000000000000000000000000000000000000000000000000000000000000057
:20D7D200000000000000000000000000000000000000000000000000000000000000000037
:20D7F200000000000000000000000000000000000000000000000000000000000000000017
:20D812000000000000000000000000000000000000000000000000000000000000000000F6
:20D832000000000000000000000000000000000000000000000000000000000000000000D6
:20D852000000000000000000000000000000000000000000000000000000000000000000B6
:20D87200000000000000000000000000000000000000000000000000000000000000000096
:20D89200000000000000000000000000000000000000000000000000000000000000000076
:20D8B200000000000000000000000000000000000000000000000000000000000000000056
:20D8D200000000000000000000000000000000000000000000000000000000000000000036
:20D8F200000000000000000000000000000000000000000000000000000000000000000016
:20D912000000000000000000000000000000000000000000000000000000000000000000F5
:20D932000000000000000000000000000000000000000000000000000000000000000000D5
:20D952000000000000000000000000000000000000000000000000000000000000000000B5
:20D97200000000000000000000000000000000000000000000000000000000000000000095
:20D99200000000000000000000000000000000000000000000000000000000000000000075
:20D9B200000000000000000000000000000000000000000000000000000000000000000055
:20D9D200000000000000000000000000000000000000000000000000000000000000000035
:20D9F200000000000000000000000000000000000000000000000000000000000000000015
:20DA12000000000000000000000000000000000000000000000000000000000000000000F4
:20DA32000000000000000000000000000000000000000000000000000000000000000000D4
:20DA52000000000000000000000000000000000000000000000000000000000000000000B4
:20DA7200000000000000000000000000000000000000000000000000000000000000000094
:20DA9200000000000000000000000000000000000000000000000000000000000000000074
:20DAB200000000000000000000000000000000000000000000000000000000000000000054
:20DAD200000000000000000000000000000000000000000000000000000000000000000034
:20DAF200000000000000000000000000000000000000000000000000000000000000000014
:20DB12000000000000000000000000000000000000000000000000000000000000000000F3
:20DB32000000000000000000000000000000000000000000000000000000000000000000D3
:20DB52000000000000000000000000000000000000000000000000000000000000000000B3
:20DB7200000000000000000000000000000000000000000000000000000000000000000093
:20DB9200000000000000000000000000000000000000000000000000000000000000000073
:20DBB200000000000000000000000000000000000000000000000000000000000000000053
:20DBD200000000000000000000000000000000000000000000000000000000000000000033
:20DBF200000000000000000000000000000000000000000000000000000000000000000013
:20DC12000000000000000000000000000000000000000000000000000000000000000000F2
:20DC32000000000000000000000000000000000000000000000000000000000000000000D2
:20DC52000000000000000000000000000000000000000000000000000000000000000000B2
:20DC7200000000000000000000000000000000000000000000000000000000000000000092
:20DC9200000000000000000000000000000000000000000000000000000000000000000072
:20DCB200000000000000000000000000000000000000000000000000000000000000000052
:20DCD200000000000000000000000000000000000000000000000000000000000000000032
:20DCF200000000000000000000000000000000000000000000000000000000000000000012
:20DD12000000000000000000000000000000000000000000000000000000000000000000F1
:20DD32000000000000000000000000000000000000000000000000000000000000000000D1
:20DD52000000000000000000000000000000000000000000000000000000000000000000B1
:20DD7200000000000000000000000000000000000000000000000000000000000000000091
:20DD9200000000000000000000000000000000000000000000000000000000000000000071
:20DDB200000000000000000000000000000000000000000000000000000000000000000051
:20DDD200000000000000000000000000000000000000000000000000000000000000000031
:20DDF200000000000000000000000000000000000000000000000000000000000000000011
:20DE12000000000000000000000000000000000000000000000000000000000000000000F0
:20DE32000000000000000000000000000000000000000000000000000000000000000000D0
:20DE52000000000000000000000000000000000000000000000000000000000000000000B0
:20DE7200000000000000000000000000000000000000000000000000000000000000000090
:20DE9200000000000000000000000000000000000000000000000000000000000000000070
:20DEB200000000000000000000000000000000000000000000000000000000000000000050
:20DED200000000000000000000000000000000000000000000000000000000000000000030
:20DEF200000000000000000000000000000000000000000000000000000000000000000010
:20DF12000000000000000000000000000000000000000000000000000000000000000000EF
:20DF32000000000000000000000000000000000000000000000000000000000000000000CF
:20DF52000000000000000000000000000000000000000000000000000000000000000000AF
:20DF720000000000000000000000000000000000000000000000000000000000000000008F
:20DF920000000000000000000000000000000000000000000000000000000000000000006F
:20DFB20000000000000000000000000000000000000000000000000000000000000000004F
:20DFD20000000000000000000000000000000000000000000000000000000000000000002F
:20DFF20000000000000000000000000000000000000000000000000000000000000000000F
:20E012000000000000000000000000000000000000000000000000000000000000000000EE
:20E032000000000000000000000000000000000000000000000000000000000000000000CE
:20E052000000000000000000000000000000000000000000000000000000000000000000AE
:20E0720000000000000000000000000000000000000000000000000000000000000000008E
:20E0920000000000000000000000000000000000000000000000000000000000000000006E
:20E0B20000000000000000000000000000000000000000000000000000000000000000004E
:20E0D20000000000000000000000000000000000000000000000000000000000000000002E
:20E0F20000000000000000000000000000000000000000000000000000000000000000000E
:20E112000000000000000000000000000000000000000000000000000000000000000000ED
:20E132000000000000000000000000000000000000000000000000000000000000000000CD
:20E152000000000000000000000000000000000000000000000000000000000000000000AD
:20E1720000000000000000000000000000000000000000000000000000000000000000008D
:20E1920000000000000000000000000000000000000000000000000000000000000000006D
:20E1B20000000000000000000000000000000000000000000000000000000000000000004D
:20E1D20000000000000000000000000000000000000000000000000000000000000000002D
:20E1F20000000000000000000000000000000000000000000000000000000000000000000D
:20E212000000000000000000000000000000000000000000000000000000000000000000EC
:20E232000000000000000000000000000000000000000000000000000000000000000000CC
:20E252000000000000000000000000000000000000000000000000000000000000000000AC
:20E2720000000000000000000000000000000000000000000000000000000000000000008C
:20E2920000000000000000000000000000000000000000000000000000000000000000006C
:20E2B20000000000000000000000000000000000000000000000000000000000000000004C
:20E2D20000000000000000000000000000000000000000000000000000000000000000002C
:20E2F20000000000000000000000000000000000000000000000000000000000000000000C
:20E312000000000000000000000000000000000000000000000000000000000000000000EB
:20E332000000000000000000000000000000000000000000000000000000000000000000CB
:20E352000000000000000000000000000000000000000000000000000000000000000000AB
:20E3720000000000000000000000000000000000000000000000000000000000000000008B
:20E3920000000000000000000000000000000000000000000000000000000000000000006B
:20E3B20000000000000000000000000000000000000000000000000000000000000000004B
:20E3D20000000000000000000000000000000000000000000000000000000000000000002B
:20E3F20000000000000000000000000000000000000000000000000000000000000000000B
:20E412000000000000000000000000000000000000000000000000000000000000000000EA
:20E432000000000000000000000000000000000000000000000000000000000000000000CA
:20E452000000000000000000000000000000000000000000000000000000000000000000AA
:20E4720000000000000000000000000000000000000000000000000000000000000000008A
:20E4920000000000000000000000000000000000000000000000000000000000000000006A
:20E4B20000000000000000000000000000000000000000000000000000000000000000004A
:20E4D20000000000000000000000000000000000000000000000000000000000000000002A
:20E4F20000000000000000000000000000000000000000000000000000000000000000000A
:20E512000000000000000000000000000000000000000000000000000000000000000000E9
:20E532000000000000000000000000000000000000000000000000000000000000000000C9
:20E552000000000000000000000000000000000000000000000000000000000000000000A9
:20E57200000000000000000000000000000000000000000000000000000000000000000089
:20E59200000000000000000000000000000000000000000000000000000000000000000069
:20E5B200000000000000000000000000000000000000000000000000000000000000000049
:20E5D200000000000000000000000000000000000000000000000000000000000000000029
:20E5F200000000000000000000000000000000000000000000000000000000000000000009
:20E612000000000000000000000000000000000000000000000000000000000000000000E8
:20E632000000000000000000000000000000000000000000000000000000000000000000C8
:20E652000000000000000000000000000000000000000000000000000000000000000000A8
:20E67200000000000000000000000000000000000000000000000000000000000000000088
:20E69200000000000000000000000000000000000000000000000000000000000000000068
:20E6B200000000000000000000000000000000000000000000000000000000000000000048
:20E6D200000000000000000000000000000000000000000000000000000000000000000028
:20E6F200000000000000000000000000000000000000000000000000000000000000000008
:20E712000000000000000000000000000000000000000000000000000000000000000000E7
:20E732000000000000000000000000000000000000000000000000000000000000000000C7
:20E752000000000000000000000000000000000000000000000000000000000000000000A7
:20E77200000000000000000000000000000000000000000000000000000000000000000087
:20E79200000000000000000000000000000000000000000000000000000000000000000067
:20E7B200000000000000000000000000000000000000000000000000000000000000000047
:20E7D200000000000000000000000000000000000000000000000000000000000000000027
:20E7F200000000000000000000000000000000000000000000000000000000000000000007
:20E812000000000000000000000000000000000000000000000000000000000000000000E6
:20E832000000000000000000000000000000000000000000000000000000000000000000C6
:20E852000000000000000000000000000000000000000000000000000000000000000000A6
:20E87200000000000000000000000000000000000000000000000000000000000000000086
:20E89200000000000000000000000000000000000000000000000000000000000000000066
:20E8B200000000000000000000000000000000000000000000000000000000000000000046
:20E8D200000000000000000000000000000000000000000000000000000000000000000026
:20E8F200000000000000000000000000000000000000000000000000000000000000000006
:20E912000000000000000000000000000000000000000000000000000000000000000000E5
:20E932000000000000000000000000000000000000000000000000000000000000000000C5
:20E952000000000000000000000000000000000000000000000000000000000000000000A5
:20E97200000000000000000000000000000000000000000000000000000000000000000085
:20E99200000000000000000000000000000000000000000000000000000000000000000065
:20E9B200000000000000000000000000000000000000000000000000000000000000000045
:20E9D200000000000000000000000000000000000000000000000000000000000000000025
:20E9F200000000000000000000000000000000000000000000000000000000000000000005
:20EA12000000000000000000000000000000000000000000000000000000000000000000E4
:20EA32000000000000000000000000000000000000000000000000000000000000000000C4
:20EA52000000000000000000000000000000000000000000000000000000000000000000A4
:20EA7200000000000000000000000000000000000000000000000000000000000000000084
:20EA9200000000000000000000000000000000000000000000000000000000000000000064
:20EAB200000000000000000000000000000000000000000000000000000000000000000044
:20EAD200000000000000000000000000000000000000000000000000000000000000000024
:20EAF200000000000000000000000000000000000000000000000000000000000000000004
:20EB12000000000000000000000000000000000000000000000000000000000000000000E3
:20EB32000000000000000000000000000000000000000000000000000000000000000000C3
:20EB52000000000000000000000000000000000000000000000000000000000000000000A3
:20EB7200000000000000000000000000000000000000000000000000000000000000000083
:20EB9200000000000000000000000000000000000000000000000000000000000000000063
:20EBB200000000000000000000000000000000000000000000000000000000000000000043
:20EBD200000000000000000000000000000000000000000000000000000000000000000023
:20EBF200000000000000000000000000000000000000000000000000000000000000000003
:20EC12000000000000000000000000000000000000000000000000000000000000000000E2
:20EC32000000000000000000000000000000000000000000000000000000000000000000C2
:20EC52000000000000000000000000000000000000000000000000000000000000000000A2
:20EC7200000000000000000000000000000000000000000000000000000000000000000082
:20EC9200000000000000000000000000000000000000000000000000000000000000000062
:20ECB200000000000000000000000000000000000000000000000000000000000000000042
:20ECD200000000000000000000000000000000000000000000000000000000000000000022
:20ECF200000000000000000000000000000000000000000000000000000000000000000002
:20ED12000000000000000000000000000000000000000000000000000000000000000000E1
:20ED32000000000000000000000000000000000000000000000000000000000000000000C1
:20ED52000000000000000000000000000000000000000000000000000000000000000000A1
:20ED7200000000000000000000000000000000000000000000000000000000000000000081
:20ED9200000000000000000000000000000000000000000000000000000000000000000061
:20EDB200000000000000000000000000000000000000000000000000000000000000000041
:20EDD200000000000000000000000000000000000000000000000000000000000000000021
:20EDF200000000000000000000000000000000000000000000000000000000000000000001
:20EE12000000000000000000000000000000000000000000000000000000000000000000E0
:20EE32000000000000000000000000000000000000000000000000000000000000000000C0
:20EE52000000000000000000000000000000000000000000000000000000000000000000A0
:20EE7200000000000000000000000000000000000000000000000000000000000000000080
:20EE9200000000000000000000000000000000000000000000000000000000000000000060
:20EEB200000000000000000000000000000000000000000000000000000000000000000040
:20EED200000000000000000000000000000000000000000000000000000000000000000020
:20EEF200000000000000000000000000000000000000000000000000000000000000000000
:20EF12000000000000000000000000000000000000000000000000000000000000000000DF
:20EF32000000000000000000000000000000000000000000000000000000000000000000BF
:20EF520000000000000000000000000000000000000000000000000000000000000000009F
:20EF720000000000000000000000000000000000000000000000000000000000000000007F
:20EF920000000000000000000000000000000000000000000000000000000000000000005F
:20EFB20000000000000000000000000000000000000000000000000000000000000000003F
:20EFD20000000000000000000000000000000000000000000000000000000000000000001F
:20EFF2000000000000000000000000000000000000000000000000000000000000000000FF
:20F012000000000000000000000000000000000000000000000000000000000000000000DE
:20F032000000000000000000000000000000000000000000000000000000000000000000BE
:20F0520000000000000000000000000000000000000000000000000000000000000000009E
:20F0720000000000000000000000000000000000000000000000000000000000000000007E
:20F0920000000000000000000000000000000000000000000000000000000000000000005E
:20F0B20000000000000000000000000000000000000000000000000000000000000000003E
:20F0D20000000000000000000000000000000000000000000000000000000000000000001E
:20F0F2000000000000000000000000000000000000000000000000000000000000000000FE
:20F112000000000000000000000000000000000000000000000000000000000000000000DD
:20F132000000000000000000000000000000000000000000000000000000000000000000BD
:20F1520000000000000000000000000000000000000000000000000000000000000000009D
:20F1720000000000000000000000000000000000000000000000000000000000000000007D
:20F1920000000000000000000000000000000000000000000000000000000000000000005D
:20F1B20000000000000000000000000000000000000000000000000000000000000000003D
:20F1D20000000000000000000000000000000000000000000000000000000000000000001D
:20F1F2000000000000000000000000000000000000000000000000000000000000000000FD
:20F212000000000000000000000000000000000000000000000000000000000000000000DC
:20F232000000000000000000000000000000000000000000000000000000000000000000BC
:20F2520000000000000000000000000000000000000000000000000000000000000000009C
:20F2720000000000000000000000000000000000000000000000000000000000000000007C
:20F2920000000000000000000000000000000000000000000000000000000000000000005C
:20F2B20000000000000000000000000000000000000000000000000000000000000000003C
:20F2D20000000000000000000000000000000000000000000000000000000000000000001C
:20F2F2000000000000000000000000000000000000000000000000000000000000000000FC
:20F312000000000000000000000000000000000000000000000000000000000000000000DB
:20F332000000000000000000000000000000000000000000000000000000000000000000BB
:20F3520000000000000000000000000000000000000000000000000000000000000000009B
:20F3720000000000000000000000000000000000000000000000000000000000000000007B
:20F3920000000000000000000000000000000000000000000000000000000000000000005B
:20F3B20000000000000000000000000000000000000000000000000000000000000000003B
:20F3D20000000000000000000000000000000000000000000000000000000000000000001B
:20F3F2000000000000000000000000000000000000000000000000000000000000000000FB
:20F412000000000000000000000000000000000000000000000000000000000000000000DA
:20F432000000000000000000000000000000000000000000000000000000000000000000BA
:20F4520000000000000000000000000000000000000000000000000000000000000000009A
:20F4720000000000000000000000000000000000000000000000000000000000000000007A
:20F4920000000000000000000000000000000000000000000000000000000000000000005A
:20F4B20000000000000000000000000000000000000000000000000000000000000000003A
:20F4D20000000000000000000000000000000000000000000000000000000000000000001A
:20F4F2000000000000000000000000000000000000000000000000000000000000000000FA
:20F512000000000000000000000000000000000000000000000000000000000000000000D9
:20F532000000000000000000000000000000000000000000000000000000000000000000B9
:20F55200000000000000000000000000000000000000000000000000000000000000000099
:20F57200000000000000000000000000000000000000000000000000000000000000000079
:20F59200000000000000000000000000000000000000000000000000000000000000000059
:20F5B200000000000000000000000000000000000000000000000000000000000000000039
:20F5D200000000000000000000000000000000000000000000000000000000000000000019
:20F5F2000000000000000000000000000000000000000000000000000000000000000000F9
:20F612000000000000000000000000000000000000000000000000000000000000000000D8
:20F632000000000000000000000000000000000000000000000000000000000000000000B8
:20F65200000000000000000000000000000000000000000000000000000000000000000098
:20F67200000000000000000000000000000000000000000000000000000000000000000078
:20F69200000000000000000000000000000000000000000000000000000000000000000058
:20F6B200000000000000000000000000000000000000000000000000000000000000000038
:20F6D200000000000000000000000000000000000000000000000000000000000000000018
:20F6F2000000000000000000000000000000000000000000000000000000000000000000F8
:20F712000000000000000000000000000000000000000000000000000000000000000000D7
:20F732000000000000000000000000000000000000000000000000000000000000000000B7
:20F75200000000000000000000000000000000000000000000000000000000000000000097
:20F77200000000000000000000000000000000000000000000000000000000000000000077
:20F79200000000000000000000000000000000000000000000000000000000000000000057
:20F7B200000000000000000000000000000000000000000000000000000000000000000037
:20F7D200000000000000000000000000000000000000000000000000000000000000000017
:20F7F2000000000000000000000000000000000000000000000000000000000000000000F7
:20F812000000000000000000000000000000000000000000000000000000000000000000D6
:20F832000000000000000000000000000000000000000000000000000000000000000000B6
:20F85200000000000000000000000000000000000000000000000000000000000000000096
:20F87200000000000000000000000000000000000000000000000000000000000000000076
:20F89200000000000000000000000000000000000000000000000000000000000000000056
:20F8B200000000000000000000000000000000000000000000000000000000000000000036
:20F8D200000000000000000000000000000000000000000000000000000000000000000016
:20F8F2000000000000000000000000000000000000000000000000000000000000000000F6
:20F912000000000000000000000000000000000000000000000000000000000000000000D5
:20F932000000000000000000000000000000000000000000000000000000000000000000B5
:20F95200000000000000000000000000000000000000000000000000000000000000000095
:20F97200000000000000000000000000000000000000000000000000000000000000000075
:20F99200000000000000000000000000000000000000000000000000000000000000000055
:20F9B200000000000000000000000000000000000000000000000000000000000000000035
:20F9D200000000000000000000000000000000000000000000000000000000000000000015
:20F9F2000000000000000000000000000000000000000000000000000000000000000000F5
:20FA12000000000000000000000000000000000000000000000000000000000000000000D4
:20FA32000000000000000000000000000000000000000000000000000000000000000000B4
:20FA5200000000000000000000000000000000000000000000000000000000000000000094
:20FA7200000000000000000000000000000000000000000000000000000000000000000074
:20FA9200000000000000000000000000000000000000000000000000000000000000000054
:20FAB200000000000000000000000000000000000000000000000000000000000000000034
:20FAD200000000000000000000000000000000000000000000000000000000000000000014
:20FAF2000000000000000000000000000000000000000000000000000000000000000000F4
:20FB12000000000000000000000000000000000000000000000000000000000000000000D3
:20FB32000000000000000000000000000000000000000000000000000000000000000000B3
:20FB5200000000000000000000000000000000000000000000000000000000000000000093
:20FB7200000000000000000000000000000000000000000000000000000000000000000073
:20FB9200000000000000000000000000000000000000000000000000000000000000000053
:20FBB200000000000000000000000000000000000000000000000000000000000000000033
:20FBD200000000000000000000000000000000000000000000000000000000000000000013
:0AFBF2000000000000000000000009
:02FBFC00E9021C
:02FBFE0096DB94
:00000001FF
